iteration,edge_v0,edge_v1,incidence,kept_face_0,kept_face_1,rejected_faces,kept_visibility_hits,rejected_visibility_hits,pair_abs_normal_dot
0,1060,1089,3,2237,2274,2272,0,0,0.5501936041228149
0,1089,1094,3,2332,2275,2334,0,0,0.9827216137306031
0,1093,1097,4,2346,2345,2339;2349,0,0,0.9958676395740361
0,1685,1686,3,3530,3532,3522,0,0,0.9997544089342879
0,1685,1689,3,3528,3531,3521,0,0,0.9998122226900705
0,1689,1691,3,3540,3529,3538,0,0,0.9999593893803308
0,1691,1692,3,3541,3545,3535,0,0,0.9990835576829576
0,1872,1873,3,3902,3904,3895,0,0,0.9999612560774366
0,1872,1986,3,3900,3903,3899,2,0,0.999869981548578
0,1986,1987,3,4130,3903,4132,2,0,0.9984398425388198
0,2153,2155,3,4468,4465,4393,0,0,0.9929928162392213
0,2153,2157,3,4459,4466,4464,0,0,0.9947535238940931
0,2155,2156,3,4470,4469,4395,0,0,0.9934008172681493
0,2157,2158,3,4474,4467,4476,0,0,0.9975877557982561
0,2499,2501,3,5170,5173,5163,0,0,0.9029723911787794
0,2499,10217,3,5172,5174,5165,0,0,0.7429482118727102
0,2738,2740,3,5629,5653,5656,0,0,0.9999170790838192
0,2738,2742,3,5652,5643,5654,0,0,0.9996952046427586
0,2740,2741,3,5660,5631,5657,0,0,0.9999968616111103
0,2741,2745,3,5662,5661,5659,0,0,0.9999825520079307
0,2742,2743,3,5649,5664,5655,0,0,0.9996832903800533
0,2743,2745,3,5665,5666,5658,0,0,0.999831481789728
0,3616,3618,3,7524,7512,7523,2,0,0.9993740660926577
0,3616,3623,3,7457,7524,7515,1,0,0.9999461637713016
0,3619,3621,3,7526,7529,7511,0,0,0.9953785932740071
0,3619,3623,3,7528,7514,7531,0,0,0.9959271762056047
0,4267,4293,3,8836,8827,8838,1,0,0.9579089177669934
0,4292,4293,3,8837,8900,8908,0,0,0.9613927300884212
0,4862,4863,3,10045,10052,10050,1,0,0.9995378307287901
0,4862,4866,3,10052,10048,10043,0,0,0.9998066462508904
0,4866,4868,3,10060,10054,10058,0,0,0.9999831004932992
0,4868,4869,3,10060,10065,10062,1,0,0.999585615389821
0,5254,5264,3,10827,10830,10828,0,0,0.9999851797509596
0,5254,5270,3,10824,10829,10832,0,0,0.9999730538994962
0,5264,5265,3,10849,10831,10852,0,0,0.9999585738683014
0,5265,5281,3,10853,10854,10834,0,0,0.9999983002335291
0,5270,5271,3,10833,10867,10864,1,0,0.999452722849455
0,5271,5281,3,10868,10865,10835,1,0,0.9995447644209233
0,6338,6344,3,13082,13077,13086,0,0,0.9998998312312685
0,6338,6350,3,13079,13084,13087,1,1,0.9999999053888855
0,6342,6344,3,13100,13083,13097,0,0,0.9999999957623783
0,6342,6354,3,13080,13098,13096,2,0,0.9998604182301477
0,6348,6350,3,13078,13113,13116,1,0,0.9999656898168189
0,6348,6354,3,13114,13081,13117,0,0,0.9999960698158853
0,6453,6466,3,13311,13316,13314,2,0,0.9985294172140737
0,6453,6480,3,13316,13312,13309,2,0,0.9963100188416107
0,6464,6466,4,13348,13310,13343;13345,1,0,0.9938241937101888
0,6465,6466,3,13315,13343,13350,0,0,0.9980383769247901
0,6465,6469,3,13334,13341,13350,0,0,0.38191251719508507
0,6467,6469,3,13340,13339,13354,0,0,0.42908024520597465
0,6478,6480,3,13313,13373,13378,1,0,0.9948276687121721
0,6487,6495,3,13387,13389,13394,0,0,0.9851316297554891
0,6493,6495,3,13386,13403,13406,2,1,0.9892390443978367
0,6493,6677,3,13385,13406,13404,2,0,0.9986332839425145
0,6643,6704,3,13702,13701,13699,0,0,0.9999035850897227
0,6667,6677,3,13384,13737,13739,0,0,0.5323994479266042
0,6674,6680,3,13751,13757,13749,0,0,0.9477594112807947
0,6674,6687,3,13756,13747,13759,1,0,0.8356271121952266
0,6704,6705,3,13804,13703,13799,0,0,0.9998874963453259
0,6705,6706,3,13808,13806,13800,1,0,0.9999750717296759
0,6706,6760,3,13810,13809,13803,0,0,0.999861650655344
0,6745,6747,3,13888,13790,13891,0,0,0.9936579117856328
0,6747,6755,3,13889,13894,13896,0,0,0.9994139402018546
0,6926,6939,3,14254,14256,14253,0,0,0.9858296825354192
0,6939,6973,3,14282,14254,14280,0,0,0.9899285100892264
0,6975,6990,3,14354,14356,14352,0,0,0.8923183722871365
0,6990,6992,3,14380,14354,14379,0,0,0.9124857059675165
0,7259,7261,3,15006,15003,15001,2,1,0.9998569500118712
0,7259,7263,3,15002,15005,14998,1,1,0.9996559571061101
0,7260,7261,3,15008,15010,15001,2,1,0.9998087471277857
0,7260,7264,3,14936,15009,14997,2,0,0.9987620914527754
0,7423,7425,3,15327,15335,15336,0,0,0.8336468978283523
0,7424,7425,3,15334,15333,15342,0,0,0.830579015159036
0,7564,7571,3,15626,15621,15629,0,0,0.999992960315638
0,7564,7576,3,15619,15625,15628,3,2,0.9991688759274835
0,7567,7571,3,15636,15631,15620,2,0,0.9987244302647927
0,7567,7579,3,15454,15636,15623,1,0,0.9999899283033371
0,7572,7576,3,15640,15619,15643,2,0,0.9989399306264367
0,7572,7579,3,15622,15645,15642,1,1,0.9993922705177422
0,7815,7819,3,16009,16013,16010,2,0,0.997605748308983
0,7817,7819,3,16008,16017,16018,0,0,0.9997196226383556
0,7828,7832,4,16042,16038,16033;16044,0,0,0.9999690169564622
0,7869,7872,4,16122,16080,16037;16124,0,0,0.999999468072337
0,8030,8031,3,16444,16455,16452,2,0,0.9993043391345922
0,8030,8039,3,16441,16451,16454,1,0,0.9994817270915848
0,8031,8044,3,16453,16447,16456,2,1,0.9999972002787957
0,8039,8045,3,16472,16451,16474,0,0,0.9993799239412137
0,8044,8046,3,16482,16481,16456,1,1,0.9999009338387632
0,8045,8046,3,16480,16485,16475,0,0,0.9999874533555901
0,8657,8663,3,17737,17750,17748,0,0,0.9999607102718316
0,8657,8669,3,17746,17735,17749,1,1,0.9999988901548356
0,8663,8664,3,17754,17751,17762,0,0,0.9990830962792266
0,8664,8674,3,17764,17763,17752,0,0,0.9999270250593768
0,8669,8670,3,17776,17775,17747,1,0,0.9895511774783536
0,8670,8674,3,17777,17780,17753,0,0,0.9998309196419435
0,8812,8815,3,18038,17856,18037,0,0,0.7362197935962642
0,8815,8816,3,18044,18042,17862,0,0,0.9531400628857991
0,8816,8822,3,18046,18044,18048,0,0,0.8095002031966197
0,9077,9078,3,18550,18556,18560,1,1,0.9999489469542283
0,9077,9091,3,18556,18547,18558,2,0,0.9993735169788044
0,9078,9080,3,18561,18564,18562,2,0,0.9986392921513891
0,9080,9094,3,18568,18567,18562,0,0,0.9997345486542395
0,9085,9089,3,18575,18580,18578,0,0,0.9999035269638303
0,9089,9090,3,18583,18581,18586,0,0,0.9999997613146703
0,9091,9093,3,18572,18593,18559,0,0,0.9995765470778142
0,9093,9094,3,18593,18595,18566,1,0,0.9999758924081894
0,9603,9607,3,19689,19699,19701,1,0,0.9998098320217076
0,9603,9669,3,19696,19693,19700,1,0,0.9999428539369452
0,9606,9607,3,19712,19715,19698,0,0,0.9999918025160164
0,9606,9674,3,19710,19713,19695,0,0,0.9999488292328877
0,9668,9669,3,19825,19828,19697,0,0,0.9999482175313199
0,9668,9674,3,19694,19826,19828,0,0,0.9999925936169
0,9888,9894,3,20247,20252,20250,0,0,0.9999338718149836
0,9888,9956,3,20248,20245,20251,1,1,0.9999178920758554
0,9894,9898,3,20268,20253,20267,0,0,0.9974179370075281
0,9898,9967,3,20270,20275,20267,0,0,0.9995299159042832
0,9905,9909,4,20294,20292,20287;20296,0,0,0.9854540091183714
0,9956,9961,3,20249,20380,20382,0,0,0.9993254410264033
0,9961,9967,3,20271,20390,20383,0,0,0.9999860822521202
0,9963,9964,3,20387,20398,20396,0,0,0.9992460228333293
0,9963,9973,3,20394,20385,20397,0,0,0.9999906175864618
0,9964,9966,3,20388,20399,20400,1,0,0.998825165832064
0,9966,9976,3,20404,20402,20401,0,0,0.9984541838874194
0,9973,9975,3,20395,20417,20418,0,0,0.9998765345168577
0,9975,9976,3,20419,20422,20403,0,0,0.9995912893579114
0,10105,10127,3,20689,20669,20693,1,0,0.8807603380822266
0,10119,10127,3,20669,20719,20720,0,0,0.9010458048940705
0,10119,12041,3,20671,20717,20721,0,0,0.9261768103381222
0,10725,10733,3,21876,19011,21875,0,0,0.9983205705701509
0,10726,10734,3,21878,21880,21873,0,0,0.9941323279584017
0,10733,10735,3,21877,21891,21892,0,0,0.999610646894255
0,10734,10735,3,21881,21894,21891,0,0,0.9944274921866778
0,10805,10807,3,22034,22041,22038,1,0,0.999977457932477
0,10805,10862,3,22040,22032,22037,3,0,0.9999992641146507
0,10807,10816,3,22044,22043,22038,1,0,0.9998229797037058
0,10816,10871,3,22059,22062,22045,1,1,0.9998733086776013
0,10862,10869,3,22154,22037,22156,1,0,0.9995285037963281
0,10869,10871,3,22059,22168,22157,1,0,0.9999179372291782
0,11528,11535,3,23605,23597,23611,0,0,0.9999953432059774
0,11528,11585,3,23594,23609,23610,0,0,0.9997568395783201
0,11529,11535,3,23614,23617,23597,0,0,0.9998963702432978
0,11529,11586,3,23612,23614,23593,1,0,0.9996103827568805
0,11561,11563,3,23672,23675,23667,1,0,0.9999483396318587
0,11561,11565,3,23674,23677,23670,0,0,0.9998021331023039
0,11562,11563,3,23666,23678,23680,0,0,0.9999814190721148
0,11562,11566,3,23620,23681,23669,0,0,0.9999495923321328
0,11564,11565,3,23641,23671,23685,0,0,0.9999640468966641
0,11564,11566,3,23684,23627,23668,0,0,0.999912213850482
0,11579,11585,3,23704,23708,23595,3,0,0.9997532077552769
0,11579,11586,3,23592,23706,23708,2,2,0.9999243295979212
0,11968,11970,3,24458,24461,24453,1,0,0.9963438771108292
0,11968,11984,3,24460,24437,24456,1,0,0.9954746611003998
0,11969,11970,3,24466,24462,24452,2,1,0.9940102635680294
0,11969,11985,3,24464,24467,24455,0,0,0.9942813214148074
0,12016,12041,3,20670,24545,24550,0,0,0.9435075250501533
0,12523,12622,3,25508,25510,25505,0,0,0.9214383508796553
0,12540,12561,3,25523,25548,25552,0,0,0.9667668067779043
0,12546,12549,3,25564,25563,25566,0,0,0.9724465743867484
0,12549,12555,3,25571,25572,25567,0,0,0.9968814363862775
0,12552,12556,4,25575,25583,25580;25576,0,0,0.983672390978723
0,12552,12561,3,25522,25580,25579,0,0,0.9294101407996943
0,12553,12768,3,25569,25587,25584,0,0,0.8548249460077998
0,12555,12770,3,25592,25585,25595,0,0,0.996801914213108
0,12556,12571,3,25583,25590,25598,0,0,0.9853543097237504
0,12556,12771,3,25594,25599,25596,0,0,0.9574436112273798
0,12560,12562,3,25547,25606,25603,0,0,0.9245766938023608
0,12562,12566,3,25610,25613,25607,0,0,0.9301774842098118
0,12563,12567,3,25612,25615,25609,0,0,0.8201336486074605
0,12564,12776,3,25616,25619,25593,0,0,0.5636607113257779
0,12565,12777,3,25618,25597,25620,0,0,0.6497709833390203
0,12566,12567,3,25622,25613,25624,0,0,0.9971714909338101
0,12567,12573,3,25626,25628,25615,0,0,0.9515920137486217
0,12567,12779,3,25623,25626,25621,0,0,0.9866718833968741
0,12585,12616,3,25658,25651,25557,0,0,0.9776703598577398
0,12589,12591,3,25663,25665,25666,1,0,0.9618604080527635
0,12597,14775,3,25492,25681,25673,0,0,0.729368136820299
0,12600,14778,3,25688,25680,25679,0,0,0.6842848074832556
0,12620,12621,3,25728,25501,25714,0,0,0.8814049349883559
0,12621,12624,3,25728,25717,25730,0,0,0.9997536133507315
0,12622,12627,3,25736,25511,25732,0,0,0.9889664839262048
0,12631,12635,4,25750,25749,25701;25753,0,0,0.9994995757359995
0,12633,12635,4,25760,25705,25748;25757,0,0,0.9897017954705836
0,12633,12816,3,25756,25633,25758,0,0,0.99918081176765
0,12639,12640,3,25772,25739,25774,0,0,0.8178650793277391
0,12642,12647,3,25780,25783,25743,0,0,0.9978241103431588
0,12642,14825,3,25782,25741,25779,0,0,0.9960839459431864
0,12647,12650,3,25792,25780,25791,0,0,0.9987450019172418
0,12648,12650,3,25796,25791,25789,0,0,0.9930883880679888
0,12648,12832,3,25771,25794,25786,0,0,0.9669410873920806
0,12691,12768,3,25873,25881,25882,0,0,0.884439326311739
0,12768,12769,3,25587,25882,26036,0,0,0.9987321219154254
0,12769,12773,3,25885,26039,26037,0,0,0.9448928432679319
0,12771,12775,3,26044,26047,26042,0,0,0.7639937356745762
0,12771,12777,3,25597,26044,26048,0,0,0.9632614356212793
0,12771,12798,3,26046,26049,25599,0,0,0.65578877134262
0,12776,12780,3,26058,26060,26041,0,0,0.7159134478733717
0,12777,12779,3,25621,26063,26066,0,0,0.9960712571142522
0,12777,12781,4,26061,26065,26062;26045,0,0,0.9637952395917562
0,12777,12801,3,26064,26048,26066,0,0,0.5523893014260594
0,12779,12783,3,26063,26070,26069,0,0,0.9319000565170463
0,12779,12802,3,26067,25627,26070,0,0,0.8529837660355707
0,12780,12781,3,26072,26061,26074,0,0,0.9699602302493644
0,12781,12783,3,26062,26077,26075,0,0,0.95562047970101
0,12781,12792,3,26076,26072,26079,0,0,0.9996187565716994
0,12786,12787,3,26090,26055,26082,0,0,0.9998008123408724
0,12787,12790,3,26090,26085,26093,0,0,0.9525855013433755
0,12790,12862,3,26100,26095,26103,0,0,0.9933666142346651
0,12792,12795,3,26106,26105,26108,0,0,0.9849046292271892
0,12795,12867,3,26114,26113,26117,1,0,0.9331424894553549
0,12804,12811,4,26128,26130,26081;26127,0,0,0.9999868580853378
0,12804,12820,3,26124,26129,26132,0,0,0.9999905248121241
0,12806,12808,3,26136,25929,26086,0,0,0.7141635603095033
0,12808,12882,3,26138,26096,25931,0,0,0.861964586371419
0,12811,12814,4,26142,26144,26110;26141,0,0,0.9999988778599109
0,12814,12888,4,26118,26153,26150;26149,0,0,0.9995267789492731
0,12816,12820,3,26125,26158,26156,0,0,0.999209923428622
0,12819,12823,4,26162,26168,26166;26161,0,0,0.9938116683344508
0,12837,12855,3,26191,26202,26204,0,0,0.8642782061069733
0,12841,12845,4,26147,26217,26214;26211,0,0,0.9994881462653057
0,12845,12908,4,26155,26222,26224;26227,0,0,0.9999514069661519
0,12848,12851,4,26231,26235,26232;26219,0,0,0.9999865544956222
0,12851,12915,4,26228,26239,26240;26242,0,0,0.9996048239561561
0,12855,12858,3,26248,26237,26246,0,0,0.908925452582824
0,12858,12922,3,26254,26245,26252,0,0,0.9116051686795682
0,12867,12870,3,26276,26279,26275,0,0,0.9610486133340796
0,12870,12878,3,26284,26287,26283,0,0,0.9466833982494178
0,12874,12876,3,26291,26298,26296,2,1,0.8374171357046208
0,12876,12898,3,26304,26299,26300,1,1,0.9929777071992956
0,12878,12880,3,26306,26309,26297,0,0,0.7667125443787627
0,12880,13036,3,26312,26303,26315,1,0,0.8142498280871667
0,12882,12884,3,26318,26260,26029,0,0,0.9475557934067778
0,12884,12893,4,26031,26324,26322;26268,0,0,0.9270680629271644
0,12887,12890,3,26326,26278,26321,0,0,0.8551799159198314
0,12888,12891,4,26328,26280,26327;26330,0,0,0.9999714050249875
0,12891,12901,4,26288,26339,26336;26335,0,0,0.9999795064657779
0,12893,12896,4,26033,26344,26342;26292,0,0,0.9343693144515258
0,12895,12898,3,26346,26343,26299,0,0,0.9434857254658666
0,12896,12897,3,26348,26345,26351,0,0,0.9999507023716953
0,12896,12898,3,26350,26301,26343,0,0,0.9969628844736865
0,12898,12899,3,26350,26357,26354,0,0,0.7730469609679558
0,12900,12903,3,26358,26347,26308,0,0,0.7958569808219853
0,12901,12905,4,26360,26310,26359;26362,0,0,0.9999406423972265
0,12903,12904,3,26356,26369,26366,0,0,0.7611831236343801
0,12908,12911,4,26374,26378,26376;26333,0,0,0.9998943518197604
0,12911,12928,4,26341,26386,26384;26382,0,0,0.9999440779771913
0,12919,12935,3,26388,26406,26404,0,0,0.998972528762518
0,12920,12936,3,26408,26403,26407,0,0,0.9446010799805795
0,12922,12925,3,26412,26399,26411,0,0,0.9554487609013151
0,12925,12942,3,26418,26409,26417,0,0,0.955771650448249
0,12928,12931,4,26423,26426,26424;26365,0,0,0.9987242686514574
0,12931,13090,4,26432,26373,26431;26434,0,0,0.999520312124258
0,12936,12940,3,26441,26443,26444,0,0,0.9523544564363983
0,12940,13099,3,26452,26449,26451,0,0,0.9602102253174962
0,13053,13065,3,26684,26679,26683,0,0,0.990956846111625
0,13056,13060,3,26688,26644,26690,0,0,0.9850045311021459
0,13058,13070,3,26649,26681,26695,2,0,0.985442924783788
0,13059,13071,3,26696,26685,26694,0,0,0.9916546238654823
0,13065,13069,3,26708,26703,26706,0,0,0.9432920093279754
0,13068,13069,3,26714,26713,26707,0,0,0.9969132915833271
0,13070,13074,3,26661,26705,26718,2,0,0.9999970587737873
0,13071,13075,3,26720,26709,26719,0,0,0.9583667243653251
0,13075,13154,3,26717,26726,26725,0,0,0.9994883119840793
0,13076,13155,3,26669,26731,26723,1,0,0.5970862832148218
0,13077,13156,3,26732,26734,26730,0,0,0.7715223559656187
0,13082,13084,3,26744,26741,26746,1,0,0.9931753575849843
0,13082,13110,3,26743,26748,26746,0,0,0.9436677326804678
0,13084,13086,3,26745,26753,26754,0,0,0.9092732275452138
0,13086,13121,3,26755,26760,26757,0,0,0.9982962742135286
0,13090,13093,4,26772,26693,26770;26774,0,0,0.9999933827959058
0,13098,13099,3,26792,26451,26791,0,0,0.9851636651914877
0,13098,13101,3,26789,26793,26776,0,0,0.9899958147833791
0,13101,13102,3,26800,26793,26802,0,0,0.9999888104386836
0,13101,13116,4,26797,26801,26798;26787,0,0,0.9840281840667584
0,13102,13106,3,26795,26804,26803,0,0,0.9799857981560549
0,13106,13126,3,26812,26805,26811,0,0,0.914357623246881
0,13110,13111,3,26822,26785,26825,0,0,0.9090509039345617
0,13110,13113,3,26820,26747,26822,0,0,0.9998322190157672
0,13110,13119,3,26824,26749,26820,0,0,0.9973181895906155
0,13111,13114,3,26817,26823,26827,0,0,0.4310545216406211
0,13111,13116,4,26826,26787,26819;26829,0,0,0.9954706064995604
0,13113,13121,3,26821,26755,26830,0,0,0.9629147609507613
0,13116,13125,4,26799,26834,26836;26829,0,0,0.9956244912047797
0,13119,13121,3,26756,26838,26821,0,0,0.9960166637907182
0,13121,13122,3,26830,26843,26839,0,0,0.999369320544621
0,13122,13129,3,26833,26845,26841,0,0,0.9970445618120575
0,13125,13126,3,26850,26837,26811,0,0,0.9834448492976147
0,13125,13129,3,26835,26851,26841,0,0,0.9732509246236379
0,13129,13131,3,26858,26856,26845,0,0,0.9235540936973579
0,13131,15291,3,26862,26861,26849,0,0,0.9770950931327368
0,13154,13161,3,26727,26912,26910,0,0,0.6395602613843208
0,13155,13189,3,26877,26914,26916,2,0,0.996319212987985
0,13156,13162,3,26913,26919,26735,0,0,0.9826799713496477
0,13156,13190,3,26918,26733,26917,0,0,0.7755915706022941
0,13161,13162,3,26736,26913,26929,0,0,0.8142810871484395
0,13187,13221,3,26974,26978,26976,0,0,0.9991772975955403
0,13189,13192,3,26949,26915,26983,1,0,0.9922455295360343
0,13190,13193,3,26982,26986,26984,0,0,0.7112090281133112
0,13190,13196,3,26918,26988,26986,0,0,0.9310065311029398
0,13191,13197,3,26989,26993,26990,0,0,0.998526260153019
0,13192,13194,3,26953,26994,26996,0,0,0.9756008075320033
0,13193,13195,3,26998,26997,26985,0,0,0.8262074688193494
0,13194,13211,3,26957,26995,27000,0,0,0.9669672650260152
0,13195,13199,3,26998,27002,26991,0,0,0.9906888218949722
0,13196,13198,3,27004,26931,26987,0,0,0.9977884518080681
0,13197,13199,3,27006,27005,26991,0,0,0.9974828904312415
0,13198,13199,3,27004,27008,26999,0,0,0.9909734541744266
0,13199,13207,3,27006,27011,27003,0,0,0.9988897030037641
0,13204,13208,3,27018,27026,27024,0,0,0.9931515339635494
0,13204,13222,3,27021,27024,27022,0,0,0.72256536925799
0,13205,13206,3,26857,27029,27015,0,0,0.866210517613388
0,13206,15387,3,26860,27030,27017,0,0,0.8677987107416738
0,13207,13208,3,27028,27033,27019,0,0,0.9993313651576818
0,13215,13223,3,27050,27049,27039,0,0,0.8530717454396743
0,13223,13225,3,27062,27061,27053,0,0,0.8510694449189774
0,13225,15403,3,27066,26981,27065,0,0,0.9201191546544977
0,13399,13400,3,27406,27380,27409,0,0,0.9930323021518163
0,13400,13404,3,27407,27383,27410,0,0,0.9987743668404456
0,13404,13406,3,27417,27418,27410,0,0,0.9998641637396901
0,13405,13406,3,27416,27421,27415,1,0,0.9999452642148604
0,14509,14511,3,29710,29705,29713,0,0,0.9999732126179516
0,14509,14513,3,29708,29714,29712,0,0,0.9999746935568045
0,14510,14511,3,29704,29716,29718,1,1,0.9999995852295281
0,14510,14514,3,29549,29707,29719,1,1,0.9999837808120572
0,14512,14513,3,29603,29709,29723,0,0,0.9999848609058692
0,14512,14514,3,29555,29706,29722,1,0,0.9999992913489287
0,14719,14727,3,30069,30073,30076,2,1,0.9998776210253617
0,14719,14738,3,30070,30077,30074,0,0,0.9997614045632246
0,14727,14731,3,30092,30073,30094,3,1,0.9991879446790384
0,14731,14751,3,30095,30103,30100,1,1,0.9998009901433182
0,14738,14742,3,30075,30113,30116,2,1,0.9996698473750731
0,14742,14751,3,30117,30124,30101,1,1,0.9997429047533907
0,14763,14764,3,25507,30175,30172,0,0,0.9593791687095642
0,14763,14765,3,30174,30155,30171,0,0,0.8955758036057778
0,14772,14778,3,30181,30185,25678,0,0,0.9869210168027431
0,14774,14780,3,30190,30184,30192,0,0,0.9985685251395894
0,14775,14778,3,30194,25681,30180,0,0,0.9702839102949498
0,14778,14780,3,30200,30185,30194,0,0,0.9704171868204398
0,14780,14789,3,30196,30205,30193,0,0,0.9534461228389491
0,14780,14796,3,30204,30191,30206,0,0,0.9949645446992755
0,14781,14797,3,30208,30207,30203,0,0,0.9322900219056053
0,14796,14806,3,30204,30239,30240,0,0,0.9962240357333717
0,14797,14807,3,30242,30208,30241,0,0,0.9997294249653919
0,14806,14810,3,30262,30264,30249,0,0,0.051842464107804714
0,14807,14811,3,30266,30268,30265,1,0,0.9963415932535431
0,14809,14813,3,30272,30270,30267,0,0,0.12754788653672783
0,14810,14812,3,30274,30263,30255,0,1,0.273661711739967
0,14811,14813,3,30266,30276,30275,0,0,0.9828308880548718
0,14812,14813,3,30280,30271,30274,0,0,0.96974962034188
0,14824,14825,3,25779,30297,30291,0,0,0.9969171055064737
0,14837,14840,3,30318,30320,30317,0,0,0.8817678266174397
0,14840,14842,3,30319,30327,30325,0,0,0.99351143561912
0,14845,14989,3,30257,30337,30141,0,0,0.9902555111110446
0,14989,14990,4,30618,30620,30337;30542,2,0,0.9317445362207952
0,14989,14991,3,30620,30469,30616,1,1,0.8714911899114987
0,14990,14992,3,30338,30623,30621,0,0,0.9981764472422416
0,14990,14994,3,30622,30624,30619,0,0,0.4883776702447303
0,14991,14995,3,30475,30627,30617,0,0,0.3798602639661012
0,14992,14996,3,30628,30626,30623,0,0,0.9906995306713111
0,14995,15015,3,30481,30639,30633,0,0,0.6302256016752816
0,14996,15016,3,30640,30638,30642,0,0,0.9281540884236679
0,15001,15019,3,30648,30651,30637,0,0,0.9600643068109507
0,15003,15021,3,30643,30653,30649,0,0,0.8409353647744351
0,15015,15016,3,30676,30639,30670,1,0,0.9974655136768202
0,15016,15018,3,30677,30680,30678,1,0,0.9624828934802435
0,15016,15021,3,30680,30643,30672,0,0,0.942176420516794
0,15019,15021,3,30648,30689,30673,0,0,0.9774234910710708
0,15021,15025,3,30681,30693,30689,0,0,0.7350839268138212
0,15025,15079,3,30686,30697,30700,0,0,0.7812698975659408
0,15029,15085,3,30519,30683,30707,2,0,0.9796316857702256
0,15073,15076,3,30792,30791,30795,1,0,0.808229755644188
0,15079,15083,3,30794,30807,30810,0,0,0.7954114498840082
0,15081,15083,3,30806,30815,30801,0,0,0.9922122419442129
0,15081,15106,3,30798,30817,30814,0,0,0.9830989392297125
0,15085,15089,3,30822,30789,30825,0,0,0.9395816947715682
0,15086,15090,4,30826,30793,30824;30829,0,0,0.8402057786761576
0,15111,15306,3,30737,30868,30870,0,0,0.9056398865812996
0,15113,15308,3,30871,30874,30872,0,0,0.9725219435728406
0,15115,15119,3,30855,30881,30883,1,0,0.9048959975212916
0,15115,15121,3,30882,30837,30884,0,0,0.9991211068296857
0,15119,15314,3,30861,30889,30891,1,0,0.8962572731839792
0,15122,15126,3,30867,30896,30894,0,0,0.945703444540556
0,15126,15131,3,30904,30897,30877,0,0,0.9714342029473032
0,15139,15141,3,30920,30926,30930,1,0,0.9994101911425037
0,15139,15151,3,30928,30916,30931,1,0,0.9981353939007976
0,15141,15143,3,30934,30927,30936,2,0,0.9987775067563621
0,15151,15161,3,30929,30949,30952,0,0,0.9991873351926552
0,15262,15266,3,31176,31155,31179,2,1,0.888656543632962
0,15266,15269,3,31186,31177,31181,1,0,0.8580568069475653
0,15286,15291,3,26849,31222,31220,0,0,0.9933240455598054
0,15287,15293,3,31219,31227,31223,0,0,0.8497285258152847
0,15287,15297,3,31226,31217,31224,0,0,0.9865740668369903
0,15291,15293,3,31228,31232,31223,0,0,0.9808134517302819
0,15291,15387,3,31232,26861,31221,0,0,0.9312921951562376
0,15297,15391,3,31238,31240,31225,0,0,0.9987396721813423
0,15302,15304,3,31250,31247,31252,0,0,0.978087063489129
0,15304,15327,3,31256,31255,31258,0,0,0.9593689706632398
0,15308,15312,3,31261,31265,31262,0,0,0.9999915287284823
0,15311,15331,3,31272,31267,31259,0,0,0.9424898072923821
0,15323,15325,3,31278,31289,31287,0,0,0.985744846085892
0,15323,15342,3,31288,31291,31285,0,0,0.9051904270079709
0,15331,15335,3,31300,31299,31295,0,0,0.9588021002532169
0,15333,15411,3,31302,31191,31304,1,0,0.9908299357173924
0,15335,15413,3,31296,31303,31306,0,0,0.9789569243443136
0,15365,15369,3,31346,31345,31348,0,0,0.996244774422246
0,15365,15411,3,31191,31346,31350,1,0,0.998595840125307
0,15368,15370,3,31358,31355,31356,0,0,0.7091269554519118
0,15370,15377,3,31360,31357,31363,0,0,0.9665502641944649
0,15370,15396,3,31362,31359,31365,0,0,0.9975532524875249
0,15370,15416,3,31364,31361,31353,0,0,0.9538294839293082
0,15372,15375,3,31372,31342,31368,0,0,0.6651085691484073
0,15372,15401,3,31367,31372,31370,0,0,0.9931967503538416
0,15373,15403,3,31376,31379,26980,0,0,0.99345633781424
0,15375,15377,3,31357,31383,31384,0,0,0.999818080249474
0,15382,15387,4,27017,31404,31402;31221,0,0,0.9892722339832961
0,15383,15386,3,31406,31409,31401,0,0,0.9917843968279152
0,15383,15388,3,31408,31411,31405,0,0,0.9999089717762151
0,15383,15391,3,31410,31407,31225,0,0,0.9990423250222824
0,15384,15386,3,31414,31413,31401,0,0,0.9960565548178414
0,15384,15389,3,27027,31415,31403,0,0,0.9999952664289761
0,15386,15402,3,31418,31416,31413,0,0,0.8665878031263249
0,15387,15388,3,31233,31421,31405,0,0,0.9980673818938033
0,15387,15389,3,31420,27031,31402,0,0,0.9997603320032313
0,15392,15393,3,31426,31429,31245,0,0,0.999777500600804
0,15392,15440,3,31428,31425,31243,0,0,0.9533173915088404
0,15394,15396,3,31359,31431,31434,0,0,0.9965074026320341
0,15399,15401,3,31440,31437,31367,0,0,0.9970039013447116
0,15401,15402,3,31417,31440,31443,0,0,0.9070767454584616
0,15409,15413,3,31446,31297,31449,0,0,0.9951442995236248
0,15412,15416,3,31456,31353,31459,0,0,0.9533350505453522
0,15413,15424,3,31307,31449,31462,0,0,0.9754414053646472
0,16074,16075,3,32514,32737,32740,0,0,0.9998190378079178
0,16074,16078,3,32738,32517,32741,0,0,0.9998707760351774
0,16075,16077,3,32742,32744,32737,2,0,0.999872106305675
0,16077,16081,3,32746,32749,32745,0,0,0.9999889874411828
0,16078,16080,3,32750,32705,32739,1,0,0.9998639793801147
0,16080,16081,3,32750,32752,32747,0,0,0.9995696007770737
0,16833,16880,3,34288,34290,34261,0,0,0.9911604308147484
0,16880,16882,3,34291,34384,34331,0,0,0.9894021369730294
0,16938,16940,3,34500,34493,34497,1,1,0.9995844736396774
0,16938,16942,3,34483,34498,34496,1,0,0.998888303011774
0,16940,16941,3,34501,34505,34502,0,0,0.9987157854547256
0,16942,16943,3,34488,34499,34508,1,0,0.9989836389134649
0,18218,18219,3,32566,37065,37062,1,0,0.9980359600028146
0,18218,18220,3,37064,36837,37061,0,0,0.9996913871256591
0,18220,18224,3,37061,37068,37066,0,0,0.9991259316197708
0,18224,18225,3,37070,37069,37075,0,0,0.9993664994274355
0,18241,18245,3,37108,37107,37110,1,0,0.9998438595342131
0,18241,18247,3,36871,37108,37112,0,0,0.9999553545708233
0,18245,18246,3,37116,37121,37111,2,0,0.9999987740476419
0,18246,18252,3,37121,37123,37114,1,1,0.9999339232158221
0,18247,18248,3,37124,37127,37113,0,0,0.9999456707177297
0,18248,18252,3,37128,37125,37115,0,0,0.9996896401606167
0,19870,19875,3,40374,40371,40376,0,0,0.9999950061294889
0,19870,19884,3,40369,40374,40372,0,0,0.9999200602975632
0,19875,19876,3,40380,40377,40386,0,0,0.9995335547622918
0,19876,19890,3,40388,40378,40387,0,0,0.9999991801366835
0,19884,19885,3,40406,40404,40373,1,0,0.9999119094631906
0,19885,19890,3,40408,40379,40407,0,0,0.9995301567962327
0,20482,20483,3,41590,41567,41587,0,0,0.9992123365364153
0,20482,20484,3,41586,41557,41589,1,0,0.9999598719955051
0,20483,20487,3,41591,41569,41592,0,0,0.9999967827778602
0,20484,20488,3,41594,41596,41589,0,0,0.9999854446404073
0,20487,20489,3,41600,41593,41599,0,0,0.9995329076049443
0,20488,20489,3,41597,41603,41599,0,0,0.9999740128959692
0,21066,21067,3,42760,42766,42770,1,0,0.9999888427616083
0,21066,21077,3,42766,42759,42769,1,0,0.9999747980374177
0,21067,21070,3,42772,42763,42771,0,0,0.9999138869970625
0,21070,21081,3,42778,42772,42777,0,0,0.9999972794091506
0,21077,21080,3,42792,42794,42769,0,0,0.9999764406772311
0,21080,21081,3,42795,42797,42777,0,0,0.9999986624411158
0,21446,21450,3,43514,43497,43517,2,0,0.9987514101619198
0,21446,21469,3,43494,43512,43516,1,0,0.9999680239969829
0,21450,21453,3,43514,43521,43524,1,1,0.9999875443434495
0,21453,21476,3,43519,43531,43525,2,1,0.9994870189600981
0,21469,21472,3,43566,43513,43569,0,0,0.9998256445928118
0,21472,21476,3,43576,43518,43569,2,0,0.9996658200501657
0,21588,21589,3,43812,43807,43815,3,2,0.9999943957833469
0,21588,21590,3,43805,43810,43814,1,0,0.9996628612691068
0,21589,21594,3,43812,43818,43816,3,2,0.9994347707242063
0,21590,21595,3,43803,43811,43821,1,0,0.999971469017856
0,21594,21596,3,43826,43825,43817,4,2,0.9972551660629043
0,21595,21596,3,43830,43824,43821,1,0,0.9986191458313117
0,22743,22914,3,46152,46135,46150,1,0,0.9999907920468246
0,22895,22914,3,46134,46452,46451,0,0,0.9999909538706904
0,23201,23204,3,47058,47057,47060,2,0,0.9999837923542374
0,23201,23222,3,47040,47058,47062,0,0,0.9999924824777904
0,23204,23206,3,47066,47068,47061,0,0,0.9999068035647904
0,23206,23227,3,47071,47072,47069,0,0,0.9999999715858653
0,23222,23224,3,47100,47079,47063,0,0,0.9999993377902405
0,23224,23227,3,47102,47071,47101,0,0,0.9999993953911221
0,23998,24014,3,48650,48647,48652,0,0,0.9999824849181858
0,24014,24159,3,48650,48671,48674,1,0,0.9948796481886163
0,24148,24158,4,48949,48961,48958;48956,1,0,0.9940475516184905
0,24149,24159,3,48962,48651,48950,1,0,0.999382354729424
0,24202,24214,3,49062,49057,49061,0,0,0.9999283819567492
0,24214,24303,3,49063,49087,49088,0,0,0.9993269382859818
0,24294,24296,3,49244,49247,49217,0,0,0.9998495784152105
0,24296,24297,3,49252,49244,49250,0,0,0.9996302664956337
0,24297,24305,3,49254,49249,49253,0,0,0.9993794658581456
0,24303,24305,3,49248,49265,49266,0,0,0.9991810571091759
0,24817,24819,3,50321,50323,50303,2,1,0.9731853658742758
0,24818,24819,3,50326,50320,50307,2,0,0.9128769103063383
0,25159,25161,3,51014,51012,51011,2,1,0.9983200824347768
0,25161,25164,3,51013,51019,51017,2,1,0.9986600155018576
0,26390,26391,3,53530,53505,53533,2,1,0.9999999971343576
0,26390,26392,3,53503,53529,53532,1,1,0.9996787782364944
0,26391,26395,3,53534,53509,53531,2,1,0.9990810762152704
0,26392,26396,3,53536,53529,53538,1,0,0.9967597065344148
0,26395,26397,3,53534,53542,53541,2,1,0.9992062165278556
0,26396,26397,3,53546,53540,53539,2,0,0.9999187934388019
0,26437,26438,3,53617,53625,53622,2,0,0.9985139755319342
0,26437,26448,3,53477,53620,53624,0,0,0.9995223823238498
0,26438,26538,3,53622,53628,53626,0,0,0.9999953363102893
0,26448,26572,3,53524,53621,53639,0,0,0.9990532793728067
0,26572,26573,3,53912,53639,53845,0,0,0.9998940463982162
0,26825,26835,3,54418,54417,54420,1,0,0.9999931850833466
0,26834,26835,3,54419,54438,54443,0,0,0.9999911196450112
0,27310,27311,3,55392,55389,55394,1,0,0.9876018156819779
0,27310,27314,3,55385,55393,55390,0,0,0.996549048156149
0,27341,27342,3,55458,55460,55407,0,0,0.9996346729639101
0,27341,27345,3,55456,55459,55405,0,0,0.9994599586610602
0,27342,27344,3,55464,55461,55462,1,0,0.9998834486983463
0,27344,27352,3,55472,55469,55470,1,0,0.9993341026849091
0,27345,27347,3,55476,55457,55474,0,0,0.9994181962160481
0,27347,27355,3,55480,55467,55479,0,0,0.9997921933374561
0,27731,27734,3,56210,56212,56163,1,1,0.9975614259978997
0,27734,27738,3,56213,56221,56167,1,0,0.9986633170185945
0,27921,27947,3,56606,56604,56608,0,0,0.9993615233849723
0,27947,27975,3,56607,56651,56652,2,1,0.998920395643224
0,28484,28507,3,57748,57746,57750,0,0,0.9853961162851141
0,28507,28509,3,57798,57749,57797,1,0,0.9454476720273308
0,29173,29181,3,59118,59116,59120,0,0,0.9994542879611268
0,29174,29182,3,59105,59115,59123,2,0,0.9977206917362936
0,29180,29181,3,59134,59117,59137,0,0,0.9990890892205275
0,29180,29182,3,59115,59133,59136,1,0,0.9999671032442474
0,29188,29197,3,58550,59147,59148,0,0,0.9994647958384252
0,29196,29197,3,59166,59146,58563,1,0,0.9961824476039842
0,29201,29203,3,59173,59179,59176,0,0,0.9999999460578154
0,29201,29211,3,59152,59176,59175,0,0,0.99975826057569
0,29202,29203,3,59182,59185,59173,0,0,0.9999963275349568
0,29202,29212,3,59184,59181,59171,0,0,0.999990541598912
0,29210,29211,3,59196,59169,59174,1,0,0.9999991768075189
0,29210,29212,3,59138,59196,59171,1,0,0.9979672041695951
0,29397,29400,3,59552,59551,59554,0,0,0.9961162418896471
0,29397,29402,3,59536,59552,59556,0,0,0.9998695474830758
0,29400,29401,3,59562,59564,59555,0,0,0.9999951560017811
0,29401,29406,3,59559,59567,59565,0,0,0.9999996035388823
0,29402,29403,3,59568,59545,59557,0,0,0.9999391382838256
0,29403,29406,3,59570,59569,59559,0,0,0.9931799795412023
0,30852,30854,3,62440,62438,62437,0,0,0.9994780169609587
0,30854,30995,3,62439,62444,62442,0,0,0.999414635016331
0,31076,31080,3,62940,62936,62942,1,0,0.9999875556475197
0,31076,31179,3,62933,62940,62938,2,1,0.9999871138860047
0,31078,31080,3,62937,62951,62954,0,0,0.9990989723247913
0,31078,31181,3,62950,62934,62953,0,0,0.9990684524821458
0,31388,31429,3,63568,63567,63545,2,1,0.8199863376684633
0,31428,31429,3,63566,63633,63634,2,0,0.2008098579024935
0,31593,31595,4,63913,63921,63922;63915,0,0,0.9993293628237815
0,31630,31632,3,63990,63992,63989,0,0,0.9983676669546551
0,31632,31642,3,63996,63991,63995,2,1,0.9991619127794374
0,31670,31680,3,64065,64071,64068,2,1,0.9996960505351273
0,31758,31759,3,64231,64251,64248,1,0,0.9999999294011781
0,31758,31760,3,64246,64055,64248,0,0,0.9996019019221901
0,31760,31767,3,64254,64247,64059,2,1,0.9994430504918116
0,31767,31768,3,64255,64265,64266,2,0,0.9999839575492898
0,32129,32131,3,64991,64992,64996,1,1,0.999796893681326
0,32129,32135,3,64994,64989,64997,0,0,0.9999867955551299
0,32131,32134,3,65001,64993,65003,2,1,0.9999905783500432
0,32134,32140,3,65010,65004,65003,2,1,0.9997461272159984
0,32135,32138,3,65012,65014,64994,2,0,0.9987567977996923
0,32138,32140,3,65016,65013,65005,0,0,0.9999056342996139
0,32434,32438,3,65715,65720,65724,0,0,0.9999982172309554
0,32434,32443,3,65726,65723,65725,2,1,0.9997970381665895
0,32437,32438,3,65721,65729,65730,0,0,0.9999502766635298
0,32437,32446,3,65713,65718,65730,0,0,0.9999989905028894
0,32442,32443,3,65723,65749,65746,1,0,0.9999712184264886
0,32442,32446,3,65744,65719,65747,0,0,0.999972581999048
0,34044,34074,3,68891,68920,68929,2,1,0.9997104162766985
0,34044,34086,3,68888,68927,68928,1,1,0.999691525092044
0,34063,34074,3,68890,68963,68966,0,0,0.9995342060047825
0,34063,34104,3,68968,68893,68967,0,0,0.9998415862768204
0,34075,34086,3,68974,68889,68977,2,1,0.9991117058275981
0,34075,34104,3,68976,68979,68892,0,0,0.9991096211378478
0,35182,35184,3,71214,71211,71212,0,0,0.9999312740482277
0,35182,35256,3,71212,71143,71208,0,0,0.9999150267210929
0,35183,35184,3,71210,71221,71218,0,0,0.9999948910994065
0,35183,35257,3,71216,71207,71219,0,0,0.9999353637163525
0,35251,35254,3,71344,71347,71339,2,1,0.9999052728068402
0,35251,35257,3,71346,71348,71342,0,0,0.999893088767314
0,35252,35254,3,71352,71350,71338,0,0,0.9996242167366262
0,35252,35259,3,71305,71353,71341,3,1,0.9998130292645342
0,35255,35256,3,71312,71360,71209,0,0,0.9996684221800749
0,35255,35257,3,71360,71343,71206,0,0,0.9999638185315614
0,35280,35283,3,71398,71393,71401,0,0,0.9998676734144692
0,35280,35406,3,71396,71403,71400,1,1,0.999776644564579
0,35281,35283,3,71406,71405,71392,0,0,0.9997698152385949
0,35281,35407,3,71390,71407,71395,2,1,0.9999154776362282
0,35404,35406,3,71646,71667,71397,0,0,0.9998381983339941
0,35404,35407,3,71666,71663,71394,0,0,0.9998125764870359
0,36536,36538,3,73825,73826,73820,0,0,0.21313916559859272
0,36537,36538,3,73830,73824,73823,0,0,0.12404071353116432
0,37158,37177,3,75106,75104,75101,0,0,0.9862073298758163
0,37171,37173,3,75144,75143,75130,0,0,0.9999996387975371
0,37171,37178,3,75133,75145,75121,2,0,0.9999355129373309
0,37173,37186,3,75150,75137,75149,0,0,0.9999833432757477
0,37176,37177,3,75105,75157,75153,0,0,0.9808194666716354
0,37176,37189,3,75156,75154,75139,0,0,0.9999953148228591
0,37186,37193,3,75150,75175,75181,0,0,0.9998259545297525
0,37189,37193,3,75174,75155,75188,0,0,0.999923258320768
0,37632,37635,3,76008,76010,76002,4,2,0.9999482097824374
0,37632,37657,3,76010,76006,76005,4,0,0.9999785647113052
0,37657,37660,3,76007,76062,76060,2,1,0.9970638934167404
0,37660,37663,3,76063,76069,76013,0,0,0.997783564386189
0,37829,37882,3,76404,76406,76401,2,1,0.9792030259839054
0,37847,37851,3,76439,76442,76440,0,0,0.9981305176871694
0,37851,37852,3,76443,76450,76447,0,0,0.9900165316220353
0,37852,37859,3,76449,76456,76454,1,0,0.9672737681546691
0,37852,39204,4,76456,76451,76444;76452,1,1,0.9804839590539374
0,37859,37911,3,76455,76467,76470,2,0,0.999949930617201
0,37882,37885,3,76407,76520,76519,2,0,0.7399093274400285
0,37911,39395,3,76470,76580,76559,0,0,0.9929085454604278
0,38653,38654,3,78102,78099,78104,0,0,0.99999194183867
0,38653,38656,3,78097,78103,78100,0,0,0.9997370384874298
0,38654,38660,3,78108,78106,78105,0,0,0.999997337346523
0,38656,38662,3,78100,77867,78110,0,0,0.999894794515959
0,38660,38663,3,78114,78112,78107,0,0,0.9998963750700126
0,38662,38663,3,78113,78122,78111,0,0,0.9998990186770355
0,38709,38792,3,78224,78219,78227,0,0,0.99999864193864
0,38792,38794,3,78386,78225,78373,0,0,0.999969962645473
0,38794,38806,3,78233,78377,78388,0,0,0.9999981703049968
0,39034,39041,3,78821,78823,78826,0,0,0.9993772842729023
0,39034,39049,3,78822,78819,78824,2,1,0.999801126527205
0,39041,39044,3,78840,78842,78827,1,0,0.9993569363369746
0,39044,39058,3,78846,78841,78829,0,0,0.9995337345298918
0,39049,39051,3,78854,78856,78825,0,0,0.9999871386840657
0,39051,39058,3,78862,78857,78828,0,0,0.9997972068373303
0,39200,39204,3,76445,79153,79156,0,0,0.9807349633496829
0,39204,39379,3,79162,79165,76453,1,0,0.9744986343167156
0,39290,39291,3,79330,79323,79326,0,0,0.9986545101669594
0,39290,39358,3,79319,79331,79328,0,0,0.9969991773114002
0,39309,39310,3,79361,79369,79366,0,0,0.9924146197865265
0,39309,41275,3,79368,78904,79364,0,0,0.9638610853797751
0,39311,39312,4,79372,79359,79353;79374,0,0,0.9390066219194255
0,39330,39331,3,79416,79413,79407,2,0,0.9695245746283053
0,39330,39375,3,79409,79417,79414,2,0,0.9599280266132769
0,39379,39395,3,79165,79505,76559,2,0,0.9882909202353871
0,39382,39398,3,79514,79510,79509,3,1,0.9565080125352075
0,39397,39398,3,79511,79549,79546,1,0,0.9572769791329112
0,39755,39756,3,80258,80260,80243,0,0,0.9810967362799672
0,39756,41757,3,80261,80262,80246,0,0,0.984008879814111
0,40018,40019,3,80807,80812,80810,2,1,0.9932678596581332
0,40018,40021,3,80808,80805,80811,2,1,0.9996237681074054
0,40021,42288,3,80803,80809,80816,0,0,0.9995478837873116
0,40108,40118,3,80935,80984,80982,1,0,0.9997561294300017
0,40111,40121,3,80992,80987,80989,0,0,0.9994697692881838
0,40118,40119,3,80962,80985,81007,0,0,0.9991729294377387
0,40119,40121,3,80986,81007,81008,0,0,0.9996615054158148
0,40376,40377,3,81515,81524,81522,0,0,0.9986833395586733
0,40376,40410,3,81524,81483,81520,0,0,0.9998532161267223
0,40377,40420,3,81523,81517,81526,2,1,0.9987864241095848
0,40410,40457,3,81592,81521,81594,1,1,0.9994802237470696
0,40420,40458,3,81527,81614,81613,1,0,0.9431858691339665
0,40457,40458,3,81613,81703,81595,0,0,0.999430784642762
0,40542,40543,3,81855,81863,81860,0,0,0.995131773236542
0,40542,40544,3,81862,81852,81858,1,0,0.9995164732861743
0,41139,41141,3,83004,83001,82999,0,0,0.9942725898950745
0,41139,41142,3,83000,83002,78893,0,0,0.9954430900280365
0,41141,41145,3,83006,83008,83005,1,0,0.9994670362931353
0,41145,41147,3,83007,83011,83012,0,0,0.9816341028833154
0,41195,41196,3,83110,83113,83105,1,0,0.9988531938442754
0,41195,41203,3,83112,83108,83097,2,0,0.9687265544893434
0,41196,41211,3,83110,83117,83114,0,0,0.9986856666600336
0,41203,41218,3,83109,83128,83127,2,0,0.9706782128551663
0,41252,41255,4,83216,83207,83215;83219,0,0,0.9961135761745277
0,41269,41391,3,83246,83249,83239,0,0,0.9980507237274677
0,41374,41377,3,83448,83335,83450,2,0,0.909000847175256
0,41376,41377,3,83342,83449,83456,0,0,0.9362483094832464
0,41391,41393,3,83247,83475,83486,0,0,0.9980801474302096
0,41517,41532,3,83736,83732,83731,4,1,0.9952365449063814
0,41531,41532,3,83733,83753,83763,0,0,0.9998179607436856
0,41743,41744,3,84182,84185,80245,0,0,0.9874602409743413
0,41744,41757,3,84186,84182,80247,0,0,0.9879343845507085
0,42076,42077,3,84846,84838,84849,0,0,0.999479555347124
0,42076,42085,3,84837,84844,84848,0,0,0.9998998260842268
0,42077,42080,3,84847,84841,84850,1,0,0.9998600868196302
0,42080,42089,3,84856,84855,84851,1,0,0.999816362774636
0,42085,42088,3,84864,84845,84866,1,0,0.9993313931585449
0,42088,42089,3,84867,84869,84854,1,0,0.9994661014552463
0,42286,42289,3,85260,80815,85258,2,1,0.9997623977379145
0,42288,42289,3,80816,85269,85259,0,0,0.9997204962468818
0,43000,43033,3,86670,86668,86672,0,0,0.9958041511115582
0,43022,43065,3,86723,86726,86717,1,0,0.6242014060953925
0,43033,43047,3,86671,86749,86750,1,0,0.9974164813084281
0,43059,43065,3,86722,86783,86794,0,0,0.9436497015434487
0,43172,43197,3,87007,87012,87014,0,0,0.3356666289541133
0,43196,43197,3,87013,87058,87067,0,0,0.16106330473709046
0,43203,43207,3,82344,87077,87081,0,0,0.6935845582543483
0,43205,43207,3,87076,82349,87086,0,0,0.7078290085083732
0,43588,43589,3,87836,87833,87838,0,0,0.9999634184724991
0,43588,43601,3,87831,87837,87834,0,0,0.9999517384334305
0,43589,43594,3,87827,87841,87839,0,0,0.9999996837721873
0,43594,43606,3,87850,87841,87848,0,0,0.9999362419895743
0,43601,43605,3,87834,87860,87862,0,0,0.9999336848284511
0,43605,43606,3,87849,87868,87863,0,0,0.9999436305587824
0,43617,43620,3,87883,87889,87886,0,0,0.9999997266187136
0,43617,43637,3,87885,87890,87888,0,0,0.9999997492966449
0,43620,43622,3,87898,87896,87887,0,0,0.9999991920453819
0,43622,43642,3,87902,87898,87901,2,0,0.9999040191872186
0,43637,43639,3,87668,87891,87935,0,0,0.9999403527354652
0,43639,43642,3,87936,87900,87935,0,0,0.9999989225843757
0,43979,43981,3,88576,88573,88575,0,0,0.9824580434773109
0,43981,43986,3,88579,88580,88575,0,0,0.8390329373242134
0,43986,43992,3,88588,88585,88587,0,0,0.8228494162151897
0,43992,43995,4,88598,88596,88587;88600,0,0,0.9976415166870216
0,43995,43997,3,88599,88603,88606,0,0,0.9979887355592748
0,43995,43999,3,88601,88607,88604,0,0,0.9992487709422959
0,44078,44079,4,88771,88775,88772;88767,0,0,0.9909093177331272
0,44307,44310,3,89222,89215,89220,0,0,0.9500100220771309
0,44310,44312,3,89222,89229,89227,0,0,0.9491703854674858
0,44312,44315,3,89225,89231,89233,0,0,0.9411143108583595
0,44360,44544,3,89301,89330,89328,0,0,0.9870437989975369
0,44405,44409,3,89409,89418,89416,1,1,0.9966964185461263
0,44405,44416,3,89414,89413,89417,1,0,0.9994019909045804
0,44409,44470,3,89421,89419,89424,0,0,0.9998950713273778
0,44416,44474,3,89414,89438,89440,2,1,0.9992675251310048
0,44470,44477,3,89546,89536,89425,0,0,0.9999614960193056
0,44474,44477,3,89554,89537,89441,0,0,0.9966224847400904
0,44475,44480,3,89558,89555,89560,1,1,0.9985571430815934
0,44475,44489,3,89556,89449,89559,0,0,0.9999903955862856
0,44480,44481,3,89564,89561,89572,0,0,0.999824239945641
0,44481,44494,3,89574,89562,89573,0,0,0.9982247254821556
0,44489,44490,3,89557,89587,89588,1,1,0.9995958069781002
0,44490,44494,3,89590,89563,89589,0,0,0.9976080280551815
0,44544,44545,3,89671,89331,89699,0,0,0.9999713246552906
0,44558,44559,3,89728,89706,89727,0,0,0.9995587412983882
0,44559,44566,3,89730,89729,89732,0,0,0.912974889591437
0,44571,44610,3,89753,89756,89754,0,0,0.9740732017737167
0,44610,44611,3,89757,89829,89825,0,0,0.9991445826036763
0,44618,48168,3,89846,89845,89838,0,0,0.997916152052571
0,44684,44685,3,89968,89974,89978,0,0,0.9999987398599052
0,44684,44734,3,89976,89964,89979,4,2,0.9996503580660033
0,44685,44687,3,89980,89975,89982,3,1,0.999830014648613
0,44687,44747,3,89984,89987,89983,1,0,0.9997481494012106
0,44734,44745,3,89977,90075,90076,0,0,0.9999429763239266
0,44745,44747,3,89985,90096,90077,0,0,0.9999970985303755
0,44866,44867,3,90332,90334,90319,0,0,0.8894997280798882
0,44867,48365,3,90320,90335,90336,0,0,0.9614055130475437
0,45164,45165,3,90954,90925,90953,2,1,0.9947223513108845
0,45165,45169,3,90955,90929,90956,0,0,0.9962649752387882
0,45214,45215,3,91048,91052,91056,2,1,0.9999978813496824
0,45214,45225,3,91052,86199,91054,1,1,0.9999758015898694
0,45215,45218,3,91058,91051,91057,0,0,0.9998274253889845
0,45218,45229,3,91064,91059,91063,0,0,0.9997091048248222
0,45225,45228,3,91078,91080,91055,2,1,0.9999837419944204
0,45228,45229,3,91081,91085,91063,0,0,0.9998954812801317
0,46157,46160,3,92958,92957,92961,0,0,0.9999943968004177
0,46157,46240,3,92563,92962,92960,1,0,0.9999884833603667
0,46160,46243,3,92959,92969,92970,0,0,0.9999999998242235
0,46210,46230,3,93072,93069,93074,1,0,0.9999979930476183
0,46210,46391,3,93063,93072,93070,1,1,0.999940046196688
0,46230,46231,3,93108,93075,93114,0,0,0.9999260479509727
0,46231,46409,3,93116,93077,93115,0,0,0.9999977558053482
0,46240,46269,3,92641,93134,92963,0,0,0.9999974343052467
0,46243,46272,3,93138,93137,92971,0,0,0.9999994288178359
0,46269,46272,3,93196,93136,93135,0,0,0.9999872649348646
0,46391,46392,3,93436,93434,93071,1,1,0.9999649894827917
0,46392,46409,3,93438,93437,93077,0,0,0.9999549355089633
0,46434,46435,3,93518,93511,93520,0,0,0.9999991260765397
0,46434,46437,3,93515,93518,93516,0,0,0.9999888651771718
0,46435,46454,3,93512,93522,93521,0,0,0.9999975018288095
0,46437,46456,3,93517,93526,93528,0,0,0.9999419426357364
0,46454,46457,3,93562,93561,93523,0,0,0.9999997979168276
0,46456,46457,3,93566,93561,93529,0,0,0.9999270862001544
0,47545,50245,3,95704,95702,95699,2,1,0.9999040681837843
0,47750,47753,3,96105,96108,96106,0,0,0.9999703524591719
0,47752,47753,3,96104,96114,96099,0,0,0.6619420343354141
0,47800,47802,3,96208,96198,96204,0,0,0.9977773219697108
0,47800,47811,3,96204,96207,96177,0,0,0.9999933230966561
0,47802,47803,3,96201,96209,96210,0,0,0.9978155983893893
0,47811,47812,3,96222,96207,96224,0,0,0.9991338517931402
0,48168,48170,3,96946,89847,96921,0,0,0.876800051017194
0,48241,48243,3,97070,96729,97069,0,0,0.9913163976402831
0,48243,48244,3,96733,97071,97072,0,0,0.991984917200706
0,48422,48438,3,97401,97418,97416,2,1,0.8532188925606184
0,48438,48439,3,97432,97419,97451,0,0,0.5164709509908406
0,48745,48746,3,98112,98108,98103,0,0,0.9682967980795903
0,48745,48888,3,98107,98112,98110,0,0,0.9688290706856957
0,48935,48937,3,98485,98491,98488,0,0,0.9604829595604322
0,48935,48939,3,98490,98423,98487,0,0,0.9761723952132277
0,49305,49306,3,99218,99131,99221,0,0,0.9994765337827319
0,49305,49309,3,99129,99219,99216,0,0,0.9830076324257369
0,49355,49359,3,99315,99324,99320,0,0,0.9990416614210952
0,49355,49361,3,99324,99323,99313,0,0,0.9999638656918731
0,49361,49365,3,99325,99332,99329,0,0,0.9994999278157821
0,49437,49441,3,99486,99483,99489,0,0,0.9932929173876808
0,49437,49449,3,99481,99487,99484,0,0,0.9953933990809353
0,49494,49554,3,99626,99617,99622,0,0,0.9934899842872372
0,49494,53211,3,99628,99627,99625,1,0,0.9917781798012931
0,49506,49508,3,99572,99661,99663,0,0,0.9996633649670406
0,49506,49510,3,99662,99641,99659,1,1,0.9991576954808457
0,49507,49508,3,99660,99668,99666,0,0,0.9996458790430691
0,49507,49511,3,99664,99657,99667,0,0,0.9994775430854114
0,49509,49510,3,99672,99659,99675,1,1,0.9999926040188244
0,49509,49511,3,99656,99671,99674,1,1,0.9993132045531307
0,49532,49556,3,99721,99733,99728,2,0,0.9908058848735508
0,49532,53262,3,99732,99719,99731,1,0,0.9851100112579402
0,49697,49698,3,100040,99555,100042,0,0,0.9999762026474426
0,49697,49700,3,100037,100041,100038,0,0,0.970112860278689
0,50034,50067,3,100685,100689,100686,1,0,0.5495738053964438
0,50034,50108,3,100688,100690,100683,0,0,0.9882234247875042
0,50037,50040,3,100702,100693,100699,1,1,0.9998709454731174
0,50037,50054,3,100678,100701,100702,2,1,0.9998888114810273
0,50039,50040,3,100708,100699,100711,2,1,0.9999480922285547
0,50039,50056,3,100697,100707,100710,0,0,0.9994376306305653
0,50053,50054,3,100738,100721,100700,1,0,0.999957807121838
0,50053,50056,3,100736,100697,100739,0,0,0.9980397543901528
0,50183,53950,3,100984,100932,100982,0,0,0.9936517201106765
0,50245,50247,3,101102,95703,101108,0,0,0.9999623301848193
0,50479,50488,3,101570,101568,101567,0,0,0.5858351900605112
0,50488,50491,3,101569,101581,101576,0,0,0.8005151693701971
0,50502,50540,3,101591,101616,101615,0,0,0.9718548586627623
0,50529,50543,3,101666,101669,101593,0,0,0.9725844766798127
0,50540,50547,3,101617,101684,101680,0,0,0.9928969400419424
0,50543,50547,3,101690,101667,101681,0,0,0.9693849668767827
0,50834,50835,3,102284,102276,102280,0,0,0.9985602436773253
0,50834,51063,3,102275,102282,102280,0,0,0.9978576375682143
0,50835,50837,3,102285,102289,102286,0,0,0.9999649744463507
0,50929,50930,3,102468,102460,102464,0,0,0.9982967317667897
0,50929,50934,3,102433,102466,102464,0,0,0.9937045900807214
0,50930,50937,3,102469,102472,102470,1,0,0.9950438997907094
0,50934,50941,3,102446,102467,102476,1,0,0.9927500097494741
0,51063,51070,3,102750,102283,102752,0,0,0.9987089664947928
0,51217,51219,3,103047,103050,103048,0,0,0.9944953911722793
0,51217,51237,3,103052,103030,103048,0,0,0.9993248483224608
0,51219,51222,3,103051,103056,103055,2,0,0.9913196921190914
0,51237,51240,3,103053,103093,103090,0,0,0.997464915840914
0,51419,51421,3,103469,103470,103377,0,0,0.9950327732867681
0,51421,51424,3,103473,103471,103475,0,0,0.9999575371427567
0,51611,51614,3,103829,103837,103839,0,0,0.9999871267133925
0,51611,51684,3,103311,103832,103838,0,0,0.9999683701116702
0,51612,51614,3,103828,103841,103844,0,0,0.9999833919236711
0,51612,51685,3,103842,103845,103831,2,1,0.9999920408412559
0,51682,51684,3,103514,103833,104008,1,1,0.9999015685914164
0,51682,51685,3,104008,104010,103830,1,1,0.9996518198990517
0,52041,52045,3,104488,104727,104728,0,0,0.9999171884818273
0,52043,52045,3,104495,104727,104734,0,0,0.9999006385391949
0,52066,52069,3,104757,104780,104778,1,0,0.9740760812189146
0,52069,52070,3,104781,104783,104763,1,0,0.8294083570688116
0,52411,52413,3,105380,105387,105384,2,1,0.9999457866050079
0,52411,52418,3,105386,105379,105382,1,1,0.9999611964765448
0,52413,52424,3,105390,105389,105385,0,0,0.9997448318038111
0,52418,52428,3,105400,105383,105402,2,1,0.9998897753949216
0,52424,52430,3,105390,105408,105407,0,0,0.9993345747046275
0,52428,52430,3,105406,105417,105403,0,0,0.9998766770652141
0,53210,53211,3,107024,107026,99624,0,0,0.9949252755129657
0,53210,53276,3,107022,107025,99621,0,0,0.9952944609324299
0,53260,53262,3,99719,107123,107120,0,0,0.9802469200430192
0,53260,53276,3,107122,99723,107125,0,0,0.9918524921359928
0,53337,53341,3,107274,107263,107270,2,1,0.996611149295704
0,53337,53347,3,107273,107275,107276,2,1,0.9956934223172454
0,53347,53349,3,107295,107296,107298,2,1,0.9870689403150927
0,53349,53353,4,107300,107297,107302;107304,2,2,0.9808514735531334
0,53353,53367,3,107303,107307,107308,2,1,0.19165205635820465
0,53359,53379,3,107311,107314,107312,2,2,0.9732369208882002
0,53379,53380,3,107352,107315,107357,0,0,0.9972058481800823
0,53923,53924,3,108431,108440,108438,2,0,0.9960088570500025
0,53924,53929,3,108441,108442,108435,1,0,0.9985716732018826
0,53925,53926,3,108444,108421,108433,0,0,0.9985853448156329
0,53926,53929,3,108445,108435,108446,0,0,0.9960946469466401
0,53950,54025,3,100985,108485,108490,0,0,0.9933552906008021
0,53998,54002,3,108604,108603,108606,0,0,0.9998999051076164
0,53998,54004,3,108608,108206,108605,0,0,0.9999218899402437
0,54002,54003,3,108615,108618,108607,0,0,0.9996841306514366
0,54003,54009,3,108611,108621,108619,0,0,0.999102667685173
0,54004,54005,3,108608,108624,108622,0,0,0.9997585559039445
0,54005,54009,3,108626,108611,108623,0,0,0.9998155795439914
0,54047,54059,3,108698,108693,108701,0,0,0.9976753386165612
0,54053,54062,3,108714,108713,108704,0,0,0.999818492849523
0,54053,54136,3,108711,108715,108707,0,0,0.9074403606614722
0,54083,54086,3,108770,108768,108773,0,0,0.9999538001771532
0,54086,54087,3,108771,108776,108778,0,0,0.9525864141961707
0,54136,54137,3,108870,108875,108865,0,0,0.9469700571726098
0,54137,54145,3,108873,108877,108869,0,0,0.9248847063107136
0,54143,54146,3,108884,108881,108887,0,0,0.9986785040277073
0,54145,54154,3,108888,108877,108878,0,0,0.997944936696261
0,54146,54161,3,108892,108891,108885,0,0,0.9999075055437572
0,54161,54163,3,108910,108919,108920,0,0,0.9997925487373965
0,54163,54164,3,108922,108915,108921,0,0,0.9999030493882942
0,54321,54336,3,109226,109229,109225,0,0,0.9998182856456969
0,54324,54355,3,109233,109234,109238,0,0,0.9996668217526686
0,54336,54352,3,109229,109260,109251,0,0,0.9791062049601262
0,54342,54343,3,109268,109275,109278,0,0,0.9999996487578576
0,54342,54358,3,109267,109276,109274,0,0,0.9999773530250847
0,54343,54363,3,109279,109271,109280,2,1,0.999923897577291
0,54349,54351,3,109293,109295,109285,2,1,0.9999964225734215
0,54349,54399,3,109294,109291,109297,1,0,0.9283409766059727
0,54352,54355,3,109233,109298,109286,0,0,0.8987523463422634
0,54358,54365,3,109310,109277,109312,3,1,0.9999520469103997
0,54363,54366,3,109318,109317,109281,0,0,0.9998613570823058
0,54365,54366,3,109313,109323,109316,0,0,0.9998797060784093
0,54391,54395,3,109380,109372,109383,1,0,0.9819805873052062
0,54393,54395,3,109388,109387,109379,0,0,0.7564762153103817
0,54395,54396,4,109388,109394,109392;109383,0,0,0.8669013504238232
0,54396,54413,3,109398,109385,109395,0,0,0.9033733820281717
0,54396,54569,3,109391,109397,109392,0,0,0.9999523099548664
0,54411,54413,3,109385,109418,109417,1,0,0.943079025036375
0,54567,54569,3,109391,109731,109729,1,0,0.968648958466989
0,55021,55023,3,110646,110645,110591,0,0,0.9994313601180438
0,55023,55024,3,110648,110647,110651,0,0,0.9995360366610666
0,55242,55243,3,111103,111127,111123,0,0,0.9998773831396292
0,55242,55256,3,111126,111100,111124,0,0,0.998988818175217
0,55256,55258,3,111154,111137,111153,2,0,0.9965277770415903
0,55258,55259,3,111141,111155,111158,0,0,0.9998986652159169
0,55567,55572,4,111770,111754,111767;111769,2,2,0.9980019484383299
0,55710,55712,3,112039,112040,112042,0,0,0.9999752623642917
0,55712,55715,3,112044,112041,112047,1,0,0.9633375391065189
0,55728,55789,3,112071,112074,112073,0,0,0.9558491149876788
0,55787,55789,3,112070,112195,112193,0,0,0.9946136854276737
0,55967,55972,3,112557,112563,112565,0,0,0.9998768637682256
0,55967,55977,3,112560,112559,112564,1,0,0.9999830159751942
0,55969,55972,3,112568,112566,112557,1,0,0.9155613297408713
0,55975,55977,3,112559,112577,112579,2,1,0.8789597854845358
0,56521,56524,3,113684,113687,113683,2,1,0.9817434677732441
0,56524,79802,3,113687,113693,113690,2,1,0.9913101012196263
0,56692,56758,3,114056,114059,114051,2,0,0.9996446633099596
0,56692,58270,3,114048,114055,114058,4,2,0.9999074475275783
0,56746,56758,3,114051,114215,114212,0,0,0.9999244891790312
0,56746,58341,3,114053,114200,114213,1,1,0.99984642559182
0,56944,56946,3,114573,114597,114600,1,0,0.636413968663052
0,56944,57088,3,114596,114599,114571,1,0,0.5719947674445268
0,57003,57007,3,114723,114730,114735,0,0,0.9950605098783171
0,57003,57010,3,114726,114383,114734,2,0,0.9773708991423188
0,57005,57007,3,114744,114741,114722,0,0,0.9911853893450066
0,57005,57011,3,114742,114725,114745,1,0,0.9972226474827162
0,57008,57010,3,114393,114727,114747,1,0,0.9767388764438172
0,57008,57011,3,114724,114749,114746,0,0,0.999955700570347
0,57861,57863,3,116536,116533,116531,0,0,0.9998930687360548
0,57861,57941,3,116532,116534,116528,0,0,0.9999862556801358
0,57862,57863,3,116519,116530,116538,0,0,0.9999646815365496
0,57862,57942,3,116445,116539,116527,0,0,0.9996680688120182
0,57890,57896,3,116593,116600,116606,0,0,0.9999979457319778
0,57890,57907,3,116602,116606,116597,0,0,0.9998503476570347
0,57894,57896,3,116620,116616,116601,0,0,0.999981021324346
0,57894,57911,3,116616,116619,116598,1,0,0.9999628439084999
0,57905,57907,3,116652,116649,116596,0,0,0.9999990509222791
0,57905,57911,3,116650,116599,116653,1,0,0.9999939707034766
0,57940,57941,3,116690,116529,116693,1,1,0.9999999464609722
0,57940,57942,3,116692,116681,116526,2,1,0.9996616503336713
0,57976,58000,3,116770,116774,116765,0,0,0.9997305181841402
0,57976,58035,3,116768,116776,116774,0,0,0.9999997481082153
0,57998,58000,3,116820,116817,116764,0,0,0.9999965212569575
0,57998,58049,3,116818,116767,116821,3,0,0.9998410323699253
0,58033,58035,3,116854,116851,116769,0,0,0.9996809779453556
0,58033,58049,3,116850,116853,116767,0,0,0.9995622297465376
0,58240,58242,4,63955,117201,117202;117179,0,0,0.9989363807507227
0,58245,58247,3,117214,117211,117204,0,0,0.9973196310012992
0,58245,58250,3,117212,117215,117207,0,0,0.839407371356073
0,58250,58288,3,117218,117221,117213,0,0,0.9885248838135006
0,58262,58270,3,114049,117241,117242,1,0,0.9988225924830371
0,58262,58341,3,117242,117239,114052,2,0,0.999255871574327
0,58288,58289,3,117277,117288,117221,0,0,0.9992810914683049
0,58289,58291,3,117289,117290,117292,0,0,0.9999934251740081
0,58310,58312,4,117323,117327,117328;117297,0,0,0.9990793326236865
0,58331,58333,3,117366,117363,117330,0,0,0.9013331097105404
0,58331,58335,3,117364,117367,117333,0,0,0.9923326597310855
0,58495,58496,3,117419,117667,117664,2,1,0.9982637505760393
0,58495,58497,3,117666,117662,117637,2,0,0.999684307669278
0,58496,58503,3,117668,117670,117421,1,0,0.9998987798951182
0,58503,58506,3,117680,117668,117682,2,0,0.9986514828967391
0,58506,58508,3,117675,117681,117686,2,1,0.9986748313460497
0,58578,58580,3,117840,117835,117837,2,0,0.9995830363428102
0,58578,58599,3,117833,117840,117838,2,1,0.999916802075205
0,58580,58586,3,117837,117843,117844,2,0,0.9997494786648263
0,58586,58607,3,117856,117851,117845,2,1,0.9998451963398476
0,58599,58605,3,117839,117883,117880,1,1,0.9989786564849358
0,58605,58607,3,117888,117851,117880,2,1,0.9999991686093402
0,59613,59617,3,120018,120023,120011,0,0,0.9999541132361037
0,59613,59646,3,120022,120024,120014,1,0,0.9998712509930722
0,59615,59617,3,120032,120031,120010,0,0,0.9999763093802436
0,59615,59648,3,120002,120032,120013,1,0,0.9999989673786491
0,59644,59646,3,120106,120015,120103,0,0,0.999972644318172
0,59644,59648,3,120012,120105,120102,0,0,0.9999307701868432
0,61562,61564,3,123789,123790,123794,2,2,0.9999667786825924
0,61562,61645,3,123792,123764,123795,2,0,0.9999918942773464
0,61564,61567,3,123799,123791,123801,1,0,0.9995788474252262
0,61567,61650,3,123802,123806,123801,1,0,0.9999740023582713
0,61645,61648,3,123958,123960,123793,2,1,0.9996742077360962
0,61648,61650,3,123962,123803,123959,0,0,0.9999601519977518
0,61678,61679,3,124019,124027,124024,0,0,0.9998570526725161
0,61678,61688,3,123989,124022,124026,2,0,0.9989110456647495
0,61679,61681,3,124028,124030,124025,0,0,0.9998485322014616
0,61681,61691,3,124034,124029,124033,4,0,0.9998900503527091
0,61688,61690,3,124009,124046,124023,0,0,0.9995922666080104
0,61690,61691,3,124047,124048,124032,2,0,0.9992402600739265
0,61872,61874,3,124408,124406,124397,0,0,0.9272823342658065
0,61874,61878,3,124407,124412,124401,0,0,0.9134077554158924
0,62711,62713,3,126128,126131,126126,2,1,0.9994598427104416
0,62711,62787,3,126130,126132,126123,1,0,0.9985823767054163
0,62713,62748,3,126136,126135,126129,2,1,0.9997298725963351
0,62748,62812,3,126137,126203,126206,1,0,0.9999243443222823
0,63029,63043,3,126755,126763,126760,0,0,0.9402760487285162
0,63029,64984,3,126762,126757,126758,0,0,0.8056679244348619
0,64497,64499,3,129700,129698,129697,0,0,0.9999661598696751
0,64497,64890,3,129694,129323,129698,0,0,0.9999434106598732
0,64498,64499,3,129697,129706,129704,0,0,0.999974400067469
0,64498,64891,3,129702,129693,129705,0,0,0.9999912172176381
0,64502,64503,3,129718,129713,129720,0,0,0.9999981905964822
0,64502,64900,3,129711,129719,129716,0,0,0.9999995737204904
0,64503,64552,3,129724,129721,129722,0,0,0.9999594299818604
0,64552,64926,3,129824,129822,129723,0,0,0.999981996158931
0,64653,64655,4,130042,130041,130027;130033,0,0,0.9923706430712055
0,64656,91618,3,130044,130046,130039,0,0,0.5207817099640216
0,64727,64728,4,130171,130177,130174;129991,1,0,0.9009973560324724
0,64889,64890,3,129695,130360,130472,0,0,0.9999782819456152
0,64889,64891,3,129692,130459,130472,0,0,0.999998130512039
0,64900,64925,3,129717,130481,130490,0,0,0.9999995043252482
0,64925,64926,3,129823,130542,130490,0,0,0.9999999991801323
0,65133,65140,3,130908,130910,130901,0,0,0.9999998137059333
0,65140,65141,3,130922,130911,130924,0,0,0.9999027242253545
0,65365,65374,3,131356,131358,131353,0,0,0.9711921486580282
0,65374,65377,3,131359,131375,131373,0,0,0.9895276281244347
0,65375,65377,3,131360,131373,131376,0,0,0.9765220269977891
0,65419,65422,3,131470,131472,131391,0,0,0.7397088176898856
0,65422,65423,3,131473,131475,131397,0,0,0.5085992926071431
0,65438,65439,3,131504,131506,131395,0,0,0.9775947633198657
0,65439,65457,3,131507,131508,131398,0,0,0.9921887939977937
0,65748,65749,3,132126,132104,132129,0,0,0.9999991553503752
0,65748,65750,3,132085,132124,132128,0,0,0.9988795118847387
0,65749,65756,3,132126,132132,132130,0,0,0.9978708467158661
0,65750,65757,3,132091,132125,132134,0,0,0.9988612721556301
0,65756,65758,3,132142,132141,132131,2,1,0.9995562983884334
0,65757,65758,3,132141,132145,132135,1,1,0.9997772009007263
0,66059,66061,3,132762,132761,132759,0,0,0.9910402096092897
0,66059,66113,3,132740,132762,132757,0,0,0.99870849950682
0,66095,66100,4,130166,132827,132824;132821,0,0,0.9999755359155613
0,66105,66106,3,132838,132845,132829,0,0,0.807283418600311
0,66105,66111,3,132844,132842,132733,1,0,0.8309290065643437
0,66167,66168,3,132915,132965,132811,0,0,0.9994217684070993
0,66167,66169,3,132964,132963,132808,0,0,0.9900117831226146
0,66178,66182,3,132977,132985,132981,0,0,0.9907780636814005
0,66178,66279,3,132984,132983,132974,0,0,0.9999727594972926
0,66273,66275,3,133154,133152,133144,1,0,0.9912303910857247
0,66273,66290,3,133137,133155,133147,0,0,0.9992507510624625
0,66336,66341,3,133252,133255,133191,0,0,0.9892553486856304
0,66336,66345,3,133254,133251,133189,0,0,0.9999772441524643
0,67082,67083,3,134687,134698,134696,0,0,0.955794092764968
0,67083,67085,3,134690,134699,134700,0,0,0.9721780918451324
0,67343,67347,3,135226,135228,134995,0,0,0.9624031757591339
0,67347,67348,3,135229,135236,135000,0,0,0.9633943691489819
0,67860,67863,3,136258,136260,136248,2,1,0.6942510942254783
0,67863,67865,3,136264,136259,136253,2,1,0.668026956537711
0,67865,67901,3,136268,136262,136257,2,1,0.7169190462086203
0,67898,67901,3,136330,136263,136322,1,0,0.97430099430637
0,67913,69543,3,136222,136353,136358,1,0,0.9223047698382135
0,67958,67988,3,136450,136452,136447,0,0,0.9968398013911723
0,67988,67989,3,136453,136510,136506,0,0,0.9961764628272242
0,68448,68484,3,137412,137417,137414,0,0,0.999405178991637
0,68448,68486,3,137411,137418,137416,1,0,0.9995298802885635
0,68484,68497,3,137484,137483,137415,1,1,0.9996255473052893
0,68486,68513,3,137488,137486,137419,0,0,0.9977525178829364
0,68497,68516,3,137506,137491,137485,0,0,0.9999753028058016
0,68513,68516,3,137487,137540,137490,0,0,0.9998874647687405
0,68712,68715,3,137911,137918,137916,0,0,0.9965301900445348
0,68712,68751,3,137913,137917,137914,0,0,0.9955840079556727
0,68715,70112,3,137921,137919,137923,1,0,0.9994759948745687
0,68751,70119,3,137996,137994,137914,0,0,0.9999887710203715
0,69187,69189,3,138846,138848,138843,0,0,0.9989386876396513
0,69189,69192,3,138849,138855,138852,0,0,0.9648657614757763
0,69286,69318,3,139037,139050,139048,0,0,0.9637676657576031
0,69318,69326,3,139110,139051,139113,0,0,0.963592780215082
0,69474,69475,3,139429,139437,139434,2,0,0.8256273755101015
0,69474,69476,3,139436,139433,139427,2,1,0.9943856993585853
0,69490,69543,3,136223,139457,139468,2,0,0.9982289620693198
0,70112,70122,3,140668,137923,140662,0,0,0.9998142533434088
0,70119,70122,3,140678,140663,137996,1,0,0.9875290773915887
0,70196,70214,3,140832,140835,140828,0,0,0.9997695668251001
0,70196,70246,3,140830,140833,140827,0,0,0.9987164552361658
0,70536,70537,3,141522,141528,141526,1,0,0.999999172293499
0,70536,70539,3,141524,141521,141527,0,0,0.9999991511032018
0,70537,70542,3,141506,141530,141529,1,0,0.9999984708252044
0,70539,70544,3,141536,141535,141525,0,0,0.9999968358949116
0,70542,70545,3,141540,141531,141538,0,0,0.9991460135229308
0,70544,70545,3,141537,141546,141539,0,0,0.9994598176337209
0,70632,70634,3,141663,141709,141706,0,0,0.9854665929990253
0,70632,70721,3,141708,141665,141711,0,0,0.9546507543082625
0,70649,70650,3,141748,141739,141744,0,0,0.9609147130812623
0,70649,70694,3,141743,141749,141746,0,0,0.945508324532276
0,70706,70709,3,141855,141861,141858,0,0,0.9957832174124202
0,70706,70711,3,141860,141857,141862,0,0,0.9999930032726939
0,70797,70799,3,142034,142027,142037,0,0,0.9995331924895378
0,70797,70815,3,142029,142039,142036,2,1,0.9995263986963921
0,70799,70800,3,142034,142042,142044,0,0,0.999989016241135
0,70800,70818,3,142041,142048,142045,0,0,0.9999230669195879
0,70815,70816,3,142039,142071,142075,1,0,0.9999711616499825
0,70816,70818,3,142076,142040,142075,2,0,0.9999495139645244
0,70869,70870,3,142190,142179,142183,0,0,0.999760472996698
0,70869,70876,3,142177,142191,142188,0,0,0.9961251689966258
0,71492,71493,3,143373,143380,143378,0,0,0.9847214428372236
0,71493,71500,3,143375,143381,143383,0,0,0.9929526688286241
0,71586,71588,3,143574,143569,143571,0,0,0.9978537017689554
0,71586,71590,3,143529,143572,143570,0,0,0.9992211414122493
0,71588,71589,3,143575,143581,143578,0,0,0.9982457824798092
0,71589,71593,3,143582,143579,143577,0,0,0.9992099077269724
0,71590,71591,3,143535,143585,143573,0,0,0.9993108714030211
0,71591,71593,3,143585,143587,143576,0,0,0.9974204477856913
0,71864,71867,3,144110,144115,144112,0,0,0.9998373681089571
0,71864,71882,3,143729,144116,144114,0,0,0.9997104579534284
0,71867,74684,3,144113,144122,144124,0,0,0.9995963294414646
0,71882,74690,3,143757,144117,144150,0,0,0.9999449480504695
0,72034,72045,3,144450,144447,144452,0,0,0.999330535475178
0,72034,72124,3,144454,144449,144451,0,0,0.9999835207091397
0,72045,72048,3,144474,144476,144453,2,1,0.9993356354121273
0,72048,72138,3,144482,144477,144456,0,0,0.999993676714293
0,72124,72127,3,144455,144635,144632,1,0,0.9976198743863052
0,72127,72138,3,144638,144457,144633,3,2,0.9987593354377128
0,73467,73468,3,147292,147290,147286,0,0,0.945292452097955
0,73468,73472,3,147294,147293,147289,1,0,0.9981165276950404
0,73480,73494,3,147318,147228,147317,0,0,0.9993340517567018
0,73494,73497,3,147319,147277,147338,0,0,0.9972524907158087
0,74416,74420,3,149158,149171,149172,0,0,0.981294757542151
0,74418,74420,3,149180,149170,149169,0,0,0.95609068673532
0,74684,74693,3,149678,149677,144124,1,0,0.9999990775296087
0,74690,74693,3,149676,149692,144151,0,0,0.9999810032251463
0,74772,74777,3,149859,149862,149860,0,0,0.9992465021268779
0,74777,74778,3,149864,149863,149870,2,1,0.9962406648602784
0,74926,74927,3,150171,150180,150178,0,0,0.999996032759107
0,74926,74937,3,150176,150175,150179,0,0,0.9999896803896532
0,74927,74931,3,150173,150183,150181,0,0,0.9999998976740351
0,74931,74942,3,150192,150190,150183,0,0,0.9996519398396045
0,74937,74941,3,150176,150202,150204,0,0,0.9999947777441659
0,74941,74942,3,150208,150191,150205,0,0,0.9999772322898048
0,75883,75888,3,152114,152111,152046,0,0,0.9995862445000222
0,75892,75894,3,152123,152133,152136,2,1,0.9992703476996561
0,75892,75908,3,152132,152120,152134,2,1,0.9989269253799455
0,75917,75919,3,152180,152178,152139,0,0,0.9952111769521843
0,75919,75932,3,152182,152179,152185,0,0,0.9814687491148528
0,75939,78503,3,152202,152214,152213,0,0,0.9617523080260958
0,76215,76218,3,152713,152729,152726,0,0,0.9895763070016466
0,76215,76221,3,152728,152715,152731,0,0,0.9998389284217328
0,76221,76223,3,152742,152740,152731,0,0,0.9997799735603137
0,76223,76226,3,152746,152741,152732,0,0,0.9986604863062059
0,76835,76839,3,153978,153971,153974,0,0,0.9998668701487425
0,76835,76841,3,153918,153977,153978,0,0,0.9999916515235758
0,76838,76839,3,153982,153987,153975,0,0,0.9997610542202489
0,76838,76844,3,153986,153985,153972,0,0,0.9999388205289405
0,76840,76841,3,153976,153993,153990,0,0,0.999869983363551
0,76840,76844,3,153988,153991,153973,0,0,0.9999975025072958
0,76959,76960,3,154224,154223,154197,0,0,0.9993983991813803
0,76959,76963,3,154216,154225,154199,0,0,0.9995875366211108
0,76960,76976,3,154228,154226,154202,0,0,0.9994039028023293
0,76976,76977,3,154258,154257,154235,0,0,0.999672390695286
0,76977,76982,3,154262,154260,154238,0,0,0.9999855950133404
0,76982,76986,3,154262,154270,154247,0,0,0.9997006214208677
0,77076,77080,3,154407,154458,154456,0,0,0.9999272843945978
0,77079,77083,3,154461,154465,154466,0,0,0.998960891972657
0,77080,77081,3,154413,154459,154469,0,0,0.9995636478712653
0,77081,77083,3,154460,154469,154470,0,0,0.9998767459167982
0,77592,77594,3,155540,155537,155525,0,0,0.9999976105673136
0,77592,77611,3,155536,155539,155523,1,0,0.9947447363739553
0,77701,77703,3,155725,155731,155734,1,0,0.9977660595944167
0,77701,77771,3,155730,155723,155732,0,0,0.9978726296817934
0,77703,77704,3,155738,155741,155735,0,0,0.9991611304008255
0,77704,77774,3,155742,155739,155737,1,0,0.9922973814541738
0,77771,77772,3,155868,155882,155733,0,0,0.9999644454893721
0,77772,77774,3,155886,155736,155883,0,0,0.997566295742753
0,78372,78374,3,157072,157071,157075,2,1,0.9922236200014011
0,78372,81664,3,156834,157073,157076,2,1,0.9979074298560924
0,78463,78468,3,157254,157256,157252,2,1,0.9985280768594452
0,78468,78470,3,157255,157261,157262,2,0,0.9605652659398265
0,78503,78506,3,152215,157339,157326,0,0,0.9936076805623376
0,78506,78508,3,157331,157344,157346,0,0,0.985251407501889
0,78508,78707,3,157337,157345,157349,0,0,0.9731293948968963
0,78786,78789,3,157896,157880,157899,2,1,0.9997051902187815
0,78789,78791,3,157897,157902,157904,2,1,0.9910946342945998
0,78843,78858,3,158004,158008,158007,0,0,0.9926195509468284
0,78858,78860,3,158034,158009,158037,0,0,0.9536116590622575
0,78952,98445,3,158218,158220,158147,0,0,0.9816358762822935
0,78956,98449,3,158223,158229,158232,0,0,0.9708314694636998
0,79236,79241,3,158790,158797,158794,0,0,0.9999996620429787
0,79236,79250,3,158792,158787,158795,0,0,0.9991925938621342
0,79240,79241,3,158791,158798,158802,1,0,0.9999982246537534
0,79240,79253,3,158802,158759,158788,0,0,0.9999903055737472
0,79249,79250,3,158787,158819,158820,0,0,0.9997989108505817
0,79249,79253,3,158776,158789,158821,0,0,0.9998308655261618
0,79766,79774,3,159827,159829,159825,0,0,0.9985373097326861
0,79785,79788,3,159847,159862,159854,0,0,0.9962609216451744
0,79788,79939,3,159849,159869,159861,0,0,0.9918959385935278
0,79802,79806,3,159892,159895,113690,2,1,0.9827463926987827
0,79933,79942,3,160150,160153,160149,0,0,0.9905961208881635
0,79939,79942,3,160151,160160,160156,0,0,0.9995263832862727
0,80580,80585,3,161426,161425,161421,0,0,0.9955103963149592
0,80585,80586,3,161427,161429,161434,0,0,0.9993004228777688
0,80667,80671,3,161594,153801,161597,0,0,0.9986912108125482
0,80670,80674,3,161602,161600,161599,0,0,0.9978582176542472
0,80671,80673,3,161594,161604,161606,0,0,0.9975483822143274
0,80673,80674,3,161601,161610,161606,0,0,0.9873321210703639
0,80810,80813,3,161896,161894,161898,0,0,0.9915896780738561
0,80813,80823,3,161897,161901,161902,0,0,0.997099268076146
0,80864,80865,3,162022,162024,162015,0,0,0.9997774971636147
0,80864,80872,3,162020,162023,162013,0,0,0.997822322957041
0,80872,80876,3,162033,162040,162038,0,0,0.9998971388205254
0,80875,80879,3,162046,162043,162045,1,0,0.9994683401263212
0,80876,80877,3,162041,162050,162048,0,0,0.9999985708414878
0,80877,80879,3,162042,162051,162052,0,0,0.9998909212155744
0,80965,80966,3,162197,162212,162210,0,0,0.9908673961716431
0,80966,82572,3,162198,162213,162214,2,1,0.9963153187637451
0,81349,81351,3,162996,162986,162998,2,1,0.983805631254718
0,81349,81353,3,163000,162997,162973,2,1,0.9994617832975534
0,81363,81384,3,163022,163018,163021,0,0,0.8756649642107565
0,81366,81393,3,163032,163027,163029,0,0,0.9931519242094166
0,81384,81388,3,163023,163041,163066,0,0,0.9995635327058816
0,81388,81392,3,163025,163075,163066,0,0,0.8057298864738429
0,81392,81393,3,163082,163026,163075,0,0,0.26912029395778564
0,81467,81469,3,163262,163258,163248,0,0,0.992173792116398
0,81467,81473,3,163251,163263,163260,1,1,0.9933260478036953
0,81559,81561,3,163436,163433,163361,0,0,0.9966756430486874
0,81559,81563,3,163432,163435,163358,0,0,0.9999917377219446
0,81644,81646,3,163534,163545,163543,2,1,0.9865906923668452
0,81644,81650,3,163544,163540,163546,2,1,0.9682372015522072
0,81759,81762,3,163725,163794,163792,2,1,0.9991657251716982
0,81762,101229,3,163731,163795,163800,1,0,0.8350145513172369
0,81767,81770,3,163812,163810,163814,2,1,0.9921796326455398
0,81770,81783,3,163813,163819,163820,2,1,0.974995898481098
0,81844,81845,3,163945,163967,163959,0,0,0.9962588741854724
0,81845,81847,3,163968,163967,163960,0,0,0.999777500990975
0,81871,81875,3,164016,164014,163964,0,0,0.996591765554225
0,81875,81877,3,164017,163971,164022,1,0,0.9717195607686426
0,82439,82441,3,165084,165136,165140,0,0,0.9999073102680608
0,82439,82443,3,165136,165133,165138,0,0,0.9999777539542648
0,82441,82442,3,165144,165087,165141,0,0,0.9997911223225513
0,82442,82446,3,165146,165145,165143,0,0,0.9999066545784904
0,82443,82444,3,165148,165150,165139,0,0,0.9995650827042455
0,82444,82446,3,165151,165153,165142,0,0,0.9999904541114962
0,82540,82541,3,165348,165351,165292,0,0,0.9763939759667314
0,82540,82542,3,165350,165346,165341,0,0,0.9901522489528761
0,82541,82545,3,165349,165295,165352,0,0,0.9936938976180013
0,82542,82546,3,165347,165356,165354,0,0,0.9877190095117087
0,82592,82609,3,165331,165446,165444,2,1,0.9755057953123691
0,82620,82632,3,165495,165497,165500,3,0,0.9224722479686656
0,82620,82694,3,165496,165492,165499,0,0,0.9852938386477086
0,82692,82694,3,165652,165649,165647,2,1,0.9983957847844585
0,82692,82696,3,165648,165651,165645,0,0,0.9993719527176577
0,83219,83222,3,166741,166748,166753,0,0,0.9999218268275242
0,83219,83302,3,166205,166744,166752,1,0,0.9999990627445465
0,83220,83222,3,166740,166755,166758,1,1,0.9998875635676303
0,83220,83303,3,166756,166743,166759,2,1,0.9998788603845594
0,83300,83302,3,166356,166745,166963,1,0,0.9999673448115092
0,83300,83303,3,166742,166964,166962,0,0,0.999927758172513
0,83966,83968,3,168249,168250,168254,1,1,0.9999971055475483
0,83966,83987,3,168252,168035,168255,3,1,0.9999891854750029
0,83968,83971,3,168257,168259,168251,1,0,0.9999034682671456
0,83971,83992,3,168264,168261,168259,1,0,0.9999574129510496
0,83987,83990,3,168252,168293,168290,2,1,0.9998395059208426
0,83990,83992,3,168296,168291,168261,1,1,0.9996475703052471
0,84141,84175,3,168578,168581,168571,3,1,0.9977612306493233
0,84159,84161,3,168612,168614,168611,0,0,0.9999510052528111
0,84161,84169,3,168613,168617,168618,2,1,0.9959860123011879
0,84175,84177,3,168642,168579,168633,3,1,0.9986332631492895
0,84299,84330,3,168898,168893,168900,2,0,0.8261111894804308
0,84300,85185,3,168895,168903,168906,1,0,0.9907825282587389
0,84318,85205,4,168945,168947,168950;168938,0,0,0.9931607677935013
0,84319,84323,3,168937,168953,168923,0,0,0.9527462438476012
0,84323,84324,4,168960,168953,168928;168962,0,0,0.9839150241038545
0,84324,84337,4,168960,168931,168964;168967,0,0,0.9817616900567732
0,84325,84326,3,168968,168971,168963,0,0,0.9748952393178972
0,84325,84338,3,168948,168969,168959,0,0,0.9998391784046369
0,84326,84339,3,168968,168973,168965,0,0,0.9900355577197125
0,84336,84337,3,169002,169004,168961,0,0,0.9717906037331843
0,84336,84338,3,169004,168989,168959,0,0,0.9989065767663401
0,84337,84339,3,169008,168965,169005,0,0,0.9872884064059185
0,84337,107570,4,169006,169009,168967;168976,0,0,0.8560021731475046
0,84341,84361,3,168979,169010,169012,2,0,0.9999941160429581
0,84341,107574,3,169012,169007,168982,0,0,0.9934795028920717
0,84346,84359,3,169026,169020,169019,2,0,0.9469894928275547
0,84357,84359,3,169021,169059,169052,2,0,0.9506866917272435
0,84451,86789,3,169301,169302,169294,2,0,0.9946445705054615
0,85159,85210,3,170728,170731,170720,0,0,0.982366467620794
0,85165,85181,3,170742,168889,170735,1,0,0.5619200674753
0,85167,85171,4,170736,170747,170752;170749,0,0,0.9324430399079433
0,85167,85206,3,170750,170739,170752,0,0,0.9999084032549006
0,85170,85171,3,170746,170764,170762,0,0,0.9807074688741553
0,85170,85194,3,170760,170745,170762,0,0,0.9871379927628923
0,85171,85173,4,170754,170765,170768;170767,0,0,0.9940745330041095
0,85171,85195,3,170766,170749,170763,0,0,0.9925982848010819
0,85175,85178,3,170773,170776,170774,1,0,0.9885872405107794
0,85175,85181,3,170776,170735,170778,1,0,0.9812650984879996
0,85178,85180,4,170774,170787,170790;170785,0,0,0.8815828244152187
0,85178,85185,3,170788,170777,170791,2,0,0.9999154605443561
0,85180,85191,4,170798,170795,170780;170797,0,0,0.9999997716958513
0,85181,85183,3,170743,170801,170779,0,0,0.9967212066348003
0,85181,85185,4,170777,168895,170800;170803,1,0,0.9952656429293287
0,85183,85194,4,170808,170783,170744;170807,0,0,0.9758097276169837
0,85188,85191,3,170810,170781,170812,0,0,0.9847711385967471
0,85188,85194,3,170782,170814,170812,0,0,0.9866944839465585
0,85190,85191,3,170794,170823,170820,0,0,0.9994720670807427
0,85190,85321,3,170818,170793,170821,0,0,0.9945679727495047
0,85191,85193,4,170810,170823,170826;170825,0,0,0.9962199659836912
0,85191,85198,3,170798,170826,170813,0,0,0.9777224740844274
0,85191,85322,3,170824,170797,170820,0,0,0.9455354449515899
0,85193,85199,4,170832,170817,170827;170835,0,0,0.9999891579430824
0,85193,85324,4,170830,170828,170825;170832,0,0,0.972229968439424
0,85194,85195,3,170808,170839,170763,0,0,0.9845865605695235
0,85194,85196,4,170838,170815,170761;170837,0,0,0.9884252127718456
0,85194,85198,3,170836,170807,170813,0,0,0.9615046950982562
0,85196,85199,3,170840,170817,170837,0,0,0.9596987887379097
0,85199,85228,3,170835,170841,170842,0,0,0.998382209217263
0,85203,85210,3,170721,170857,170854,0,0,0.9841680180172108
0,85203,85216,3,170856,170851,170853,0,0,0.9999256103207306
0,85204,85205,4,170860,170863,168945;170847,0,0,0.9997523093649388
0,85204,85206,3,170862,170859,170844,0,0,0.9796476983924859
0,85209,85211,3,170876,170724,170873,0,0,0.9520835590999676
0,85209,110077,3,170727,170877,170874,0,0,0.9271883305105001
0,85215,85216,3,170851,170882,170880,0,0,0.9187737038988575
0,85215,85217,3,170882,170757,170879,0,0,0.9828416978097102
0,85314,85317,3,170944,171058,171056,0,0,0.6776405132167408
0,85315,85318,3,171053,171059,171060,0,0,0.987477014248004
0,85317,85331,3,171066,171068,170949,0,0,0.9342707211704562
0,85321,85325,3,171070,171057,171072,0,0,0.9989076202252944
0,85322,85326,3,171074,171061,171073,0,0,0.8558396381523445
0,85324,85347,4,170830,171079,171082;171081,0,0,0.9913645000796198
0,85325,85338,3,171084,171067,171086,0,0,0.9931470763762024
0,85331,85338,3,171066,171099,170963,0,0,0.9982795262286004
0,85338,85342,3,171110,171099,170968,0,0,0.8790807979121248
0,85340,85344,3,171112,171111,171114,0,0,0.9269273999096131
0,85342,85367,3,171118,170970,171120,0,0,0.8561220387903875
0,85343,85368,3,171109,171121,171122,1,0,0.837749292254959
0,85347,85349,3,171128,171130,171081,0,0,0.7951941757890099
0,85347,85350,3,171130,170885,171083,0,0,0.9982808349092042
0,85349,85353,3,171133,171135,171093,0,0,0.5293623025321407
0,85355,85399,3,171140,171127,171138,0,0,0.9900148321936033
0,85367,85371,3,171160,171030,171162,0,0,0.8572025975719705
0,85368,85372,3,171163,171145,171164,2,0,0.8250019500871113
0,85369,85373,3,171166,171169,171161,0,0,0.16065076638034329
0,85370,85374,3,171170,171168,171165,0,0,0.13487828475687083
0,85384,85386,3,171206,171202,171175,0,0,0.9074205234103758
0,85384,85391,3,171180,171207,171204,1,1,0.8634217146557637
0,85385,85389,3,171201,171210,171208,0,0,0.18308217105884997
0,85386,85390,3,171211,171213,171203,0,0,0.9998547274973586
0,85386,85392,3,171206,171214,171212,0,0,0.9925853302693759
0,85388,85390,3,171203,171218,171220,1,0,0.9951553394744584
0,85389,85390,3,171222,171211,171225,0,0,0.9768751187820812
0,85390,85494,3,171226,171219,171222,0,0,0.8322987960044295
0,85399,85402,3,171238,171236,171171,0,0,0.9998514888727468
0,85402,85403,3,171238,171242,171246,0,0,0.9695776744671971
0,85402,85407,4,171242,171240,171179;171244,0,0,0.9727666428220156
0,85490,85525,3,171416,171415,171419,4,1,0.999357666597081
0,85492,85494,3,171219,171422,171424,0,1,0.921833955654949
0,85494,85498,3,171428,171423,171427,0,0,0.9862298092598208
0,85496,85498,3,171423,171433,171435,0,0,0.9608247096042555
0,85499,85501,3,171231,171425,171440,1,0,0.3754249908905235
0,85502,85504,3,171441,171446,171448,0,0,0.98618837024012
0,85504,85514,3,171454,171437,171447,0,0,0.9862659325736299
0,85504,85556,4,171439,171455,171456;171445,0,0,0.9909999050518451
0,85512,85514,4,171474,171467,171447;171473,0,0,0.9998794991581079
0,85513,85515,3,171478,171451,171475,0,0,0.9172216686363432
0,85513,85541,4,171476,171460,171453;171479,2,0,0.9301349908572135
0,85514,85515,3,171480,171482,171474,0,0,0.9935032764959668
0,85515,85561,4,171483,171485,171486;171459,0,0,0.9838911596286131
0,85533,85543,3,171515,171520,171522,2,0,0.8744121684423773
0,85539,85599,4,171525,171536,171534;171529,0,0,0.9986508969583311
0,85541,85543,3,171477,171515,171540,3,0,0.9072268725479706
0,85543,85545,3,171546,171541,171545,0,0,0.933405699973183
0,85545,85546,3,171547,171552,171550,0,0,0.9601862455679625
0,85545,85566,3,171543,171497,171552,0,0,0.9999699087636754
0,85545,85605,3,171545,171550,171495,0,0,0.47157575416466135
0,85552,85554,4,171568,171563,171264;171565,0,0,0.9976622570754518
0,85552,85556,4,171560,171567,171564;171445,0,0,0.9972217463809835
0,85556,85557,4,171574,171457,171567;171576,0,0,0.9338625038807837
0,85557,85559,3,171577,171579,171571,0,0,0.9973922991197289
0,85557,85561,3,171578,171575,171459,0,0,0.9982316537705341
0,85561,85564,3,171580,171487,171582,0,0,0.988052417430264
0,85564,85566,3,171581,171543,171584,0,0,0.9999608453455654
0,85580,85592,3,171591,171610,171608,2,1,0.7992747968877535
0,85580,85607,3,171610,171593,171605,2,0,0.6824081425394083
0,85585,85592,3,171590,171625,171628,1,0,0.436872811028787
0,85596,85616,3,171638,171642,171640,2,2,0.9850801761860355
0,85599,85600,4,171646,171537,171650;171653,0,0,0.9637253977772432
0,85600,85602,3,171651,171657,171654,0,0,0.9774849243549598
0,85600,85610,3,171658,171653,171655,0,0,0.9748292383344215
0,85600,110132,4,171648,171539,171656;171658,0,0,0.9120674539051992
0,85601,85602,3,171660,171651,171663,0,0,0.9896807813334165
0,85603,85604,3,171636,171668,171666,0,0,0.9315174469215503
0,85603,85605,3,171544,171607,171668,2,0,0.13290116997020787
0,85609,85610,3,171678,171680,171652,0,0,0.972024598642382
0,85609,85611,3,171680,171673,171557,0,0,0.9999330246963298
0,85611,85629,3,171684,171675,171558,0,0,0.9991745918325178
0,85615,85616,3,171639,171689,171686,0,0,0.9308131455351868
0,86439,86440,3,173296,173289,173299,0,0,0.9989820600321446
0,86439,86445,3,173287,173295,173298,0,0,0.9999990760487648
0,86440,86450,3,173300,173291,173296,2,0,0.9992144590783666
0,86445,86459,3,173304,173306,173295,2,0,0.9991979159313648
0,86450,86460,3,173311,173313,173300,1,1,0.9999926314777334
0,86459,86460,3,173334,173310,173307,1,1,0.9999903881045488
0,86788,86789,3,174026,169300,174005,2,1,0.9909148949499459
0,87211,87215,3,175002,175006,174995,0,0,0.9999999022072193
0,87211,87249,3,174998,175008,175006,1,0,0.999859451748372
0,87213,87215,3,175014,175013,174994,0,0,0.9999962878370361
0,87213,87251,3,174919,175015,174997,1,0,0.9999503790182189
0,87247,87249,3,175072,174999,175069,1,1,0.9999894301967422
0,87247,87251,3,174996,175070,175068,0,0,0.9999933664656956
0,87888,87891,3,176202,176204,176198,0,0,0.9819042955409463
0,87891,87894,3,176208,176203,176207,2,0,0.9757943405587188
0,88004,112123,3,176454,176457,176451,0,0,0.8919016378511777
0,88015,112133,3,176478,176458,176475,0,0,0.9971354569875346
0,88057,88058,3,176566,176331,176562,2,0,0.9999503290139847
0,88057,88061,3,176534,176566,176559,2,1,0.9986419354806312
0,88061,88062,3,176574,176567,176568,2,1,0.9972442009468363
0,89191,89192,3,178828,178819,178831,2,1,0.9999913221454954
0,89191,89225,3,178816,178826,178830,0,0,0.9992142556919882
0,89192,89195,3,178823,178829,178832,1,1,0.9980825231051828
0,89195,89229,3,178839,178841,178833,2,1,0.9976679412414861
0,89225,89228,3,178892,178827,178894,0,0,0.9994449663152979
0,89228,89229,3,178900,178838,178895,0,0,0.9978666614587943
0,89341,89342,3,179116,179113,179119,0,0,0.9822814508661822
0,89342,89345,3,179115,179117,179120,0,0,0.9835636522773444
0,89470,89476,3,179378,179375,179381,3,2,0.999671423245872
0,89470,89482,3,179373,179376,179380,2,1,0.9995312008406387
0,89476,89487,3,179378,179396,179394,3,2,0.9999753329765696
0,89482,89492,3,179404,179377,179407,2,0,0.9982036574945328
0,89487,89498,3,179395,179414,179411,3,3,0.999074281121006
0,89492,89498,3,179430,179410,179407,2,0,0.9998181495018452
0,89534,89546,3,179502,179505,179498,1,0,0.9988622251675615
0,89534,89567,3,179496,179500,179504,2,1,0.9999157862079688
0,89546,89549,3,179502,179523,179524,1,0,0.9932575381443914
0,89567,89570,3,179501,179567,179564,3,1,0.9787647560505728
0,89964,89965,3,180374,180376,180355,0,0,0.999837472488521
0,89965,89969,3,180378,180375,180357,1,0,0.9902796365281539
0,90109,90111,3,180724,180723,180721,0,0,0.9998662105970602
0,90109,90190,3,180722,177437,180718,1,0,0.9996065208432114
0,90110,90111,3,180720,180731,180728,0,0,0.9999464234306932
0,90110,90191,3,180726,180717,180729,0,0,0.9998407079897309
0,90189,90190,3,177600,180719,180912,0,0,0.9996153522827845
0,90189,90191,3,180912,180905,180716,1,0,0.9999565081731826
0,90880,90882,3,182186,182182,182160,0,0,0.9999772857158934
0,90880,90887,3,182180,182186,182184,1,0,0.997036833846346
0,90882,90884,3,182190,182192,182183,0,0,0.999985214086688
0,90884,90891,3,182189,182193,182196,3,1,0.9993864218765744
0,91273,91277,3,183015,183020,183024,0,0,0.9999523274166341
0,91273,91305,3,183026,183023,183025,2,1,0.999988388792969
0,91276,91277,3,183029,183030,183021,0,0,0.9999609496205658
0,91276,91308,3,183018,182967,183030,1,0,0.9999880626381586
0,91304,91305,3,183023,183090,183088,1,0,0.9999786574761147
0,91304,91308,3,183086,183019,183089,0,0,0.9999988052594676
0,91336,91339,3,183142,183141,183144,1,0,0.9997481147181672
0,91336,92340,3,182838,183142,183146,0,0,0.9987492913776208
0,91615,91616,3,183656,183663,183275,0,0,0.9955722302016987
0,91615,91618,3,183660,183655,130039,0,0,0.36419802756831865
0,91616,92437,3,183664,183663,183276,0,0,0.9937276091679652
0,91649,91653,4,183752,183745,183682;183754,0,0,0.9957828027191115
0,91704,91785,4,183854,183858,183856;183853,0,0,0.9989343607495407
0,91713,91714,3,183894,183897,183886,0,0,0.9987227975978231
0,91713,91717,3,183892,183895,183883,0,0,0.8584232757625414
0,91930,91932,3,132505,184328,184330,1,0,0.9975050915313218
0,91932,92230,3,132511,184329,184335,0,0,0.996971742495442
0,92254,92260,3,184940,184929,184943,0,0,0.9110294950885007
0,92254,92267,3,184927,184941,184938,0,0,0.9797139004918618
0,92311,92312,3,185030,185027,185021,0,0,0.9978711438756953
0,92311,92314,3,185026,185029,185025,0,0,0.9999974389336621
0,92314,92329,3,185029,185036,185034,0,0,0.9999951512187916
0,92329,92330,3,185037,185058,185052,0,0,0.9997734540315544
0,92412,92421,3,185111,185205,185197,1,0,0.9831788033821244
0,92414,92415,3,185208,185211,185199,2,1,0.9987595860934297
0,92414,92421,3,185210,185206,185197,1,0,0.9998104586464729
0,92498,92500,3,185352,134099,185350,2,1,0.9921588608658255
0,92500,92507,3,134105,185357,185351,1,0,0.9990709276552474
0,92749,92751,3,185834,185836,185832,2,0,0.9985061440556754
0,92751,92782,3,185840,185835,185839,2,1,0.9961562071061772
0,92968,92971,3,186270,186272,186238,2,1,0.9811388805806559
0,92971,92976,3,186276,186271,186247,2,1,0.9432601289960146
0,93409,93421,3,187142,187137,187141,0,0,0.9998777298643139
0,93416,93423,3,187139,187158,187156,4,1,0.9957203470311172
0,93443,93447,4,187224,187215,187220;187226,2,2,0.999994889207159
0,93462,93466,3,187265,187268,187272,2,1,0.9998761826117093
0,93464,93466,3,187278,187264,187277,2,1,0.928835389834959
0,93464,93482,3,187267,187278,187191,2,1,0.9360752497157112
0,93480,93482,3,187266,187306,187219,2,1,0.99987025568633
0,93852,93853,3,188012,188015,188007,2,1,0.9447037992900761
0,93852,93878,3,188004,188013,188010,3,1,0.9999700195483082
0,93853,93879,3,188012,188016,188009,2,1,0.9605876992651066
0,93856,93884,3,188022,188025,188011,2,1,0.9943122820695077
0,93880,93881,3,188021,188072,188067,3,1,0.9999991574009338
0,93881,93884,3,188023,188074,188069,3,1,0.9997746971177761
0,94051,94052,3,188412,188415,188397,0,0,0.9997553958885937
0,94052,94256,3,188416,188413,188399,0,0,0.9996653865015227
0,94107,94113,3,188554,188549,188557,0,0,0.9995127117860679
0,94107,95000,3,188547,188553,188556,0,0,0.9999865503244747
0,94110,94113,3,188562,188559,188548,1,0,0.9982748007070864
0,94110,95003,3,188529,188562,188551,1,0,0.9999243865643929
0,94175,94203,3,188694,188692,188687,2,1,0.9787629112655397
0,94203,94209,3,188693,188748,188747,2,1,0.9794396052740554
0,94329,94335,3,188997,188998,189000,3,2,0.9999825727461602
0,94335,94407,3,189015,188999,189016,3,1,0.9935052576268818
0,94518,94519,3,189362,189301,189364,2,1,0.08237644581137016
0,94519,94523,3,189363,189303,189366,0,0,0.4713673896312345
0,94786,94789,3,189910,189918,189916,4,1,0.9999236526107853
0,94786,94819,3,189918,189914,189913,4,1,0.9993683144780825
0,94819,94821,3,189984,189982,189981,4,1,0.9994181673496703
0,94821,94831,3,189990,189988,189987,4,1,0.9988964059342528
0,94826,94828,3,190000,189997,189993,3,1,0.9996716476107059
0,94828,94838,3,190004,189999,189995,3,1,0.9974849768786583
0,94833,95997,3,190016,190014,190013,4,2,0.9993114655058103
0,94838,94840,3,190019,190022,190026,4,2,0.9989622217072652
0,94840,96004,3,190030,190025,190021,3,1,0.9985326656996398
0,94947,94951,3,190238,190249,190250,0,0,0.999808935521773
0,94949,94951,3,190258,190248,190245,0,0,0.9969721996135106
0,94996,95000,3,190336,190339,188547,0,0,0.9973078979034338
0,94996,95003,3,190338,190333,188550,0,0,0.9995213457561989
0,95022,95030,3,190375,190377,190380,2,1,0.9965351726808938
0,95022,95035,3,190376,190372,190379,2,1,0.9999934336733761
0,95071,95073,3,190440,190444,190448,0,0,0.9999977936333991
0,95071,95208,3,190431,190446,190444,1,0,0.9987652679849363
0,95073,95074,3,190449,190455,190452,0,0,0.9999257968297356
0,95074,95211,3,190456,190451,190453,0,0,0.9974893622409025
0,95131,95132,3,190584,190574,190581,0,0,0.9999325713009267
0,95131,95167,3,190580,190543,190582,0,0,0.9995317077584437
0,95132,95134,3,190584,190588,190586,0,0,0.9986607177305724
0,95134,95171,3,190592,190587,190591,0,0,0.9973506536427146
0,95167,95170,3,190658,190583,190661,0,0,0.9979298282626262
0,95170,95171,3,190661,190663,190590,0,0,0.9999916564543048
0,95208,95209,3,190554,190447,190740,1,0,0.9991897004417969
0,95209,95211,3,190741,190743,190451,0,0,0.9999935663893886
0,95349,95351,3,191027,191028,191032,0,0,0.9999864319735978
0,95349,95364,3,190965,191030,191028,0,0,0.9988591412955397
0,95351,95353,3,191033,191038,191036,0,0,0.9997583337957365
0,95353,95368,3,191042,191041,191037,2,1,0.9999850127683799
0,95364,95366,3,190997,191031,191066,0,0,0.9999100579335537
0,95366,95368,3,191068,191067,191040,0,0,0.9998168143197488
0,95584,95588,3,191514,191512,191480,0,0,0.9135025457676754
0,95588,95591,3,191518,191515,191491,0,0,0.8125029855892824
0,95734,95738,3,191806,191808,191783,0,0,0.985498713030185
0,95738,95741,3,191809,191816,191787,3,0,0.9855837114099338
0,96003,96006,3,192336,192335,192329,2,1,0.9998092439152456
0,96004,96006,3,192338,192334,192333,3,1,0.9984697409124305
0,96524,96539,3,193323,193346,193341,0,0,0.4143155963284383
0,96530,96561,3,193361,193362,193364,0,0,0.7769778142326613
0,96531,96539,3,193368,193322,193359,0,0,0.3168107843876752
0,96559,96561,3,193422,193360,193419,0,0,0.9692751323493464
0,97314,97366,3,194910,194908,194912,1,1,0.9921550448937403
0,97366,97368,3,194911,195011,195012,0,0,0.9964751419834276
0,97515,97519,3,195308,195307,195311,0,0,0.9999890503361012
0,97515,97526,3,195285,195312,195310,0,0,0.9999528449188274
0,97519,97562,3,195309,195320,195322,0,0,0.9999662147515951
0,97526,97581,3,195330,195313,195332,1,0,0.9997309538052009
0,97562,97585,3,195396,195395,195323,0,0,0.9999852432881711
0,97581,97585,3,195436,195394,195333,1,1,0.999996844865957
0,97763,97767,3,195813,195817,195814,0,0,0.9999943613440633
0,97763,97768,3,195816,195787,195818,0,0,0.9999828127238234
0,97767,97771,3,195828,195827,195815,0,0,0.9999457952681023
0,97768,97772,3,195795,195819,195830,0,0,0.9999720874738824
0,97771,97776,3,195834,195829,195833,0,0,0.9999523887377484
0,97772,97776,3,195836,195832,195831,1,1,0.9999807259108825
0,98249,98251,3,196767,196769,196760,0,0,0.9999945677311294
0,98250,98251,3,196772,196766,196765,2,0,0.9999980753353229
0,98302,98306,3,196883,196884,196886,1,1,0.9998353903688401
0,98306,98308,3,196889,196885,196891,0,0,0.9911677724657351
0,98445,98446,3,158221,197150,197145,0,0,0.979586159008642
0,98446,98449,3,197152,158222,197151,0,0,0.9857830292842952
0,98649,98650,3,197556,197558,197551,0,0,0.9814265058690905
0,98650,98652,3,197559,197560,197552,0,0,0.9799069619647862
0,98697,98699,3,197637,197646,197648,0,0,0.2846674972075592
0,98699,98702,3,197642,197647,197650,0,0,0.5398990100193682
0,98742,98840,3,197753,197754,197758,0,0,0.990238317290287
0,98838,98840,3,197752,197971,197974,0,0,0.9991269963660236
0,99352,99354,3,198968,198967,198485,0,0,0.9951577764622918
0,99354,99355,3,198970,198969,198487,0,0,0.9918090936541908
0,99750,99751,3,199477,199739,199742,0,0,0.999985397469649
0,99750,99752,3,199729,199740,199738,1,0,0.9994565364877634
0,99751,99755,3,199744,199479,199743,0,0,0.9999691404203173
0,99752,99756,3,199735,199746,199741,0,0,0.9999775706437041
0,99755,99757,3,199750,199745,199749,1,0,0.9998219516989273
0,99756,99757,3,199747,199752,199748,2,0,0.999609857417197
0,100032,100034,3,200305,200307,200310,0,0,0.9999885939393514
0,100032,100035,3,200306,200287,200308,2,1,0.9998419802537765
0,100034,100038,3,200314,200316,200311,1,0,0.999275806825579
0,100035,100039,3,200293,200319,200309,2,1,0.9998318610632325
0,100038,100041,3,200322,200315,200321,2,1,0.9999839430959934
0,100039,100041,3,200324,200319,200320,1,1,0.9958444903525349
0,100358,100359,3,200980,200982,200976,0,0,0.9979848029779399
0,100358,100361,3,200978,200981,200975,0,0,0.9972776918638601
0,100528,100531,3,201304,201302,201271,0,0,0.9999595563178674
0,100530,100531,3,201276,201303,201311,0,0,0.9999479487841609
0,100869,100872,3,201966,201965,201968,1,0,0.9995834920881674
0,100869,104015,3,201970,201962,201966,0,0,0.9998644668205169
0,100872,100873,3,201976,201978,201969,0,0,0.9998667465528954
0,100873,104019,3,201973,201980,201979,0,0,0.9999974144119979
0,101141,101142,3,202520,202183,202519,0,0,0.9994470183342878
0,101142,101146,3,202521,202187,202522,2,1,0.9986480835304727
0,101213,101263,3,202648,202646,202625,0,0,0.933771540317663
0,101263,101265,3,202647,202746,202698,0,0,0.9163794812628288
0,101462,101464,3,203134,203133,203117,0,0,0.9976772702132015
0,101464,101471,3,203133,203137,203123,0,0,0.9852623585865418
0,101804,101806,3,203802,203765,203799,1,0,0.9990512382028418
0,101804,101810,3,203763,203801,203798,1,0,0.9998530669997217
0,101806,101807,3,203806,203795,203803,1,0,0.9986157850309054
0,101807,101813,3,203805,203808,203806,1,0,0.989850556392809
0,101810,101811,3,203814,203816,203801,0,0,0.9992940577647921
0,101811,101813,3,203804,203819,203817,0,0,0.9999937998952063
0,102303,102304,3,204792,204800,204804,0,0,0.9999136796922476
0,102303,102317,3,204800,204798,204802,0,0,0.9999694487128381
0,102304,102307,3,204806,204795,204804,1,0,0.9999394580767571
0,102307,102321,3,204807,204812,204811,0,0,0.9999860477256882
0,102317,102320,3,204828,204831,204803,2,0,0.9999690639904762
0,102320,102321,3,204831,204833,204811,1,0,0.9997841167556373
0,102414,102440,3,205009,205013,205007,0,0,0.9606046673835833
0,102438,102440,3,205008,205061,205062,0,0,0.9676400196359027
0,102490,102516,3,205171,205176,205182,0,0,0.8587452483715008
0,102500,102501,3,205206,205205,205199,0,0,0.9952429746970742
0,102513,102516,3,205230,205170,205229,0,0,0.9351092543804057
0,102609,102611,3,205390,205397,205398,1,0,0.999976027684501
0,102611,102666,3,205393,205401,205403,0,0,0.9995203768468401
0,102617,102619,3,205395,205415,205416,0,0,0.9997385858111584
0,102665,102666,3,205400,205515,205512,0,0,0.9999543823439593
0,102972,102983,3,206127,206134,206109,1,0,0.9779977610687356
0,102977,102983,3,206126,206121,206148,0,0,0.9873357176182848
0,103256,103260,3,206668,206684,206682,1,0,0.994621750114837
0,103259,103263,3,206687,206693,206689,0,0,0.9931113228115085
0,103260,103261,3,206678,206685,206696,0,0,0.996869647654968
0,103261,103263,3,206686,206697,206700,1,0,0.9917423562303412
0,103268,103270,3,206675,206715,206718,0,0,0.9998891018629334
0,103268,103272,3,206714,206672,206716,2,0,0.9998827035710197
0,103270,103271,3,206722,206677,206719,0,0,0.9993591840632589
0,103271,103275,3,206723,206725,206721,1,0,0.9999581294544341
0,103272,103273,3,206728,206730,206717,0,0,0.9989743269737743
0,103273,103275,3,206734,206731,206720,0,0,0.9999689243334998
0,103517,103518,3,207186,207198,207196,0,0,0.9999987067168188
0,103517,103521,3,207194,207185,207197,0,0,0.9997955448127817
0,103518,103520,3,207202,207200,207199,0,0,0.9998975951626673
0,103520,103524,3,207204,207207,207201,0,0,0.9999870179064568
0,103521,103523,3,207195,207191,207208,1,0,0.9998256617103172
0,103523,103524,3,207209,207213,207205,0,0,0.999968443296358
0,103927,124360,3,208012,208014,207991,0,0,0.9999533086883305
0,104015,104016,3,201971,208169,208188,0,0,0.9995706027329706
0,104016,104019,3,201973,208191,208189,0,0,0.9999825992965657
0,104212,104213,3,208628,208631,208624,0,0,0.9985111965019992
0,104212,104215,3,208626,208629,208623,0,0,0.9970011133616693
0,105124,105162,3,210446,210432,210449,1,0,0.9753032625417354
0,105162,105164,3,210447,210471,210526,0,0,0.959595987935222
0,105308,105402,3,210826,210823,210821,4,2,0.9990253392270679
0,105308,105466,3,210822,210825,210819,0,0,0.9999807920237527
0,105572,105574,3,211310,211313,211309,2,1,0.9962329907076899
0,105574,105584,3,211316,211318,211314,2,1,0.973052671526132
0,106101,106110,3,212452,212469,212470,0,0,0.9977121927271713
0,106101,129213,3,212455,212462,212471,0,0,0.9944799875703209
0,106106,106108,3,212491,212493,212496,0,0,0.9982380127034474
0,106106,106110,4,212488,212495,212492;212453,0,0,0.9998258657934976
0,106106,129221,3,212457,212496,212494,0,0,0.9997417873677512
0,106107,106108,3,212500,212490,212502,0,0,0.997676678969182
0,106107,106111,3,212487,212501,212498,0,0,0.9963853209222037
0,106137,129258,3,212552,212551,212558,0,0,0.9865599277077585
0,106493,106496,3,213355,213361,213358,0,0,0.9997435237454548
0,106493,106719,3,213362,213357,213359,0,0,0.999486711217113
0,106495,106496,3,213370,213355,213373,1,0,0.999777282135108
0,106495,106721,3,213372,213341,213352,1,0,0.9999860314829155
0,106704,106708,3,213817,213821,213811,0,0,0.9996751711420012
0,106704,106711,3,213814,212989,213820,0,0,0.9998829694891217
0,106706,106708,3,213830,213827,213810,0,0,0.9996980819580986
0,106706,106713,3,213828,213831,213813,0,0,0.9998138741564705
0,106709,106711,3,213836,213815,213833,0,0,0.9997744792741821
0,106709,106713,3,213812,213834,213832,1,1,0.9997874575469353
0,106718,106719,3,213357,213825,213842,0,0,0.9999759409710169
0,106718,106721,3,213353,213804,213842,1,0,0.9999900822138854
0,107375,107377,3,215030,215025,215026,3,2,0.9999582110512111
0,107375,107381,3,215028,214789,215030,2,2,0.9999882837327734
0,107377,107380,3,215033,215027,215035,0,0,0.9999604980971886
0,107380,107386,3,215042,215036,215035,2,0,0.9997617166452847
0,107381,107384,3,215029,215046,215044,1,1,0.9999971171058436
0,107384,107386,3,215050,215037,215044,1,1,0.999894658067031
0,107552,107556,4,215370,215359,215367;215372,0,0,0.9377824987648813
0,107556,107557,3,215379,215385,215382,0,0,0.9499006066852101
0,107556,110083,3,215384,215375,215373,0,0,0.9864521225017352
0,107557,107579,3,215386,215381,215382,0,0,0.9347599538244791
0,107560,107570,3,215394,215392,168977,0,0,0.18628157317468688
0,107561,107565,3,215396,215390,215398,0,0,0.9883539528143108
0,107562,107574,3,215400,215393,168983,0,0,0.8663545227643695
0,107568,107569,3,215410,215406,215413,0,0,0.9768745067845012
0,107570,107571,4,215414,215363,215394;215417,0,0,0.978143166289191
0,107570,107574,3,169006,215415,215393,0,0,0.989582768336909
0,107571,107576,4,215418,215365,215399;215420,0,0,0.9925361068427542
0,107574,107575,3,215422,215415,215401,0,0,0.993216662297375
0,107575,107580,3,215424,215419,215402,0,0,0.9872671633113135
0,107576,107580,3,215419,215429,215426,0,0,0.9994027964458285
0,107579,107585,3,215433,215439,215436,0,0,0.8819717627966468
0,107580,107581,4,215440,215442,215412;215429,0,0,0.9983327656691976
0,107581,107710,3,215441,215447,215444,0,0,0.996063294824119
0,107585,107587,3,215452,215451,215437,0,0,0.8813830011755034
0,107587,107730,4,215448,215458,215456;215455,0,0,0.9806148873809877
0,107587,110087,3,215460,215453,215456,0,0,0.9953679656412304
0,107699,107715,3,215709,215713,215710,3,1,0.9925614636115925
0,107702,107705,3,215720,215715,215722,0,0,0.9855990917269082
0,107709,107712,3,215719,215735,215731,0,0,0.9999561644507661
0,107710,107713,3,215734,215737,215723,0,0,0.9762573101262533
0,107710,107729,3,215736,215447,215738,0,0,0.9942332744902892
0,107712,107722,3,215733,215727,215741,2,0,0.9978541064804608
0,107713,107732,3,215742,215737,215728,0,0,0.9879038175723079
0,107715,107717,3,215745,215749,215746,3,1,0.9947183013600104
0,107729,107730,3,215739,215771,215454,0,0,0.9884353116279054
0,107730,107731,3,215772,215459,215775,0,0,0.9918759071392389
0,107731,110090,3,215463,215776,215775,0,0,0.974424540672984
0,107732,107734,3,215770,215779,215782,0,0,0.9999608588302824
0,107732,107742,4,215778,215742,215769;215781,0,0,0.9969012948212443
0,107734,107735,3,215786,215773,215783,0,0,0.9987835427108327
0,107735,107745,3,215788,215786,215785,0,0,0.5082664465364847
0,107742,107746,4,215760,215805,215802;215795,0,0,0.9985288328905814
0,107745,107749,4,215807,215812,215810;215808,0,0,0.9502630704337232
0,107746,107802,4,215764,215817,215814;215801,0,0,0.9995341698495377
0,107749,107751,3,215822,215825,215813,0,0,0.9931844919240044
0,107749,107805,3,215819,215822,215820,0,0,0.7736972660352676
0,107759,107760,3,215848,215845,215851,2,1,0.9999537120808798
0,107759,107761,3,215843,215846,215850,3,1,0.9999993071361513
0,107760,107765,3,215848,215854,215852,2,1,0.9995746280508685
0,107761,107766,3,215841,215847,215857,2,1,0.9972664187769456
0,107765,107767,3,215853,215862,215861,2,1,0.999937579535782
0,107766,107767,3,215868,215857,215860,2,1,0.9994256941743653
0,107802,107806,4,215896,215940,215938;215931,0,0,0.9993284838400062
0,107805,107809,4,215943,215949,215946;215945,0,0,0.8634182874723909
0,107805,107810,3,215948,215823,215951,0,0,0.9949002856376397
0,107809,107823,3,215958,215955,215956,0,0,0.4761291238550429
0,107823,107827,3,215982,215979,215980,0,0,0.9778278422874603
0,107826,107827,4,215981,215991,215988;215987,0,0,0.9863286696014967
0,107827,110101,3,215983,215993,215991,0,0,0.9937659856924935
0,107909,107911,3,216166,216163,216142,0,0,0.7409164640992151
0,107909,107936,3,216145,216167,216164,0,0,0.7562924619380984
0,107911,107937,3,216153,216166,216168,0,0,0.7786044261440774
0,108074,108075,3,216486,216483,216489,1,0,0.9999988965183644
0,108075,108077,3,216490,216487,216492,0,0,0.9999540208627034
0,108077,108123,3,216495,216497,216490,2,0,0.9995384847169412
0,108122,108123,3,216494,216571,216586,2,0,0.9998336036281033
0,108852,108854,3,218106,218105,217780,2,1,0.9758865957889451
0,108852,131483,3,212505,218107,217783,2,1,0.9882472596593291
0,109181,109183,3,218695,218696,218698,2,0,0.9985406788046858
0,109183,109186,3,218700,218697,218703,0,0,0.9880684944739416
0,109996,110000,3,220377,220381,220371,0,0,0.9999981572481517
0,109996,110003,3,220380,220383,220374,0,0,0.9999708265040276
0,109998,110000,3,220386,220385,220370,0,0,0.9999508161800151
0,109998,110005,3,220017,220387,220373,1,0,0.9999886759674556
0,110001,110003,3,220392,220375,220389,0,0,0.9999400826219813
0,110001,110005,3,220372,220390,220388,0,0,0.9999379393164034
0,110106,110107,3,220500,216161,220502,0,0,0.9979679657288337
0,110106,110130,3,171533,220500,220498,0,0,0.9915488566619177
0,110107,110113,3,220497,220506,220504,0,0,0.9791256075565331
0,110108,110132,3,171539,220499,220509,0,0,0.9315354220763027
0,110111,110126,3,216169,220517,220495,0,0,0.9860543383659719
0,110113,110115,3,220507,220521,220522,0,0,0.9987302038726994
0,110113,110137,3,220520,216175,220505,0,0,0.930420050647781
0,110120,110121,3,220530,216198,220489,0,0,0.9985289680432802
0,110120,110122,3,216197,220530,220491,0,0,0.9937865432282206
0,110122,110126,3,220532,216201,220494,0,0,0.9999281751020184
0,110130,110132,3,220499,220536,171649,0,0,0.9314648845379685
0,110133,110141,3,220544,220543,220511,0,0,0.9908363485619057
0,110141,110144,3,220529,220553,220545,0,0,0.9893753111486929
0,110237,110238,3,220693,220715,220712,2,0,0.9988610377858027
0,110237,110239,3,220697,220710,220714,0,0,0.9998183611665922
0,110238,110242,3,220716,220718,220713,4,1,0.999353058217819
0,110239,110243,3,220702,220711,220720,2,0,0.9999426526623175
0,110242,110244,3,220724,220723,220717,1,0,0.9999478199034395
0,110243,110244,3,220726,220722,220721,0,0,0.9999984916101833
0,110811,110817,3,221826,221832,221830,0,0,0.9999648691820173
0,110811,110825,3,221828,221825,221831,0,0,0.9993748301985587
0,110817,110833,3,221846,221833,221844,0,0,0.9975640275702197
0,110825,110838,3,221829,221856,221858,0,0,0.9943880857503218
0,110833,110842,3,221870,221866,221845,1,0,0.9980305484329562
0,110838,110842,3,221884,221867,221859,0,0,0.9942403366666392
0,110898,110899,3,222000,222002,221995,0,0,0.5264227262226464
0,110899,110901,3,222003,222004,221996,0,0,0.7901273179914513
0,111049,111050,3,222294,222300,222304,0,0,0.9994824876633315
0,111049,111301,3,222300,222289,222302,0,0,0.9987840501918999
0,111050,111053,3,222306,222297,222305,0,0,0.999999203857797
0,111053,111305,3,222312,222307,222311,0,0,0.9999897288771129
0,111102,111103,3,222408,222405,222411,2,1,0.9994777281689651
0,111103,111115,3,222409,222407,222412,0,0,0.9997623927745782
0,111299,111307,3,222799,222803,222806,1,1,0.9999346526635792
0,111299,111314,3,222802,222801,222804,0,0,0.999977072234385
0,111301,111304,3,222810,222812,222303,0,0,0.9996541731520203
0,111304,111305,3,222813,222815,222311,0,0,0.9998739515513924
0,111307,111308,3,222822,222824,222807,1,1,0.9996494662132058
0,111308,111320,3,222826,222823,222809,0,0,0.9998472243456172
0,111314,111315,3,222835,222838,222805,1,1,0.9998886800779437
0,111315,111320,3,222842,222839,222808,0,0,0.9997466779778686
0,111463,111465,3,223164,223161,223127,0,0,0.7330553153372771
0,111463,111468,3,223138,223165,223162,0,0,0.933121050146523
0,112123,112126,3,224428,176455,224430,1,0,0.9997969062407606
0,112126,112133,3,176459,224428,224437,2,1,0.998507465515851
0,112159,112161,3,224501,224502,224494,1,0,0.9960864191548207
0,112160,112161,3,224506,224500,224499,2,0,0.9854066958969364
0,112518,112519,3,225220,224883,225223,2,1,0.9994828967043785
0,112518,112520,3,224881,225218,225222,3,1,0.9996723531962046
0,112519,112523,3,225221,224887,225224,2,1,0.9995034270036595
0,112520,112524,3,225226,225219,225228,3,1,0.9991447618351048
0,112523,112525,3,225225,225232,225231,2,1,0.9996703637337915
0,112524,112525,3,225238,225230,225229,2,1,0.9998927245356141
0,112562,112564,3,225298,225306,225310,2,1,0.9996204993342324
0,112562,112603,3,225308,225301,225311,1,0,0.9999388010517717
0,112564,112576,3,225314,225307,225316,1,0,0.9994294461109785
0,112603,112605,3,225113,225309,225384,2,0,0.9995693563002774
0,112684,112686,3,225554,225552,225551,2,1,0.9997440481392706
0,112686,112689,3,225553,225559,225557,2,1,0.9999968713384265
0,112740,112743,3,225661,225668,225666,2,1,0.9999523901627888
0,112740,112750,3,225664,225662,225666,3,1,0.999853209155244
0,112743,112747,3,225678,225669,225676,1,0,0.9977435645438089
0,112750,112753,3,225665,225687,225688,3,1,0.9965462072471352
0,112945,112947,3,226082,226084,226077,4,1,0.9986692647947946
0,112945,112949,3,226080,226082,226078,4,1,0.9981854256426064
0,112947,113874,3,226086,226085,226089,0,0,0.988329895081186
0,112949,113878,3,226094,226081,226093,3,1,0.9967696302610518
0,113066,113068,3,226314,226297,226313,0,0,0.9984862251127788
0,113068,113069,3,226301,226315,226316,0,0,0.9983132633796408
0,113142,113145,3,226466,226456,226463,0,0,0.9998885740085008
0,113142,113150,3,226460,226464,226462,0,0,0.9998360873144432
0,113145,113211,3,226467,226469,226470,0,0,0.9999057320118558
0,113150,113217,3,226478,226480,226465,0,0,0.9984618955727461
0,113211,113221,3,226471,226605,226595,0,0,0.9999907523179415
0,113217,113221,3,226481,226617,226594,0,0,0.9999571562865798
0,113396,113417,3,227016,227013,227011,0,0,0.9998559846048922
0,113396,113475,3,227012,227014,227008,0,0,0.9998821523448471
0,113416,113417,3,227010,227094,227092,0,0,0.9999962292391826
0,113416,113513,3,227007,227075,227093,0,0,0.99988115059766
0,113474,113475,3,227009,227219,227225,0,0,0.9997286452971308
0,113474,113513,3,227006,227213,227224,0,0,0.9998138276831311
0,113558,113607,3,227356,227341,227354,0,0,0.9945011767741019
0,113597,113598,3,227426,227417,227429,0,0,0.888166478841307
0,113597,113607,3,227424,227427,227341,0,0,0.9954981872543667
0,113638,113639,4,227347,227483,227480;227476,0,0,0.9946977840956005
0,113640,113641,4,223129,227487,227484;227475,0,0,0.9933329875051894
0,113757,113762,4,227654,227656,225965;227652,0,0,0.9963571569267812
0,113907,113921,3,227960,227959,227951,0,0,0.9991826476114459
0,113921,113925,3,227988,227961,227987,0,0,0.9994533074372098
0,114179,114187,3,228507,228508,228510,0,0,0.9993448753216027
0,114187,114192,3,228509,228525,228522,3,2,0.9999566119840729
0,114957,114965,3,230026,230028,230024,2,0,0.9988176069452919
0,114965,114967,3,230042,230027,230041,1,0,0.9963319120052821
0,114976,114978,3,230061,230062,228793,0,0,0.9322550925894708
0,114978,114982,3,228798,230063,230069,0,0,0.26748186853943096
0,114985,114996,4,230078,230082,230080;230077,0,0,0.9990158474486238
0,115033,115130,3,230202,230190,230205,0,0,0.9959757730729955
0,115069,115073,3,230278,230276,230280,0,0,0.953542213966572
0,115070,115072,3,230288,230275,230284,0,0,0.9982584930387093
0,115070,115087,4,230284,230273,230087;230286,0,0,0.9942511418049969
0,115072,115073,3,230277,230296,230288,0,0,0.9999108019671492
0,115125,115130,3,230191,230282,230393,0,0,0.887641585613872
0,115169,115171,3,230480,230482,230469,0,0,0.9987380531821619
0,115171,115176,3,230486,230481,230475,1,1,0.9999998756794817
0,115264,115268,3,230680,230675,230682,1,0,0.9985659670314773
0,115264,115271,3,230676,230680,230678,2,1,0.9998144538364203
0,115268,115291,3,230692,230690,230683,2,0,0.9917811285014009
0,115271,115295,3,230696,230695,230679,2,0,0.9975591742336971
0,115291,115300,3,230691,230733,230728,1,0,0.982758579116061
0,115295,115300,3,230742,230729,230697,1,1,0.9986674191116458
0,115592,115634,3,231301,231304,231306,1,0,0.9998499556923494
0,115634,115636,3,231381,231305,231392,4,2,0.9988704641600302
0,115837,115838,3,231744,231741,231747,2,1,0.9952650962802272
0,115838,115842,3,231743,231745,231748,0,0,0.9951089696675605
0,115965,115969,4,232026,232019,232010;232028,2,2,0.9998628248932653
0,115993,115997,3,232082,232009,232085,2,1,0.9830738383202374
0,115997,115999,3,232096,232095,232082,2,1,0.9689843678193841
0,116309,116316,3,231973,232704,232708,0,0,0.999913528441489
0,116309,116421,3,232706,231975,232709,0,0,0.9998925478984391
0,116316,116318,3,232721,232722,232705,0,0,0.9914583498401843
0,116318,116427,3,232726,232723,232710,0,0,0.9996618471604006
0,116352,116354,3,232791,232792,232794,0,0,0.8950100251018374
0,116354,116357,3,232793,232801,232799,1,0,0.9191534018047914
0,116391,116395,3,232870,232867,232873,0,0,0.9788311822378181
0,116391,116397,3,232869,232871,232874,2,1,0.9569990119268131
0,116421,116424,3,232926,232928,232707,0,0,0.99667292877012
0,116424,116427,3,232927,232932,232711,0,0,0.9999606503301761
0,117093,117096,3,234207,234232,234230,2,0,0.9679776355031078
0,117096,117097,3,234233,234234,234214,2,1,0.9967068325570044
0,117475,117477,3,234995,234997,235000,0,0,0.9999642398363688
0,117475,117480,3,234998,234977,235001,0,0,0.9999954583424261
0,117477,117479,3,235004,234997,235006,0,0,0.9999779107892582
0,117479,117484,3,235007,235011,235008,2,0,0.9999084794942619
0,117480,117482,3,235012,234983,234999,1,0,0.9999993891608872
0,117482,117484,3,235014,235012,235009,2,0,0.9999811046126343
0,117957,117966,3,235959,235960,235964,0,0,0.9999986298382844
0,117957,117971,3,235962,235956,235964,0,0,0.9999946729156816
0,117966,117986,3,235982,235961,235984,0,0,0.9999943349039732
0,117971,117990,3,235990,235987,235963,1,0,0.9993873634662751
0,117980,117981,3,236010,236002,236013,1,0,0.9999784282181845
0,117980,117993,3,236012,236001,236008,3,0,0.9962504652011117
0,117981,117984,3,236011,236005,236014,0,0,0.9996462366413148
0,117984,117997,3,236020,236019,236015,1,0,0.9990074384173068
0,117986,118000,3,236023,236025,235985,3,0,0.9998413110688459
0,117990,118000,3,236032,236023,235991,2,1,0.9999382727635886
0,117993,117996,3,236040,236009,236042,1,1,0.9998884034133443
0,117996,117997,3,236018,236044,236043,1,1,0.9999994469337896
0,118195,118206,3,236460,236459,236466,2,1,0.8859648733892074
0,118203,118206,3,236490,236461,236472,0,0,0.999851973940599
0,118214,118230,3,236518,236511,236514,2,1,0.9689117958615895
0,118228,118230,3,236548,236511,236547,1,0,0.9310344903170249
0,118246,118252,3,236582,236574,188507,2,1,0.9973347426988425
0,118249,118252,3,236590,236575,188510,1,0,0.9979456243255866
0,118788,118792,3,237628,237630,237627,2,2,0.9906315120907885
0,118792,118793,3,237631,237637,237633,1,0,0.9834680811247494
0,118793,138294,3,237638,237641,237634,0,0,0.9948362818994644
0,118998,118999,3,238060,238066,238070,0,0,0.9992649201618562
0,118998,119037,3,238066,237909,238068,0,0,0.9999670159190421
0,118999,119009,3,238072,238063,238071,0,0,0.9990472351919361
0,119009,119041,3,238092,238073,238091,1,0,0.9998943878922149
0,119037,119040,3,238146,238148,238069,0,0,0.999912613328022
0,119040,119041,3,238091,238151,238149,0,0,0.9984823718129271
0,119134,119135,3,238336,238338,238333,0,0,0.9960687098765793
0,119135,120121,3,238339,238341,238335,0,0,0.9841998699316034
0,119523,119526,3,239102,239100,239028,0,0,0.5070701670565745
0,119526,119527,3,239104,239103,239075,0,0,0.22079353026528376
0,119775,119845,3,239617,239625,239635,2,0,0.9632550093962128
0,119837,119845,3,239772,239616,239765,2,1,0.9830804219068163
0,121128,121132,3,242260,242273,242274,0,0,0.9952075475155515
0,121130,121132,3,242280,242272,242267,1,0,0.9601543544860784
0,121442,121444,3,242924,242921,242923,0,0,0.9999948773768433
0,121444,121446,3,242924,242930,242928,1,0,0.9999382861713821
0,121446,121465,3,242929,242933,242934,2,1,0.9978025065786359
0,121463,121465,3,242932,242967,242968,1,1,0.9980987572606229
0,122016,122022,3,244046,244053,244050,0,0,0.9972846118388977
0,122016,122029,3,244048,244045,244051,0,0,0.9922407645234965
0,122022,122039,3,244066,244053,244064,0,0,0.999188191881517
0,122029,122048,3,244074,244073,244048,0,0,0.9960940205342061
0,122952,122953,3,245884,245876,245882,0,0,0.8241123438786699
0,122953,122957,3,245879,245885,245886,2,1,0.8446267992845341
0,123218,123220,3,246195,246429,246426,0,0,0.9701478107454806
0,123218,123259,3,246428,246193,246424,0,0,0.9970355378259799
0,123232,123236,3,246434,246463,246464,0,0,0.9932496300709367
0,123234,123236,3,246470,246462,246441,0,0,0.9999745481167972
0,123762,123765,3,247440,247419,247443,2,1,0.9463641178773918
0,123765,123767,3,247446,247440,247445,2,0,0.9662867984800492
0,123827,123829,3,247570,247568,247567,0,0,0.9999964635958163
0,123829,123976,3,247569,247574,247573,0,0,0.9999061733380313
0,123976,123981,3,247870,247868,247867,2,1,0.9971730364760094
0,123981,123983,3,247875,247869,247877,2,0,0.9553919511932409
0,124076,124082,3,248068,248065,248070,0,0,0.9997701761406904
0,124076,124220,3,248063,248069,248066,0,0,0.9928600819694544
0,124082,124083,3,248075,248082,248071,0,0,0.9998137008078347
0,124083,124226,3,248084,248083,248072,0,0,0.9928218406072757
0,124205,124211,3,248340,248338,248337,1,1,0.35675777983119034
0,124211,124237,3,248346,248339,248348,0,0,0.9308776755286519
0,124220,124221,3,248067,248365,248366,0,0,0.9990066337710246
0,124221,124226,3,248368,248367,248073,0,0,0.999984048621739
0,124261,124266,3,248377,248448,248446,0,0,0.9992046343327375
0,124261,124275,3,248375,248447,248444,0,0,0.9999789132203866
0,124266,124267,3,248452,248449,248458,1,0,0.9993153179411441
0,124267,124281,3,248460,248459,248450,0,0,0.9999361894393091
0,124275,124276,3,248445,248477,248478,0,0,0.9995424881751326
0,124276,124281,3,248479,248482,248451,0,0,0.99978589376596
0,124360,124364,3,248221,208015,248654,2,0,0.9999985019842436
0,125174,125212,3,250270,250268,250245,0,0,0.9999387727117549
0,125212,125222,3,250269,250343,250305,0,0,0.9630018889463304
0,125499,125500,3,250917,250922,250805,0,0,0.9999993332518039
0,125558,125560,3,251062,251059,251057,2,1,0.15686479644500553
0,125558,125653,3,251058,251054,251060,2,1,0.4955831347406696
0,125598,125599,3,251128,251136,250979,0,0,0.9999886391376281
0,125924,125927,3,251775,251779,251776,0,0,0.9984973325134685
0,125927,125928,3,251782,251779,251784,0,0,0.9997911457385863
0,126510,126545,3,252537,252955,252953,0,0,0.9996414075021982
0,126512,126557,3,252956,252959,252962,0,0,0.9871952660645279
0,126545,126547,3,252955,253043,253041,1,1,0.9761163315406365
0,126547,126557,3,252957,253044,253046,2,1,0.9971014617317572
0,126848,126923,3,253657,253659,253649,0,0,0.9689065414158134
0,126921,126923,3,253774,253656,253761,0,0,0.9345921158457253
0,127125,127127,3,254142,254148,254152,1,0,0.9990130320916435
0,127125,127168,3,254148,244701,254150,1,0,0.999218350960133
0,127127,127128,3,254156,254145,254153,0,0,0.9995343630689824
0,127128,127171,3,254158,254155,254157,0,0,0.9999868081526997
0,127168,127169,3,254238,254151,254240,0,0,0.99883761911698
0,127169,127171,3,254155,254243,254241,0,0,0.9999656725165709
0,128392,128395,3,256630,256629,256632,0,0,0.9999857099462875
0,128392,128408,3,256582,256631,256634,0,0,0.9999572038836979
0,128395,146783,3,256640,256642,256633,0,0,0.9992153093729773
0,128408,146790,3,256666,256607,256635,0,0,0.999956293647583
0,128453,128455,3,256776,256771,256773,2,1,0.9999950480075742
0,128453,128508,3,256772,256768,256774,0,0,0.999936094027178
0,128455,128464,3,256778,256767,256776,1,1,0.9999174898421297
0,128464,128560,3,256779,256804,256803,2,1,0.9997995582046674
0,128508,128558,3,256900,256775,256903,1,0,0.999966489036897
0,128558,128560,3,257000,256903,256802,0,0,0.9997869708622338
0,129145,129148,3,258168,258171,258167,2,1,0.999986736282234
0,129145,129151,3,258170,258172,258063,2,1,0.999999809759953
0,129148,129150,3,258176,258169,258175,2,1,0.9999974869109984
0,129151,129153,3,258173,258182,258184,2,0,0.9999275495673978
0,129209,129213,3,212454,258323,258320,0,0,0.9999132741997736
0,129209,129221,3,258324,258321,212457,1,0,0.9938793098087239
0,129256,129258,3,212553,258376,258394,3,2,0.9963630260180495
0,130060,130208,3,260009,260031,260021,0,0,0.9988804737991578
0,130202,130208,3,260300,260008,260293,2,1,0.9992781838922585
0,130920,130932,3,261608,261690,261525,2,1,0.9993901611241628
0,130932,130933,3,261712,261691,261569,2,1,0.9999024032029044
0,131051,131052,3,261952,261954,261733,2,1,0.9999816322129713
0,131052,131054,3,261958,261955,261956,2,1,0.9999994661093549
0,131054,131058,3,261961,261963,261957,2,1,0.9999488232823652
0,131057,131058,3,261966,261961,261965,2,1,0.9999625251423929
0,131603,131612,3,263050,263045,263046,2,1,0.999987048506743
0,131603,131625,3,263048,263050,263042,2,0,0.9998088513445668
0,131625,131627,3,263096,263049,263098,2,1,0.9965643786716192
0,131627,131636,3,263102,263097,263053,1,0,0.9989511302572072
0,133130,133132,3,266112,266108,266107,0,0,0.9985796008655009
0,133130,133133,3,266110,266113,266092,0,0,0.994772087616772
0,133132,133141,3,266116,266109,266118,0,0,0.9998030797910739
0,133133,133143,3,266120,266111,266099,2,0,0.9938947710866944
0,133166,133170,3,266075,266205,266202,0,0,0.9878021673929408
0,133166,133223,3,266204,266073,266200,0,0,0.9971466838220051
0,133222,133223,3,266308,266311,266161,0,0,0.9735008669831804
0,133222,133224,3,266310,266306,266159,0,0,0.9725892527930626
0,134126,134127,3,268004,268006,267940,2,1,0.9821349655572568
0,134127,134155,3,268008,268005,267943,0,0,0.9872087263023435
0,134215,134266,3,268182,268184,268157,3,1,0.993124605395901
0,134266,134267,3,268228,268185,268288,0,0,0.9967178620952157
0,134641,134642,3,268997,269005,269002,1,0,0.9972733534597168
0,134641,134647,3,268967,269000,269004,2,1,0.9995169022186217
0,134642,134761,3,269002,269009,269006,0,0,0.9998775880184627
0,134647,134766,3,268991,269001,269016,1,1,0.9997366951123687
0,134718,134721,3,269154,269152,269156,0,0,0.9927519183871344
0,134721,134723,3,269162,269155,269161,0,0,0.9717470687268294
0,134761,134767,3,269234,269007,269233,0,0,0.9991153433936345
0,134766,134767,3,269248,269017,269232,2,0,0.9991791489177517
0,135015,135017,3,269751,269752,269756,1,1,0.9999908203368852
0,135015,135021,3,269754,269719,269756,1,1,0.9999684579334873
0,135017,135020,3,269761,269763,269753,1,0,0.9996975493684982
0,135020,135026,3,269763,269769,269764,0,0,0.9991504759412242
0,135021,135024,3,269755,269772,269770,3,1,0.9998716725524331
0,135024,135026,3,269774,269771,269765,1,0,0.9997982427640142
0,135029,135030,3,269786,269766,269788,1,0,0.9998359812349525
0,135029,135031,3,269745,269784,269788,0,0,0.9998266875262696
0,135030,135039,3,269787,269792,269790,0,0,0.9999019421662259
0,135031,135040,3,269794,269785,269796,4,1,0.9986504512355816
0,135039,135041,3,269810,269809,269791,1,1,0.9997362303098768
0,135040,135041,3,269809,269812,269797,2,1,0.9965470827215263
0,135805,135806,3,271280,271209,271282,1,0,0.9999598811579647
0,135805,135807,3,271267,271278,271282,2,0,0.9997130917693007
0,135806,135810,3,271281,271287,271284,2,0,0.9999628847198027
0,135807,135811,3,271273,271288,271279,2,1,0.9963172576235942
0,135810,135812,3,271292,271291,271284,0,0,0.9999577611265545
0,135811,135812,3,271296,271290,271289,1,0,0.9997554343911915
0,136743,136753,3,273188,272963,273191,0,0,0.9986015777030548
0,136753,136846,3,273189,272971,273206,0,0,0.998439169177853
0,136817,136827,3,273340,273335,273336,0,0,0.9998334556551425
0,136817,156376,3,273338,273333,273341,0,0,0.9998846814803242
0,136827,136839,3,273360,273337,273362,0,0,0.9993776100127794
0,136839,156414,3,273342,273387,273363,1,0,0.9996721780514813
0,136922,136923,3,273544,273539,273547,1,0,0.9989108416526123
0,136922,136930,3,273521,273542,273546,2,0,0.962207861357848
0,136923,136941,3,273548,273544,273550,0,0,0.9999282853707459
0,136930,136975,3,273560,273543,273563,2,1,0.9616300651000294
0,136961,136968,3,273620,273618,273623,0,0,0.997576946909631
0,136968,136970,3,273634,273621,273633,0,0,0.9987162222066939
0,137052,137060,3,273808,273803,273810,1,0,0.956232809763013
0,137060,137118,3,273822,273809,273819,2,1,0.9836103771876862
0,137101,137103,3,273914,273912,273911,0,0,0.9999905077432101
0,137103,137107,3,273913,273919,273916,0,0,0.9990951417242306
0,137104,137106,3,273920,273901,273909,1,0,0.9998291494162542
0,137106,137107,3,273921,273923,273917,1,0,0.9999542954557599
0,137174,137391,3,274064,274061,274059,2,1,0.9988915999189419
0,137302,137311,3,274308,274306,274305,5,1,0.9962726591094936
0,137311,137313,3,274307,274327,274325,3,1,0.9958524449444355
0,137391,137531,3,274476,274065,274471,2,1,0.9975724082654299
0,138294,138308,3,276300,237639,276299,2,1,0.9860486157226832
0,138363,138371,3,276458,276447,276454,0,0,0.9906725113567201
0,138363,138470,3,276443,276459,276457,0,0,0.9999962562694119
0,138370,138371,3,276484,276487,276455,0,0,0.9956415213378946
0,138370,138475,3,276486,276482,276452,1,1,0.9914743333170141
0,138469,138470,3,276620,276619,276456,3,2,0.9999840453924494
0,138469,138475,3,276616,276621,276453,1,0,0.9689698045563313
0,138898,138900,3,277475,277479,277482,2,1,0.9984286020174167
0,138898,138913,3,277478,277463,277480,0,0,0.9972610304784242
0,138900,138901,3,277486,277488,277483,1,0,0.9973083710169771
0,138901,138916,3,277487,277491,277485,0,0,0.9970426571297366
0,138913,138914,3,277504,277514,277481,1,0,0.9975683168285692
0,138914,138916,3,277516,277515,277484,0,0,0.9972159865095112
0,139109,139113,3,277918,277916,277912,0,0,0.9976524060393509
0,139113,139118,3,277922,277919,277921,0,0,0.9976504529712752
0,140534,140633,3,280734,280732,280730,0,0,0.9881796068130281
0,140633,140634,3,280926,280735,280901,0,0,0.9977812266083448
0,140792,140836,3,281244,281242,281247,0,0,0.9996596957661457
0,140792,140880,3,281237,281248,281246,0,0,0.9999995398010786
0,140836,140840,3,281245,281338,281340,0,0,0.9993456242060508
0,140840,140894,3,281346,281251,281341,0,0,0.9999017008516591
0,140880,140884,3,281423,281249,281426,1,0,0.9998816666784963
0,140884,140894,3,281250,281437,281427,0,0,0.9996936139597412
0,142140,142143,3,283911,283914,283912,1,0,0.9970086299417429
0,142140,142145,3,283893,283912,283916,1,0,0.999975144566492
0,142143,142144,3,283922,283924,283915,0,0,0.999184333791867
0,142144,142149,3,283925,283927,283919,0,0,0.999490195054129
0,142145,142146,3,283928,283903,283917,0,0,0.9993207604371896
0,142146,142149,3,283930,283929,283919,0,0,0.9996710887787662
0,142976,143017,3,285602,285600,285599,0,0,0.9995049096615375
0,143016,143017,3,285601,285689,285693,0,0,0.9995545201789898
0,143992,143994,3,287610,287603,287606,2,0,0.9918645378533973
0,143992,144009,3,287606,287601,287608,0,0,0.9998621105691686
0,143994,143995,3,287614,287616,287611,0,0,0.9999787486782178
0,143995,144012,3,287615,287618,287613,0,0,0.9999942967507641
0,144009,144010,3,287634,287648,287609,1,0,0.9998884732510227
0,144010,144012,3,287652,287649,287612,0,0,0.9994336722604145
0,144259,144261,3,288107,288129,288132,0,0,0.9999531956880371
0,144259,144263,3,288128,283941,288130,3,1,0.9995209513747119
0,144261,144262,3,288136,288109,288133,1,0,0.9999114191330138
0,144262,144266,3,288138,288137,288135,0,0,0.9995651830037808
0,144263,144264,3,288140,288142,288131,0,0,0.9996158905945834
0,144264,144266,3,288143,288144,288134,0,0,0.9995761163984297
0,144966,144967,3,289545,289552,289550,0,0,0.9997953944956604
0,144966,144977,3,289548,289531,289551,1,1,0.9996379777504449
0,144967,144970,3,289547,289553,289554,0,0,0.9998767847891854
0,144970,144981,3,289558,289560,289555,0,0,0.999867922560009
0,144977,144980,3,289549,289574,289576,1,0,0.9999874008873494
0,144980,144981,3,289580,289559,289577,0,0,0.9995856067047092
0,145145,145151,3,289920,289918,289875,0,0,0.9656403203700857
0,145151,145157,3,289919,289933,289879,4,2,0.9145301423446153
0,145201,145220,3,290028,290031,289669,0,0,0.9915644327511465
0,145204,145224,3,290033,290037,290040,0,0,0.984708612755722
0,145220,145221,3,289707,290031,290072,0,0,0.9978194839929024
0,145221,145224,3,290032,290073,290074,0,0,0.9827129393525184
0,145804,145806,3,291276,291266,291274,0,0,0.9988872046533
0,145806,145807,3,291277,291269,291278,0,0,0.9989964790986338
0,145858,145866,3,291386,291338,291389,0,0,0.9999951695202856
0,145866,145868,3,291357,291387,291402,0,0,0.9577735970349172
0,146153,146291,3,291915,291955,291957,0,0,0.8406926294996397
0,146289,146291,3,291954,292187,292230,0,0,0.7228354989464055
0,146353,146503,3,292281,292348,292350,1,1,0.9751845541873068
0,146432,146436,3,292516,292507,292513,0,0,0.9996016015565187
0,146432,146599,3,292512,292510,292514,0,0,0.9980824466765623
0,146436,146441,3,292516,292521,292522,0,0,0.9996055799078611
0,146441,146607,3,292523,292533,292519,0,0,0.9996002482139399
0,146472,146503,3,292280,292605,292608,0,0,0.984299315705753
0,146599,146603,3,292852,292854,292515,0,0,0.9971969589753409
0,146603,146607,3,292855,292863,292518,3,1,0.9987946654059591
0,146692,146702,3,293027,293028,293030,2,1,0.9988427705837831
0,146700,146702,3,293026,293047,293050,2,1,0.9982315583377038
0,146783,146793,3,256643,293213,293210,2,0,0.9999962566984896
0,146790,146793,3,293228,256666,293211,1,0,0.9997617319057301
0,146899,146900,3,293458,293446,293454,0,0,0.9996459780525502
0,146899,147074,3,293454,293453,293456,0,0,0.9998991358103381
0,146900,146903,3,293449,293458,293460,0,0,0.999971677206143
0,146903,147078,3,293461,293467,293465,0,0,0.9999928563954367
0,147074,147077,3,293798,293801,293457,0,0,0.9999599885980547
0,147077,147078,3,293465,293803,293801,1,0,0.9999623741838886
0,152017,152019,3,303610,303609,303612,0,0,0.9966750522687623
0,152019,152033,3,303616,303611,303615,0,0,0.9982202027599286
0,152863,152866,3,305246,305174,305248,0,0,0.9500708559978862
0,152866,152871,3,305246,305181,305254,0,0,0.9506699657347862
0,153016,153019,3,305536,305533,305535,0,0,0.9770387841668727
0,153019,153024,3,305542,305537,305541,0,0,0.998395332194163
0,153249,153252,3,306008,306010,305981,0,0,0.9338338543226884
0,153252,153253,3,305989,306011,306013,2,1,0.9219958042122928
0,153322,153323,3,306133,306141,306138,2,0,0.9943772638774927
0,153344,153347,3,306174,306176,306171,3,2,0.9986677476821253
0,153356,153358,3,306196,306199,306195,2,1,0.9999233537003465
0,153358,153421,3,306202,306204,306199,4,1,0.9999349858460055
0,153421,153428,3,306205,306334,306336,4,1,0.9964731957832262
0,153616,153623,3,306722,306724,306720,0,0,0.9917563541121004
0,153623,153625,3,306738,306723,306737,0,0,0.9579084125831713
0,153736,153738,3,306972,306970,306941,2,1,0.9988554397371604
0,153738,153756,3,306971,306977,306945,2,2,0.9939541507951214
0,153805,153811,3,307098,307097,307094,2,0,0.9916717662794091
0,153811,153812,3,307099,307105,307108,1,0,0.9826034963818031
0,153925,153927,3,307334,307337,307332,0,0,0.9990213534708163
0,153927,153938,3,307342,307335,307341,0,0,0.9999633343406242
0,154097,154099,3,307675,307676,307680,2,1,0.9999840902009823
0,154097,175030,3,307604,307680,307678,2,0,0.9999861068833145
0,154099,154105,3,307685,307686,307677,0,0,0.9999811694467908
0,154105,175035,3,307693,307697,307687,0,0,0.9999814169561079
0,154704,154707,3,308791,308892,308890,0,0,0.9968254072783282
0,154707,154708,3,308810,308893,308895,2,1,0.9810918013940254
0,154779,154782,3,308910,309050,309048,2,1,0.9936696062527826
0,154782,154783,3,309014,309051,309052,1,0,0.9116288901354638
0,154795,154797,3,309077,309079,309037,1,0,0.9980983749649477
0,154796,154797,3,309077,309080,309045,1,1,0.9925892885249021
0,155506,155508,3,310486,310488,310483,0,0,0.15647558567497466
0,155508,155521,3,310487,310491,310492,0,0,0.08521211991677279
0,155588,155592,3,310650,310653,310635,0,0,0.9660885861380684
0,155592,155594,3,310656,310651,310639,1,0,0.9609440407588571
0,155802,155804,3,311066,311064,311055,0,0,0.997067402659548
0,155804,155829,3,311065,311071,311059,2,1,0.9977363185402377
0,155818,155820,3,311100,311098,311069,0,0,0.6953904652785566
0,155820,155838,3,311072,311099,311107,2,0,0.9213268010085873
0,155863,155989,3,311184,311182,311187,1,0,0.989472388263091
0,155866,155997,3,311181,311192,311191,2,1,0.9975961049955464
0,155989,155998,3,311185,311441,311442,2,1,0.9948961981680675
0,155997,155998,3,311460,311193,311440,3,1,0.9981358034706345
0,156376,156385,3,273339,312197,312200,0,0,0.999993047589528
0,156385,156414,3,312220,312201,273343,3,0,0.9997376379512518
0,156988,156996,3,313457,313459,313462,2,1,0.98321714540348
0,156988,157291,3,313458,313454,313460,2,1,0.8763139650188937
0,156996,178677,3,313478,313463,313481,2,1,0.8922758333819701
0,157053,157424,3,313600,313597,313598,1,0,0.9999406705624003
0,157066,157439,3,313624,313619,313603,1,0,0.9998906350995342
0,157424,157426,3,314316,314313,314314,1,0,0.9989998110333732
0,157439,157441,3,314342,314341,314323,1,0,0.9999685247626322
0,158092,158094,3,315674,315670,315676,2,1,0.9874864312747508
0,158094,158328,3,315675,315679,315680,2,1,0.9889896956033271
0,158337,158339,3,316126,316125,315746,4,2,0.9990831330848591
0,158395,158396,3,316252,316247,316255,4,2,0.999355689227086
0,158395,158413,3,316235,316250,316254,4,2,0.9999513073058215
0,158396,158522,3,316256,316253,316249,2,1,0.9985429450808484
0,158413,158532,3,316294,316251,316296,4,2,0.9994390909606469
0,158818,158837,3,317117,317118,317122,0,0,0.9995220465551399
0,158828,158832,3,317151,317152,317138,1,1,0.9999799422530008
0,158830,158832,3,317160,317150,317149,0,0,0.9967962461717613
0,158835,158837,3,317166,317116,317165,0,0,0.9965971919841099
0,159356,159358,3,318146,318141,318143,4,2,0.9998893346461666
0,159356,159657,3,318139,318144,318142,4,2,0.9999830975747928
0,159358,159360,3,318146,318152,318150,4,2,0.9998718656521564
0,159360,159661,3,318151,318157,318155,4,2,0.9997116989512023
0,159657,159659,3,318562,318779,318145,3,2,0.9998406782233168
0,159659,159661,3,318780,318154,318779,4,2,0.9991308931426134
0,159677,159696,3,318808,318810,318803,0,0,0.9991906364022693
0,159696,159697,3,318823,318811,318846,0,0,0.999198131866196
0,160359,160361,3,284351,320151,320154,2,1,0.998751589657467
0,160359,160376,3,320150,284349,320152,0,0,0.9994150047369494
0,160361,160362,3,320155,320160,320158,1,0,0.9998543960908765
0,160362,160379,3,320159,320162,320157,0,0,0.999431694967691
0,160376,160377,3,320194,320153,320197,0,0,0.995758909575864
0,160377,160379,3,320200,320197,320156,0,0,0.9999408195622147
0,160629,160631,3,320718,320716,320213,2,1,0.99990681545051
0,160631,160632,3,320720,320719,320215,0,0,0.9989183667718315
0,160914,160922,3,321304,321307,321293,0,0,0.9995076844739323
0,160914,182890,3,321306,321309,321296,0,0,0.9999971467617684
0,160917,160922,3,321320,321318,321292,0,0,0.9999427952102695
0,160917,182893,3,321316,321321,321295,0,0,0.9997755075644887
0,161099,161103,3,321681,321687,321684,0,0,0.9981480183232169
0,161099,161107,3,321686,321683,321679,0,0,0.9977898521050335
0,161465,161494,3,322314,322311,322313,2,1,0.9998857242950387
0,161493,161494,3,322310,322369,322366,2,1,0.9993061181645979
0,162657,162664,3,324678,324676,324675,1,0,0.9448648931538182
0,162664,162666,3,324677,324690,324684,1,1,0.9795765001763242
0,162742,162743,3,324841,324849,324846,2,0,0.9997026895340886
0,162742,162796,3,324848,324839,324845,0,0,0.9974026186587484
0,162743,162749,3,324850,324846,324852,0,0,0.9999406827708106
0,162749,162817,3,324850,324863,324865,1,1,0.9999561067359459
0,163087,163110,3,325543,325545,325549,0,0,0.9997129992633282
0,163100,163103,3,325576,325579,325573,2,1,0.9990134982905279
0,163103,165149,3,325586,325577,325585,2,0,0.9999916492685653
0,163108,163110,3,325544,325589,325590,0,0,0.9997999796153911
0,163384,163386,3,326114,326116,326111,0,0,0.9348973405040181
0,163386,165803,3,326119,326117,326121,1,0,0.9979123185008273
0,163527,163548,3,326410,326401,326407,0,0,0.9981430379384916
0,163527,163575,3,326404,326409,326406,0,0,0.9999805905203358
0,163548,163552,3,326452,326449,326411,0,0,0.9983364202349011
0,163552,163599,3,326453,326463,326413,0,0,0.9988659763159944
0,163569,163613,3,326495,326499,326496,0,0,0.9997012053224368
0,163569,167522,3,326500,326489,326497,0,0,0.9999070506833758
0,163575,163579,3,326512,326409,326514,0,0,0.9992579693994963
0,163579,163599,3,326515,326523,326412,0,0,0.9984204500987939
0,163613,163617,3,326590,326592,326499,0,0,0.9997731273760176
0,163617,167536,3,326593,326599,326502,0,0,0.999975157919568
0,163744,163747,3,326846,326848,326837,0,0,0.9794198401153063
0,163747,163749,3,326852,326847,326841,0,0,0.987564168408977
0,163835,163871,3,327042,327045,327037,0,0,0.9972512093258323
0,163871,163880,3,327112,327043,327111,0,0,0.99999847019987
0,163981,163984,3,327390,327393,327386,0,0,0.9999967540526105
0,163981,168198,3,327394,327389,327391,2,1,0.9982611400726495
0,163983,163984,3,327402,327405,327387,0,0,0.9999610258410457
0,163983,168200,3,327404,327293,327384,1,0,0.9978149864327456
0,164617,164618,3,328642,328639,328645,1,0,0.9999954249815453
0,164617,164632,3,328640,328637,328643,0,0,0.9999649619936039
0,164618,164692,3,328633,328647,328645,0,0,0.9999998021157825
0,164632,164695,3,328640,328672,328674,0,0,0.9995481649917105
0,164692,164696,3,328784,328782,328647,0,0,0.9999818942981946
0,164695,164696,3,328783,328794,328674,0,0,0.9999986376422203
0,165147,165150,3,329694,329692,325581,0,0,0.999423797266673
0,165149,165150,3,325586,329693,329700,2,1,0.9999099997698326
0,165725,165727,3,330854,330843,330851,0,0,0.9990177857231177
0,165725,186185,3,330845,330855,330852,0,0,0.9990490621875977
0,165727,165729,3,330858,330861,330851,0,0,0.9999088558896058
0,165729,186189,3,330866,330861,330862,0,0,0.9985368652271868
0,165803,165960,3,326121,331010,331016,0,0,0.9896916830239757
0,165916,165917,3,331236,331230,331234,0,0,0.9827505521332784
0,165917,165920,3,331238,331237,331233,0,0,0.9921022616269951
0,165956,165960,3,326127,331011,331320,0,0,0.9799311242807323
0,166134,166135,3,331676,331668,331674,0,0,0.998237119420342
0,166135,166180,3,331671,331677,331678,0,0,0.9985254704359351
0,166180,166191,3,331781,331783,331679,1,0,0.9957354091424968
0,166190,166191,3,331781,331683,331801,0,0,0.9999195864537621
0,166197,166199,3,331816,331804,331818,2,1,0.9997166959833905
0,166197,166202,3,331807,331817,331820,0,0,0.9999990839316598
0,166199,166200,3,331824,331819,331827,1,0,0.999893740892388
0,166200,166205,3,331830,331827,331822,1,0,0.9999997550693055
0,166202,166203,3,331832,331797,331821,1,0,0.9998323309422213
0,166203,166205,3,331833,331835,331823,0,0,0.9999736051194222
0,167511,167513,3,334452,334079,334448,2,0,0.9952529323591147
0,167511,167515,3,334448,334445,334450,0,0,0.999991788103878
0,167513,167514,3,334456,334081,334453,0,0,0.9999987643882119
0,167514,167518,3,334457,334459,334455,0,0,0.9999846698847137
0,167515,167516,3,334462,334451,334464,1,0,0.997824437380707
0,167516,167518,3,334465,334467,334454,0,0,0.999996971569065
0,167522,167526,3,326500,334471,334474,0,0,0.9999994028509647
0,167526,167536,3,334475,334485,326503,0,0,0.9997436282300304
0,167671,167673,3,334786,334781,334783,1,0,0.9999925489156001
0,167671,167678,3,334782,334778,334784,1,0,0.9998498340828891
0,167673,187080,3,334788,334775,334786,1,1,0.9999762186776492
0,167678,187095,3,334790,334793,334785,0,0,0.9999962875309794
0,168197,168198,3,335746,335733,327388,2,0,0.9999979032401907
0,168197,168200,3,335638,335747,327385,0,0,0.9991552141262863
0,169227,169229,3,337802,337793,337804,0,0,0.9998900917526393
0,169227,169231,3,337456,337802,337806,0,0,0.9999975074535872
0,169229,169230,3,337810,337813,337805,0,0,0.9999866879975037
0,169230,169234,3,337809,337815,337813,1,0,0.9999993540158607
0,169231,169232,3,337807,337467,337816,2,1,0.9999855747508378
0,169232,169234,3,337809,337818,337817,0,0,0.9999812856137134
0,169661,169664,3,338665,338668,338666,2,1,0.9999025566810432
0,169661,169666,3,338668,338601,338670,1,0,0.9999972124521818
0,169664,169665,3,338667,338677,338678,2,1,0.999798079111904
0,169665,169670,3,338680,338673,338679,0,0,0.9999527507296622
0,169666,169667,3,338608,338671,338682,0,0,0.9999886778855912
0,169667,169670,3,338683,338684,338673,0,0,0.9999856069883662
0,169688,169689,3,338726,338659,338728,0,0,0.9999777281684895
0,169688,169692,3,338724,338719,338726,0,0,0.9999970577659208
0,169689,169691,3,338660,338731,338729,2,1,0.9992877369590459
0,169691,169695,3,338733,338735,338731,1,1,0.9998965608756658
0,169692,169694,3,338725,338736,338738,0,0,0.9999818067007555
0,169694,169695,3,338740,338733,338739,2,1,0.9999970828124111
0,170403,170404,3,340129,340136,340134,0,0,0.9999718343466474
0,170403,170435,3,340132,340101,340135,0,0,0.9999773337347062
0,170404,170411,3,340140,340138,340137,2,1,0.999976703258378
0,170411,170449,3,340139,340152,340150,1,1,0.9999612977165002
0,170435,170448,3,340133,340187,340202,2,0,0.9999903569106446
0,170448,170449,3,340228,340151,340203,0,0,0.9998787863415953
0,170835,170836,3,341018,341013,341021,3,2,0.9975673483055447
0,170835,170842,3,341011,341017,341020,2,1,0.9973135376187302
0,170836,170866,3,341018,341024,341022,2,1,0.9999999120903165
0,170842,170875,3,340987,341030,341017,2,1,0.9999050032641992
0,170866,170876,3,341067,341068,341023,3,1,0.9994326321444552
0,170875,170876,3,341090,341067,341031,2,1,0.9991259746457043
0,170956,170959,3,341244,341246,341210,0,0,0.9965649533360148
0,170959,170961,3,341250,341245,341217,2,1,0.9975908768442336
0,171410,171413,3,342224,342221,342227,0,0,0.9996329039348492
0,171410,171615,3,342223,342225,342228,2,1,0.9998768471695657
0,171686,171703,3,342767,342768,342774,2,1,0.9973922545695431
0,171701,171703,3,342769,342809,342812,2,1,0.9971666117653948
0,171971,171972,3,343320,343322,343264,3,1,0.9458111341945634
0,171972,171976,3,343324,343321,343267,0,0,0.9725614067820159
0,172955,173001,3,345276,345275,345272,0,0,0.9999970946702299
0,172983,173004,3,345278,345330,345329,2,1,0.9998172346151952
0,173001,173002,3,345277,345365,345368,2,1,0.9999204534141545
0,173002,173004,3,345279,345370,345368,3,1,0.9999152915774969
0,173903,173906,3,347084,347086,347081,0,0,0.8841879355270612
0,173906,173910,3,347087,347091,347089,0,0,0.99044932320483
0,174047,174057,3,347239,347363,347360,0,0,0.9694099280821749
0,174057,174058,3,347363,347389,347394,0,0,0.9550874856093257
0,174077,174081,4,347437,347443,347440;347431,0,0,0.9773395122783665
0,174210,174214,3,347699,347705,347702,0,0,0.8151291914420589
0,174214,174218,3,347233,347705,347709,0,0,0.6997771527105514
0,174459,174469,3,348181,348182,348186,4,1,0.9993439775660482
0,174459,174486,3,348184,348175,348186,1,1,0.9998802297706681
0,174469,174471,3,348205,348183,348207,3,1,0.9999977357195287
0,174471,174495,3,348212,348188,348207,3,1,0.99994570882438
0,174486,174488,3,348184,348242,348240,2,1,0.9999923776888799
0,174488,174495,3,348246,348189,348241,2,1,0.9999832617882414
0,174580,174582,3,348429,348436,348434,4,2,0.9999539445069955
0,174580,174584,3,348432,348434,348430,4,1,0.9997716781354586
0,174582,174753,3,348437,348440,348439,2,0,0.9979798836789798
0,174584,174756,3,348444,348433,348443,4,1,0.9973182059267761
0,174703,174725,3,348668,348671,348658,2,0,0.9869309514567774
0,174725,174730,3,348712,348669,348703,1,0,0.6058952101913354
0,174845,174848,3,348952,348942,348955,2,1,0.9995434976271672
0,174848,174850,3,348958,348953,348949,0,0,0.9375582118801752
0,175030,175033,3,307679,349320,349318,0,0,0.999982907938148
0,175033,175035,3,349322,307693,349319,0,0,0.999982199748501
0,175152,175169,3,349558,349556,349552,2,0,0.9591407781834658
0,175169,175172,3,349559,349589,349590,2,1,0.9907171816956778
0,175196,175500,4,349656,349653,349645;349658,1,0,0.9658187585509651
0,175197,175200,3,349579,349660,349629,0,0,0.8517131696992706
0,175214,175219,3,349687,349691,349677,1,0,0.9948786447680673
0,175224,175540,3,349709,349710,349651,1,1,0.9926103192700402
0,175305,175306,3,349868,349870,349865,3,1,0.8184667484449151
0,175356,175360,3,349960,349963,349953,1,0,0.8976058512454742
0,175358,175362,3,349961,349971,349968,2,0,0.9682803342431684
0,175360,175362,3,349978,349960,349976,0,0,0.9729473330146096
0,175401,175405,3,350064,350067,350059,0,0,0.8666069536491449
0,175404,175405,3,350065,350070,350069,2,0,0.9139695024100031
0,175408,175417,3,350080,350075,350083,2,1,0.9519783199876389
0,175417,175819,3,350092,350081,350045,2,0,0.869714474223111
0,175428,175432,3,350116,350118,349947,0,0,0.9972474494070285
0,175432,175435,3,350119,350127,349959,0,0,0.9999398469458939
0,175484,175494,3,350240,350237,350235,1,0,0.9989534345720981
0,175484,175506,3,350236,350238,350232,0,0,0.9977187414386459
0,175493,175494,3,350274,350277,350234,0,0,0.9998303422205848
0,175493,175510,3,349984,350231,350275,2,1,0.9987687858814086
0,175505,175506,3,350285,350289,350233,0,0,0.9999729989082158
0,175505,175510,3,350009,350230,350288,1,0,0.9841510319172215
0,175543,175545,3,350342,350337,350338,0,0,0.999984921857465
0,175543,175567,3,350340,350335,350343,1,0,0.9999556613283916
0,175545,175551,3,350344,350339,350346,0,0,0.9999027536625019
0,175551,175574,3,350358,350347,350352,0,0,0.9996146057730473
0,175567,175572,3,350341,350391,350388,0,0,0.9996157378864685
0,175572,175574,3,350396,350389,350353,0,0,0.9996838457879658
0,175774,175775,3,350802,350805,350799,3,1,0.9753120992644447
0,175775,175777,3,350803,350808,350806,2,1,0.9997187544080036
0,175837,175841,4,350909,350910,350914;350916,0,0,0.9659178767627521
0,175969,175975,3,351170,351169,351173,0,0,0.9977022671007815
0,175975,175987,3,351171,351179,351182,0,0,0.9998780255285605
0,175978,175981,3,351185,351186,351188,1,0,0.9082383702145869
0,175980,175981,3,351187,351200,351198,0,0,0.8182458698415592
0,175987,175999,3,351203,351208,351183,0,0,0.9992447159052941
0,175992,175999,3,351202,351195,351222,0,0,0.9965738871920802
0,176344,176345,3,351897,351904,351902,1,0,0.9999762771478519
0,176344,176346,3,351904,351900,351891,0,0,0.9992399626367109
0,176345,176363,3,351899,351908,351906,2,0,0.9998954805666393
0,176346,176354,3,351901,351910,351894,2,1,0.9993471982884732
0,176354,176355,3,351923,351911,351926,2,0,0.9999909868591838
0,176355,176375,3,351925,351913,351928,4,1,0.9999960523439069
0,176568,176569,3,352344,352299,352346,2,1,0.9999059071747108
0,176568,176570,3,352333,352342,352346,2,1,0.9999628040009468
0,176569,176573,3,352345,352351,352348,3,1,0.9998730202089472
0,176570,176574,3,352336,352343,352352,0,0,0.999993697662138
0,176573,176575,3,352356,352349,352355,0,0,0.9999874679256786
0,176574,176575,3,352358,352355,352353,0,0,0.9999611380827897
0,176869,176871,3,352952,352950,352941,0,0,0.9973117955404772
0,176871,176874,3,352951,352956,352944,2,1,0.9918491332570639
0,177128,177131,3,353401,353474,353472,2,1,0.996916343835023
0,177131,177132,3,353406,353475,353478,2,1,0.9963976151381619
0,177221,177225,3,353678,353681,353675,0,0,0.9968806708017945
0,177221,177427,3,353682,353679,353677,2,1,0.9976087014913055
0,177259,177267,3,353778,353773,353775,2,1,0.9982227038605117
0,177262,177263,3,353786,353760,353737,2,1,0.9998926748226664
0,177263,177266,3,353788,353763,353741,2,1,0.9994309126788434
0,177266,177267,3,353790,353772,353749,2,1,0.9993279947804143
0,178077,178086,3,354885,355396,355394,0,0,0.9997801817240979
0,178086,178087,3,354905,355397,355413,0,0,0.999837826164273
0,178166,178167,3,355574,355569,355576,1,0,0.9995496902079709
0,178166,178170,3,355572,355567,355575,0,0,0.9986870110333056
0,178167,178169,3,355580,355577,355578,0,0,0.999909349645372
0,178169,178173,3,355584,355582,355579,0,0,0.999685370947445
0,178170,178172,3,355573,355588,355590,0,0,0.9867820586159046
0,178172,178173,3,355591,355594,355583,0,0,0.9987812018973307
0,178295,178296,3,355838,355807,355840,1,0,0.99994453105027
0,178295,178299,3,312438,355839,355836,0,0,0.9979346610021025
0,178296,178298,3,355809,355842,355841,0,0,0.995872041254507
0,178298,178302,3,355845,355847,355843,1,0,0.9986585647283931
0,178299,178301,3,355848,312445,355837,0,0,0.9944754767624481
0,178301,178302,3,355850,355845,355849,1,0,0.9999158915496458
0,178348,178352,3,355942,355935,355944,0,0,0.9993418281023666
0,178348,178354,3,355938,355942,355940,0,0,0.9982739759085036
0,178352,178359,3,355947,355951,355945,0,0,0.996731020273039
0,178354,178363,3,355954,355953,355941,3,0,0.9954565730986659
0,178359,178368,3,355951,355963,355956,0,0,0.9997060441960969
0,178363,178368,3,355972,355955,355957,1,0,0.9999656292485835
0,179105,179112,3,357430,357433,357373,2,1,0.9999813735477805
0,179112,179113,3,357374,357444,357442,3,1,0.9996253572443456
0,179504,179505,3,358196,358140,358198,3,1,0.9999740559773806
0,179505,179509,3,358200,358197,358143,2,1,0.9998432532643022
0,179530,179593,3,358244,358246,358241,2,1,0.9979492599380728
0,179593,179594,3,358307,358247,358376,2,1,0.9990970356851575
0,179686,179689,3,358565,358571,358574,1,0,0.9986813119371833
0,179686,179971,3,358568,358572,358570,0,0,0.9990775653479583
0,179689,179700,3,358578,358577,358574,0,0,0.9986272838516786
0,179700,179981,3,358579,358605,358597,1,0,0.9996415819603948
0,179971,179977,3,359166,359168,358573,0,0,0.9986806815713735
0,179977,179981,3,358596,359175,359169,0,0,0.9972875705851172
0,180286,180287,3,359763,359767,359757,2,1,0.9998636409071152
0,180287,180318,3,359768,359767,359760,3,1,0.9997965734798783
0,180313,180314,3,359820,359822,359758,3,2,0.9954522746291313
0,180314,180318,3,359761,359821,359824,2,1,0.9949390637652225
0,180709,180711,3,360609,360610,360612,4,2,0.9996139268485422
0,180711,180735,3,360615,360616,360618,4,2,0.9999902557090569
0,180735,180737,3,360661,360662,360664,4,2,0.9996155494777113
0,180737,180740,4,360669,360663,360670;360672,4,4,0.9991727558725103
0,180740,180752,3,360678,360671,360677,4,2,0.998382928935593
0,180740,202423,3,360674,360678,360673,4,2,0.9998411359228098
0,180743,180744,3,360688,360681,360691,4,2,0.9992207555439915
0,180743,180861,3,360651,360686,360690,4,2,0.9997637289952164
0,180744,180747,4,360689,360683,360692;360694,4,4,0.999975205111737
0,180747,180753,3,360695,360698,360696,4,2,0.9990382965628621
0,180748,180751,4,360700,360685,360667;360702,6,4,0.9993782702964306
0,180751,180752,3,360703,360704,360676,5,2,0.999120057375823
0,180751,180753,3,360704,360701,360697,5,2,0.9966341402562958
0,180861,180863,3,360889,360687,360922,4,2,0.9997400766024981
0,181001,181006,3,361220,361093,361218,2,1,0.9924508022422754
0,181006,181007,3,361133,361221,361228,1,0,0.9925295293304814
0,181177,181183,3,361574,361577,361580,1,1,0.9998747261451567
0,181177,181245,3,361576,361557,361578,1,0,0.9993408300317055
0,181183,181184,3,361581,361585,361592,2,0,0.9755770069759712
0,181184,181256,3,361592,361594,361583,0,0,0.9996176620809848
0,181245,181246,3,361718,361579,361721,1,0,0.9804319397660818
0,181246,181256,3,361724,361721,361582,0,0,0.9999997761735421
0,181575,181597,3,362381,362394,362390,2,1,0.9920444102828809
0,181586,181597,3,362426,362380,362425,2,1,0.9960941653128923
0,182885,182890,3,364985,364991,321297,0,0,0.9998713970511282
0,182885,182893,3,321295,364989,364990,0,0,0.9997761223904598
0,183460,183465,3,366094,366103,366100,0,0,0.9999350581536831
0,183460,183469,3,366098,366096,366101,0,0,0.9999227539870073
0,183465,183476,3,366114,366112,366103,0,0,0.9998083865002053
0,183469,183480,3,366099,366119,366120,0,0,0.9992382547098693
0,183476,183486,3,366113,366129,366124,3,1,0.9997438043247214
0,183480,183486,3,366125,366140,366121,0,0,0.9999955724204463
0,183659,183663,3,366504,366497,366506,0,0,0.9990138701454672
0,183659,183722,3,366501,366504,366502,0,0,0.99898968036737
0,183663,183668,3,366509,366512,366507,0,0,0.997466333055618
0,183668,183733,3,366524,366515,366513,0,0,0.9987634402120228
0,183722,183727,3,366642,366640,366503,0,0,0.996816089526398
0,183727,183733,3,366643,366651,366515,0,0,0.9941278600873686
0,183924,183944,3,367020,367025,367028,0,0,0.999207449235174
0,183927,184001,3,367031,367034,367032,0,0,0.993388770543614
0,183935,183944,3,367021,367048,367050,0,0,0.9994110230497211
0,183999,184001,3,367194,367030,367191,0,0,0.9942224387532445
0,184310,184472,3,367816,367818,367814,0,0,0.9997940508842621
0,184472,184474,3,368134,367817,368133,2,1,0.9999505433713273
0,185784,185785,3,370740,370761,370764,2,1,0.999544359390814
0,185784,185787,3,370760,370759,370763,2,1,0.9995527342420327
0,186185,186187,3,371550,371535,330852,0,0,0.999742981764901
0,186187,186189,3,330863,371552,371550,0,0,0.9996366753417044
0,186521,186530,3,371992,372229,372231,2,1,0.9999588598690066
0,186529,186530,3,372011,372228,372250,0,0,0.9989134864453568
0,187080,187097,3,334789,373397,373395,2,1,0.9999999996539924
0,187095,187097,3,373428,334793,373394,0,0,0.9999982711515717
0,187260,187262,3,373723,373759,373762,2,1,0.9980011577347483
0,187260,187264,3,373758,373720,373761,0,0,0.997454700373699
0,188187,188189,3,375569,375570,375572,0,0,0.9990043363399184
0,188189,188193,3,375574,375571,375577,0,0,0.9990171935185383
0,188521,188522,3,376172,376163,376174,1,0,0.9974936341338875
0,188521,188623,3,376161,376173,376170,0,0,0.9947499110763872
0,188522,188524,3,376164,376175,376176,1,1,0.9978002519052611
0,188524,188626,3,376177,376181,376178,0,0,0.9999994051180987
0,188623,188625,3,376171,376371,376372,0,0,0.9997828701260637
0,188625,188626,3,376374,376179,376373,1,0,0.999759135317394
0,188964,188987,3,377068,377060,376553,0,0,0.9947322635883468
0,188986,188987,3,377061,377125,376587,0,0,0.9945768669506804
0,189259,189262,3,377646,377651,377639,1,0,0.9994021217528699
0,189259,189265,3,377650,377177,377642,0,0,0.9994672769292204
0,189260,189262,3,377656,377653,377638,2,1,0.9970970987613443
0,189260,189266,3,377654,377657,377641,0,0,0.9993330725486201
0,189263,189265,3,377184,377661,377643,0,0,0.9996286584909259
0,189263,189266,3,377660,377662,377640,0,0,0.9999889118170358
0,189485,189501,3,378089,378092,378090,0,0,0.9996635578837959
0,189499,189501,3,378116,378088,378113,1,0,0.9989177858167166
0,189517,189518,3,378142,378150,378154,0,0,0.9999623795602762
0,189517,189532,3,378148,378152,378150,0,0,0.9993879589126898
0,189518,211168,3,378145,378155,378156,0,0,0.9999778061508336
0,189532,211170,3,378186,378153,378188,0,0,0.9998591337618957
0,189908,189944,3,378990,378992,378967,1,0,0.9992711550528468
0,189908,190021,3,378992,378985,378970,1,1,0.9999987345792072
0,189944,189947,3,379073,379075,379055,3,1,0.9968958054930529
0,190012,190021,3,379212,379219,378971,1,1,0.9997205028728137
0,190012,190047,3,379218,379221,378969,2,0,0.9881884601740997
0,190047,190049,3,379288,379056,379290,3,2,0.9983796985001119
0,190695,190697,3,380622,380612,380619,0,0,0.9998643570508728
0,190695,190701,3,380585,380621,380618,0,0,0.9999711254921864
0,190697,190698,3,380626,380615,380623,1,0,0.9990255657348163
0,190698,190704,3,380626,380628,380625,2,1,0.9999478605903731
0,190701,190702,3,380634,380621,380636,0,0,0.9999532189158377
0,190702,190704,3,380624,380639,380637,0,0,0.9999942162979116
0,190759,190760,3,380754,380744,380750,2,1,0.9999996054201877
0,190759,190903,3,380750,380748,380752,1,1,0.9999963146578057
0,190760,190764,3,380747,380755,380756,0,0,0.9999862567132795
0,190764,190908,3,380757,380765,380763,0,0,0.9999947077977747
0,190903,190907,3,381038,380753,381040,2,1,0.9999960234053071
0,190907,190908,3,380762,381047,381041,0,0,0.9999929041480772
0,191000,191002,3,381238,381237,381240,0,0,0.9702449771355663
0,191000,191003,3,381218,381239,381242,0,0,0.9863583145435643
0,191479,191481,3,382188,382186,382185,2,2,0.9970512566246981
0,191481,191484,3,382191,382187,382193,4,1,0.9892322305400723
0,191567,191571,3,382364,382361,382350,1,1,0.984797997483737
0,191567,191833,3,382362,382364,382347,2,1,0.9991904648018364
0,191571,191572,3,382354,382367,382372,1,1,0.9679514613984509
0,191572,191835,3,382372,382374,382357,2,1,0.999975476568517
0,191629,191630,3,382451,382509,382506,2,0,0.9785489243176292
0,191629,194831,3,382508,382505,382449,1,0,0.9989196398777835
0,191726,192066,3,382607,382746,382748,3,2,0.9847514665972131
0,191822,191828,3,382964,382969,382349,0,0,0.9998646150465784
0,191822,191833,3,382968,382967,382346,0,0,0.9958330605373669
0,191828,191829,3,382973,382979,382353,1,0,0.9996516878479323
0,191829,191835,3,382980,382979,382356,0,0,0.9998707782992755
0,191931,191933,3,383132,383101,383131,0,0,0.9356200772698922
0,191985,191991,3,383222,383191,383225,0,0,0.9921248418537227
0,191993,191995,3,383238,383235,383236,0,0,0.9348063189879335
0,192016,192066,3,382606,383305,383308,0,0,0.9921942807593679
0,192072,192074,3,383398,383407,383408,2,0,0.9987488582070815
0,192073,192074,3,383406,383405,383412,1,0,0.9554993952851831
0,192391,192392,3,384028,384022,384031,2,0,0.9998406395136309
0,192391,192409,3,384030,384021,384027,0,0,0.9999733692652402
0,192392,192400,3,384029,384025,384032,1,1,0.9998815582586298
0,192400,192417,3,384032,384048,384047,2,1,0.9999557882656941
0,192409,192416,3,384068,384070,384027,0,0,0.9999972843585629
0,192416,192417,3,384071,384080,384046,0,0,0.9999740551309781
0,192517,194870,3,384273,384277,384280,0,0,0.9998510432521587
0,192517,213453,3,384278,384275,384281,0,0,0.9999928277398286
0,194551,194553,3,388304,388288,388306,0,0,0.9999159980192445
0,194551,194555,3,388308,388214,388304,2,0,0.999528985880708
0,194553,194554,3,388312,388314,388307,0,0,0.9999960640745945
0,194554,194558,3,388311,388317,388315,2,0,0.9999962372687444
0,194555,194556,3,388309,388225,388318,0,0,0.9998108996427887
0,194556,194558,3,388311,388320,388319,1,0,0.9999218107254813
0,194671,194672,3,388526,388535,388538,0,0,0.9590389487481373
0,194671,194674,3,388534,388533,388536,0,0,0.9682044335913026
0,194711,194714,3,388614,388617,388611,0,0,0.9206972074481343
0,194711,194733,3,388618,388614,388613,0,0,0.9610084124583552
0,194861,194868,3,388868,384269,388870,2,1,0.9999988486713012
0,194867,194875,3,388881,388882,388884,0,0,0.9841070568490585
0,194868,194870,3,388886,384273,388889,0,0,0.9999866417679497
0,194874,194875,3,388883,388900,388904,0,0,0.9081567221558138
0,194924,194938,3,389002,389001,388991,0,0,0.9263883168464165
0,194937,194939,3,389025,388993,389027,0,0,0.9956073004786762
0,194937,215297,3,388996,388975,389026,0,0,0.9868130634616565
0,194938,194939,3,389003,389025,389028,0,0,0.9996018486962306
0,195030,195056,3,389217,389238,389222,0,0,0.45315914109682914
0,195048,195056,3,389272,389216,389265,0,0,0.4305256061289679
0,195163,195167,3,389503,389508,389510,0,0,0.9212501834200388
0,195166,195167,3,389509,389520,389518,0,0,0.8901069374589019
0,195189,195199,3,389545,389433,389547,0,0,0.9049927741666826
0,195192,195199,3,389453,389545,389554,0,0,0.9155189081429373
0,195347,195348,3,389830,389813,389832,0,0,0.9996218190170669
0,195347,195351,3,389818,389830,389828,0,0,0.9999709032887605
0,195348,195350,3,389836,389834,389833,1,0,0.9999687427684671
0,195350,195354,3,389839,389841,389835,1,0,0.999949982413816
0,195351,195353,3,389842,389823,389829,0,0,0.9996431854797798
0,195353,195354,3,389844,389843,389839,0,0,0.999913621631701
0,195756,195758,3,390656,390651,390652,0,0,0.999749795457853
0,195756,195761,3,390654,390649,390657,0,0,0.9997337170098155
0,195758,195766,3,390658,390661,390653,1,0,0.9993024476456668
0,195761,195768,3,390655,390669,390666,1,0,0.9997613446232398
0,195766,195770,3,390678,390672,390661,0,0,0.9999458603672134
0,195768,195770,3,390682,390667,390673,2,1,0.999625657542989
0,195953,195957,3,391045,391056,391054,2,0,0.9644412158917911
0,195957,195964,3,391057,391065,391063,1,0,0.9858582135854357
0,199200,199201,3,397463,397472,397470,0,0,0.9900357956424223
0,199200,199217,3,397468,397471,397460,0,0,0.9841334710332708
0,199201,199203,3,397464,397473,397474,1,0,0.9692174353361195
0,199217,199219,3,397502,397469,397493,0,0,0.9851551895524833
0,199378,199383,3,397836,397832,397831,2,1,0.9997113465377108
0,199378,199389,3,397828,397836,397834,2,1,0.999996794790159
0,199383,199386,3,397846,397848,397833,2,1,0.9995496936818073
0,199386,199399,3,397849,397855,397839,1,0,0.9997967512912279
0,199439,199480,3,397960,397957,354427,0,0,0.7978874358897119
0,199439,199489,3,397956,397959,354425,0,0,0.20669913599540246
0,199897,199904,3,398797,398808,398806,5,2,0.9999539140347534
0,199904,199905,3,398816,398809,398820,2,1,0.9998779415322654
0,200206,200208,3,399420,399423,399417,2,1,0.9979479058518774
0,200208,220024,3,399423,399426,399424,3,2,0.997024350027903
0,200305,200428,3,399616,399583,399614,0,0,0.9819209116421047
0,200322,200432,3,399585,399649,399650,0,0,0.9715144675043886
0,200332,200333,3,399670,399601,399672,0,0,0.9997942442366694
0,200332,200336,3,356886,399671,399668,0,0,0.9998379357896826
0,200333,200335,3,399603,399674,399673,0,0,0.9986158278710209
0,200335,200339,3,399675,399679,399676,0,0,0.9991982121467342
0,200336,200338,3,399680,356893,399669,0,0,0.995930925948346
0,200338,200339,3,399682,399681,399677,0,0,0.9993480553310586
0,200428,200445,3,399617,399859,399860,0,0,0.9837924222981038
0,200432,200445,3,399870,399649,399858,0,0,0.9965997419433682
0,200991,200995,3,400998,401000,400989,1,0,0.9996432358911468
0,200991,201006,3,400996,400998,400994,3,0,0.9996603449683223
0,200995,201000,3,401001,401006,401003,0,0,0.9906114682149209
0,201006,201010,3,401030,400997,401029,4,0,0.9894498954353705
0,201258,201264,3,401522,401530,401528,1,0,0.9997608858909186
0,201258,201272,3,401524,401528,401526,0,0,0.999980548794126
0,201264,201268,3,401544,401542,401531,0,0,0.9937179881398167
0,201268,201281,3,401543,401551,401546,1,1,0.9995649470065762
0,201272,201275,3,401560,401559,401527,2,1,0.9999810259321957
0,201275,201281,3,401547,401567,401561,1,0,0.996256697621707
0,201611,201615,3,402270,402272,402269,1,0,0.9985575569796278
0,201612,201616,3,402260,402274,402267,2,0,0.9935369206271868
0,201615,201617,3,402271,402278,402277,1,0,0.9987591063773422
0,201616,201617,3,402282,402275,402276,0,0,0.999146533498924
0,201983,201987,3,402963,402969,402965,2,0,0.9500292731369058
0,201985,201987,3,402974,402962,402973,5,2,0.969957965435775
0,202280,202282,3,403547,403563,403566,2,1,0.9998067627486038
0,202280,202284,3,402167,403564,403562,2,1,0.9988388263344209
0,202282,202283,3,403567,403573,403570,2,1,0.9997508741130456
0,202283,202287,3,403574,403569,403571,2,1,0.9999164595168908
0,202284,202285,3,402172,403565,403576,1,1,0.999254095939234
0,202285,202287,3,403578,403568,403577,3,1,0.9998688258771377
0,202415,202417,3,403847,403853,403856,1,0,0.9976377059616774
0,202415,202467,3,403844,403855,403852,2,1,0.9998888422753761
0,202417,202418,3,403857,403863,403860,2,0,0.9999688031015977
0,202418,202470,3,403861,403864,403859,2,1,0.9999860999095349
0,202421,202423,3,403870,360675,403869,4,2,0.998700009639767
0,202467,202468,3,403855,403953,403960,2,1,0.9974353331727844
0,202468,202470,3,403962,403961,403858,1,0,0.9992480859467423
0,202482,202484,3,403997,403999,404002,3,1,0.9976251785332836
0,202482,202486,3,403998,403994,404001,4,1,0.994009292256238
0,202483,202484,3,404004,403997,404007,4,1,0.9984326417865432
0,202483,202487,3,403932,404005,403993,4,2,0.9998481947136001
0,202508,202510,3,404074,404059,404071,0,0,0.9981180217191215
0,202508,202582,3,404057,404073,404070,0,0,0.9999695002514116
0,202510,202511,3,404078,404063,404075,0,0,0.9993070102030784
0,202511,202585,3,404078,404080,404077,0,0,0.9996196808853745
0,202582,202583,3,404202,404073,404204,2,0,0.9999509442484523
0,202583,202585,3,404208,404076,404205,0,0,0.9996702221735844
0,202608,202614,3,404245,404250,404254,4,2,0.9999335147108153
0,202608,202618,3,404242,404253,404254,4,2,0.9998970906160722
0,202611,202614,3,404262,404257,404244,4,2,0.9999983115871022
0,202611,202621,3,404264,404263,404247,4,2,0.9997289579195621
0,202615,202618,3,404268,404243,404271,4,2,0.9995540445465931
0,202615,202621,3,404247,404273,404270,4,2,0.9999224824334532
0,202729,202733,3,404488,404479,404484,2,1,0.9988814318016392
0,202729,202737,3,404490,404488,404487,2,1,0.9999540154510591
0,202737,202740,3,404496,404489,404494,2,1,0.9983813507880201
0,202779,202781,3,404598,404601,404591,0,0,0.9961940221123603
0,202779,223113,3,404600,404602,404592,0,0,0.9974313262631205
0,203223,203225,3,405479,405480,405484,1,0,0.9999875744367831
0,203223,203233,3,405480,405415,405482,0,0,0.9999532512193143
0,203225,203236,3,405486,405488,405485,1,0,0.9999941008617049
0,203233,203242,3,405445,405502,405483,0,0,0.9991928827257166
0,203236,203244,3,405506,405505,405487,0,0,0.999996815239982
0,203242,203244,3,405522,405503,405505,0,0,0.9997511576219674
0,203552,203554,3,406152,406155,406151,0,0,0.9657198433756411
0,203554,203559,3,406158,406153,406157,0,0,0.9344249860712399
0,203598,203775,3,406248,406195,406251,0,0,0.9979175947332621
0,203775,203804,3,406614,406249,406605,2,0,0.9557037577138078
0,203962,203964,3,406963,406967,406970,0,0,0.9999892175855851
0,203962,203966,3,406966,406960,406968,1,1,0.9999981804911023
0,203964,203965,3,406974,406977,406971,0,0,0.9994591573549069
0,203965,203969,3,406975,406979,406973,0,0,0.9990140377598209
0,203966,203967,3,406922,406982,406969,1,1,0.9998548843264955
0,203967,203969,3,406984,406983,406972,0,0,0.9991128734107259
0,204170,204203,3,407349,407352,407356,0,0,0.9999280623506019
0,204170,204406,3,407352,407351,407354,0,0,0.997615422098025
0,204203,204204,3,407418,407420,407357,1,1,0.9998467900841638
0,204204,204424,3,407422,407419,407359,1,1,0.9999987399892069
0,204406,204407,3,407829,407835,407355,2,1,0.9987324842141805
0,204407,204424,3,407836,407835,407358,1,1,0.9999830011562874
0,204658,204660,3,408348,408345,408339,0,0,0.99999506060002
0,204658,204948,3,408344,408347,408337,0,0,0.9998365179779009
0,205874,205875,3,410802,410805,410795,1,1,0.9102281851520648
0,205874,205876,3,410804,410793,410800,0,0,0.9747350020522226
0,206184,206195,3,411425,411426,411430,0,0,0.5644574978468936
0,206193,206195,3,411427,411442,411448,2,1,0.5217705672632983
0,206738,206741,3,412444,412443,412447,0,0,0.999963399170073
0,206738,206757,3,412446,412448,412429,2,0,0.9994189265585196
0,206914,207146,3,412812,412810,412809,0,0,0.9970361958355868
0,207145,207146,3,412811,413291,413287,0,0,0.9972263841262365
0,207640,207643,3,414248,414255,414253,0,0,0.9998739210245547
0,207643,207673,3,414255,414260,414258,0,0,0.9999726657394592
0,207648,207652,3,414270,414272,414240,2,0,0.9983891508551573
0,207652,207654,3,414270,414278,414280,2,1,0.9989511955641761
0,207669,207672,3,414316,414315,414250,2,1,0.9985935217810163
0,207672,207673,3,414320,414317,414259,1,1,0.9984348638991858
0,208510,208576,3,415877,416033,416035,0,0,0.9993279421845926
0,208574,208576,3,416032,416031,416216,2,1,0.9993145719151072
0,208890,208893,3,416750,416727,416748,0,0,0.989062743609368
0,208893,208945,3,416756,416751,416731,1,0,0.9884121351164832
0,208935,208938,3,416837,416838,416729,1,0,0.9985792577131908
0,208938,208945,3,416839,416845,416731,1,0,0.9911327736732647
0,209004,209006,3,416976,416975,416941,1,0,0.9991986360465187
0,209006,209007,3,416978,416977,416945,2,1,0.9993226177580642
0,211168,211171,3,421204,421203,378157,0,0,0.9862662611427838
0,211170,211171,3,421203,421209,378189,0,0,0.9999968985253417
0,211191,211193,3,421258,421228,421255,0,0,0.9999265491758126
0,211191,211195,3,378305,421256,421254,1,0,0.9939580764063287
0,211193,211194,3,421262,421231,421259,0,0,0.9998694318554509
0,211194,211198,3,421264,421261,421263,0,0,0.9949927293730985
0,211195,211196,3,421266,421257,421268,0,0,0.9999503151530652
0,211196,211198,3,421260,421271,421269,1,0,0.9999999476816754
0,211495,211496,3,421872,421867,421875,0,0,0.9997725952475006
0,211495,214555,3,421865,421870,421874,2,1,0.9980019447966975
0,211496,211500,3,421876,421869,421873,0,0,0.9983189354200256
0,211500,214569,3,421885,421886,421877,0,0,0.9905448420422683
0,211546,211550,3,421997,421998,422000,0,0,0.9850490515210435
0,211548,211550,3,422010,421996,422007,0,0,0.9994476916389656
0,211612,211614,3,422130,422133,422128,2,1,0.841584849587877
0,211614,211627,3,422136,422131,422135,0,0,0.8416373109226074
0,211640,214725,3,422187,422188,422176,0,0,0.9968606525808841
0,211640,231027,3,422190,422179,422185,0,0,0.8601114514614926
0,211689,231081,3,422314,422310,422301,4,1,0.9940973437445205
0,211742,211743,3,422402,422399,422401,0,0,0.9901046697457432
0,211743,211783,3,422404,422402,422406,0,0,0.9966254335911938
0,211783,211785,3,422484,422482,422487,1,0,0.9900674638386245
0,211784,211785,3,422488,422490,422483,2,1,0.9630919995917003
0,211785,214874,4,422491,422493,422494;422485,1,0,0.9240231655203291
0,211830,211863,3,422600,422602,422595,1,0,0.9998689042579334
0,211830,211889,3,422602,422593,422599,1,0,0.999355749648421
0,211861,211863,3,422670,422667,422594,2,1,0.9986517048904785
0,211861,211936,3,422668,422670,422597,1,1,0.9958446535084522
0,211887,211889,3,422724,422721,422599,2,0,0.9825586526915429
0,211887,211936,3,422720,422723,422597,3,1,0.9978778402309437
0,212648,212650,4,424241,424251,424254;424249,0,0,0.9108840694403147
0,212658,212661,3,424282,424284,424281,0,0,0.8808772887090559
0,212658,212663,3,424237,424286,424284,0,0,0.9940636625152733
0,212663,212665,3,424292,424287,424246,0,0,0.9974940258637583
0,212707,212709,3,424370,424372,424358,2,0,0.9978386477382909
0,212707,212755,3,424374,424371,424361,1,0,0.9971869676553572
0,212751,212754,3,424462,424465,424357,1,0,0.9951765333084875
0,212751,212755,3,424464,424360,424449,0,0,0.9936295775913151
0,212992,212994,3,424917,424918,424920,2,1,0.9471875811628139
0,212994,212997,3,424923,424919,424925,2,1,0.9325557071456968
0,213443,213451,3,384271,425799,425800,1,0,0.9997177216782905
0,213451,213453,3,384274,425815,425816,0,0,0.9997377220521169
0,214170,214172,3,427110,427269,427271,1,1,0.9999798969689804
0,214170,214174,3,427266,427239,427270,0,0,0.9935151098381149
0,214171,214172,3,427268,427277,427274,0,0,0.9993694015092982
0,214171,214175,3,427272,427265,427275,0,0,0.999788698387395
0,214173,214174,3,427280,427267,427283,1,0,0.9994917074774088
0,214173,214175,3,427264,427278,427282,1,0,0.9999835013252842
0,214555,214568,3,428024,421871,428026,1,1,0.9996384528591101
0,214568,214569,3,428054,428027,421884,2,1,0.9956134153060401
0,214619,214623,3,428131,428132,427876,2,2,0.5363136472379453
0,214621,214623,3,428138,428130,427881,3,0,0.9763147903238092
0,214684,214688,3,427979,428274,428267,0,0,0.9984401368881439
0,214686,214688,3,428276,428266,427981,0,0,0.9994152258117261
0,214720,214722,3,428316,428301,422169,0,0,0.8867294174308489
0,214722,214724,3,428316,428320,422175,0,0,0.9872379899226428
0,214724,214725,3,428322,428321,422186,0,0,0.948447858220933
0,214745,214747,3,428366,428363,428361,0,0,0.9973370877853152
0,214745,214749,3,428362,428365,428359,0,0,0.9864987306457997
0,214811,214815,3,428480,388519,428482,0,0,0.995386755848556
0,214811,214821,3,388521,428480,428484,0,1,0.9990041679929113
0,214903,214908,3,428585,428592,428590,0,0,0.9999908632022008
0,214903,215025,3,428586,428590,428588,0,0,0.9970364100622072
0,214908,214911,3,428604,428602,428593,0,0,0.9998826039920221
0,214911,215033,3,428603,428611,428609,2,1,0.9998062983902681
0,214992,215129,3,428778,428780,428776,0,0,0.9999781705240475
0,215025,215028,3,428838,428837,428589,1,1,0.9930643344358224
0,215028,215033,3,428842,428838,428609,1,1,0.9998200167870689
0,215129,215163,3,428779,429037,429038,0,0,0.9749426835953829
0,215258,215260,3,429288,388994,429290,0,0,0.9935512281007662
0,215258,215297,3,388997,429226,429289,0,0,0.7624093432326737
0,215319,215332,3,429406,429390,429403,2,1,0.9988618267440932
0,215328,215332,3,429428,429391,429425,2,1,0.9978560753947772
0,215688,215690,3,430150,430134,430148,2,1,0.999435293063438
0,215690,215691,3,430137,430151,430152,2,1,0.99990927736318
0,215727,215730,3,430231,430237,430234,0,0,0.9999988058926109
0,215727,215807,3,430233,430235,430238,1,1,0.9996406713982746
0,215730,215732,3,430244,430237,430246,0,0,0.9968220870125748
0,215732,215813,3,430252,430248,430247,0,0,0.9995119316850325
0,215797,215799,3,429999,430380,430360,0,0,0.9336477628256269
0,215799,215800,3,430001,430385,430382,0,0,0.9958093585297023
0,215800,215802,3,430388,430385,430387,0,0,0.9989124901367713
0,215802,215816,3,430394,430391,430392,0,0,0.9999968322966662
0,215807,215809,3,430239,430367,430400,0,0,0.999093548953534
0,215809,215813,3,430249,430402,430401,1,1,0.9999896184530818
0,215816,215818,3,430393,430411,430408,0,0,0.9949911028500366
0,215818,234909,3,430411,430413,430398,0,0,0.9999046160730325
0,215820,234916,3,430414,430421,430418,0,0,0.9978350870510738
0,215823,234934,4,430423,430424,430428;430430,0,0,0.9997657772464495
0,216211,216213,3,431196,431213,431211,0,0,0.9998933849383319
0,216213,216217,3,431213,431217,431215,1,0,0.9998918945641437
0,216214,216216,3,431220,431208,431219,0,0,0.9993414088382975
0,216216,216217,3,431221,431215,431222,0,0,0.9988753188738377
0,216228,216229,3,431240,431247,431250,1,1,0.9999993889249192
0,216228,216237,3,431244,431248,431246,1,0,0.9997407381312974
0,216229,235534,3,431243,431251,431252,1,0,0.9999708578260493
0,216237,235536,3,431268,431249,431270,1,1,0.9997326300913385
0,216297,216300,3,431380,431382,390742,2,1,0.9999965605228478
0,216300,216302,3,431381,390747,431386,1,0,0.9999763724455915
0,217026,217037,3,432866,432863,432868,1,1,0.9995935892479567
0,217026,217056,3,432865,432867,432870,1,1,0.9997016633157976
0,217037,217043,3,432892,432894,432869,1,1,0.9997435871024559
0,217039,217041,3,432899,432901,432904,0,0,0.9999984664490836
0,217039,217243,3,432900,432896,432903,2,0,0.9994128785420493
0,217041,217046,3,432906,432893,432905,0,0,0.9997047853393711
0,217043,217071,3,432912,432895,432908,1,1,0.9996519132141751
0,217046,217262,3,432906,432919,432917,0,0,0.9999578583865403
0,217056,217062,3,432936,432933,432871,1,1,0.9997978155282057
0,217062,217071,3,432937,432947,432909,0,0,0.9997954639001613
0,217243,217260,3,433276,432903,433278,0,0,0.9995463621533779
0,217260,217262,3,433308,433279,432916,0,0,0.99986012638276
0,217341,236172,3,433426,433425,430433,0,0,0.9981381617522933
0,217342,236188,3,433430,433427,433432,0,0,0.9884564831882208
0,217347,236205,3,433444,433441,433443,0,0,0.9999106706107121
0,217349,236309,3,433450,433447,433452,0,0,0.9994979365195725
0,217547,217660,3,433839,433841,433844,0,0,0.9999889870373199
0,217547,217704,3,433837,433842,433840,1,0,0.9995763118138922
0,217623,217625,3,433950,434002,433981,0,0,0.9862066570837953
0,217625,217626,3,434004,434003,433990,0,0,0.9896354720484227
0,217653,217671,3,434056,434059,434055,0,0,0.9999895341632523
0,217654,217675,3,434058,434062,434060,0,0,0.9988733730296648
0,217660,217664,3,434082,434084,433845,0,0,0.9999999524070596
0,217664,217813,3,433847,434088,434083,1,0,0.9994491303427484
0,217671,217675,3,434059,434107,434100,0,0,0.9969397287793488
0,217704,217707,3,434160,434162,433843,1,0,0.9953732881827825
0,217707,217813,3,434168,433846,434163,0,0,0.9997066691515024
0,217755,217756,3,434203,434269,434266,2,1,0.9998717187032129
0,217755,217757,3,434264,434267,393850,2,1,0.9978685148995566
0,217756,217763,3,434272,434269,434270,2,0,0.9998980655846977
0,217757,217764,3,434265,393855,434274,2,1,0.9922635040408883
0,218582,218583,3,435874,435876,435870,2,1,0.9999241819447245
0,218583,218620,3,435878,435875,435873,2,1,0.9994268326933403
0,218882,218887,3,436497,436519,436522,2,1,0.9999007072319005
0,218882,218898,3,436495,436521,436518,0,0,0.9999338027068368
0,218887,218888,3,436523,436538,436536,1,1,0.999667413113021
0,218888,218910,3,436536,436540,436525,1,0,0.9999926416446487
0,218898,218899,3,436521,436561,436564,0,0,0.9999776093318922
0,218899,218910,3,436568,436565,436524,1,0,0.9996646999574516
0,219851,219856,3,438416,438425,438422,0,0,0.9989622529981319
0,219856,219863,3,438434,438437,438422,2,0,0.9902796820689386
0,219863,219871,3,438446,438435,438445,3,1,0.9945594114579639
0,219866,219871,3,438441,438453,438444,2,1,0.9992790715478548
0,220173,220177,3,439071,439077,439074,0,0,0.9999885545565949
0,220173,220179,3,439073,439075,439078,1,1,0.9999977757918537
0,220177,220186,3,439085,439086,439077,0,0,0.9995177157827987
0,220179,220189,3,439088,439091,439079,0,0,0.9998077258377728
0,220186,220193,3,439104,439087,439098,0,0,0.99993390035884
0,220189,220193,3,439099,439112,439088,2,0,0.9958260317962561
0,220346,220347,3,439424,439410,439426,3,1,0.9997740755436495
0,220346,220348,3,439393,439422,439426,2,1,0.9992827992541612
0,220347,220359,3,439428,439424,439430,2,1,0.9999837592439373
0,220348,220360,3,439397,439423,439433,3,2,0.99647186954036
0,220972,220974,3,440676,440667,440673,4,2,0.9991875157055061
0,220972,221025,3,440665,440674,440672,2,1,0.999269142555193
0,220974,220975,3,440677,440683,440680,4,2,0.9997989028536755
0,220975,221028,3,440684,440679,440681,2,1,0.999572588144746
0,221025,221026,3,440768,440675,440772,2,1,0.9985114366235157
0,221026,221028,3,440774,440678,440773,2,1,0.9989269906004792
0,221552,221553,3,441824,441822,441816,2,1,0.995000310200885
0,221553,221556,3,441826,441825,441819,2,1,0.9999997571293288
0,221985,222046,3,442651,442654,442658,1,0,0.9933202437773936
0,222010,222014,3,442737,442738,442685,1,0,0.6481559109203732
0,222012,222014,3,442746,442736,442693,2,1,0.69618657064606
0,222044,222046,3,442650,442819,442820,0,0,0.9974837206539308
0,222155,222157,3,443036,443031,443033,0,0,0.9997451387612711
0,222155,222167,3,443032,443028,443034,0,0,0.9989604786385183
0,222157,222160,3,443025,443036,443038,0,0,0.9962672901578385
0,222160,222173,3,443039,443045,443043,0,0,0.9997721666286805
0,222162,222164,3,442892,443054,443052,0,0,0.9991723155992146
0,222162,222166,3,443056,442895,443053,2,1,0.9995411937309213
0,222164,222165,3,443060,443055,443062,0,0,0.9991365095199505
0,222165,222170,3,443058,443065,443063,2,1,0.9997688028385329
0,222166,222167,3,443029,443057,443066,1,1,0.9996777702952222
0,222167,222170,3,443059,443069,443067,2,1,0.998279237952032
0,222167,222171,3,443068,443035,443070,0,0,0.9936409890673409
0,222171,222173,3,443076,443042,443071,1,0,0.99891422484303
0,222714,222717,3,444150,444156,444154,0,0,0.999986147160426
0,222714,222731,3,444152,444147,444155,2,1,0.9997082916375041
0,222715,222717,3,444160,444151,444159,0,0,0.9560799977715715
0,222715,222735,3,444081,444148,444158,0,0,0.9999913769766875
0,222729,222731,3,444146,444197,444198,2,1,0.9985053633679565
0,222729,222735,3,444125,444199,444149,1,1,0.9997762624767127
0,222791,222801,3,444318,444312,444167,2,1,0.9984582187986307
0,222797,222801,3,444313,444334,444182,3,1,0.9984984369783217
0,223195,223196,3,445098,445095,445101,4,2,0.9703691613547143
0,223196,223200,3,445102,445099,445097,2,1,0.9790205054299103
0,223253,223272,3,445245,445250,445246,0,0,0.612003785218855
0,223270,223272,3,445292,445244,445291,0,0,0.4813427188268579
0,223296,223300,3,445356,445345,445352,1,0,0.9985330507890463
0,223296,223307,3,445358,445355,445356,1,1,0.9914416862790546
0,223299,223300,3,445364,445369,445353,0,0,0.9999999705510615
0,223299,223310,3,445350,445367,445368,0,0,0.9987479975872404
0,223306,223307,3,445376,445379,445354,0,0,0.9999932121384293
0,223306,223310,3,445374,445377,445351,0,0,0.9987799121104124
0,224063,224086,3,446790,446787,446788,0,0,0.21403781530618074
0,224086,224087,3,446834,446791,446829,0,1,0.2437294286544585
0,224640,224662,3,447960,447953,447959,2,1,0.9976672567101994
0,224645,224667,3,447970,447962,447969,2,1,0.9999858576385999
0,224662,224663,3,447986,447960,447988,2,0,0.9993336095994693
0,224663,224667,3,447963,447991,447987,2,1,0.999853831153219
0,226001,226002,3,450666,450661,450669,0,0,0.9999949263541199
0,226001,226129,3,450653,450665,450668,0,0,0.9998252072421715
0,226002,226161,3,450666,450672,450670,1,0,0.9995402238892276
0,226129,226241,3,450665,450935,450940,0,0,0.999980218929263
0,226161,226242,3,450976,450975,450671,0,0,0.9999559190745283
0,226240,226246,3,451142,451139,451145,0,0,0.999988290242829
0,226240,226251,3,451137,451141,451144,2,1,0.9998627071675631
0,226241,226242,3,451148,450941,450974,0,0,0.9999010103405385
0,226246,226256,3,451142,451160,451158,0,0,0.9959107181933757
0,226251,226260,3,451141,451166,451168,2,1,0.9994761354337512
0,226256,226266,3,451174,451171,451159,0,0,0.9968157922466834
0,226260,226266,3,451186,451169,451170,0,0,0.9999990734453348
0,226850,226851,3,452393,452404,452402,0,0,0.9999911721161796
0,226850,226883,3,452400,452391,452403,0,0,0.9999999669843578
0,226851,226853,3,452394,452405,452406,1,0,0.9999942862808526
0,226853,226886,3,452410,452408,452407,0,0,0.9999910997668836
0,226883,226885,3,452401,452459,452460,0,0,0.9997740685388611
0,226885,226886,3,452462,452409,452461,0,0,0.9985759170008224
0,226973,226975,3,452619,452639,452642,0,0,0.9999882581302648
0,226973,226977,3,452638,448003,452640,0,0,0.9999965612448558
0,226977,226978,3,452641,452650,452648,0,0,0.9999494362274552
0,226978,226980,3,452644,452651,452652,1,0,0.9999987403313294
0,226984,226995,3,452664,452662,452636,0,0,0.9986905131128286
0,226995,226996,3,452686,452665,452681,2,1,0.9991438797251915
0,227250,227252,3,453204,453203,453194,0,0,0.9953018189104257
0,227252,227253,3,453208,453205,453197,0,0,0.9983456205956424
0,227253,227262,3,453207,453208,453211,0,0,0.9985846598885013
0,227260,227262,3,453206,453229,453231,1,0,0.9959125519252433
0,227637,227639,3,453940,416512,453942,1,0,0.4730589888490615
0,227639,227646,3,416519,453941,453946,2,2,0.6889694644290765
0,227710,227718,3,454077,454081,454082,3,1,0.9997116954679834
0,227718,227726,3,454081,454096,454095,2,0,0.9999758728645209
0,227726,227728,3,454099,454113,454111,2,0,0.9999664860247945
0,227728,227782,3,454101,454117,454114,2,0,0.9988794735277746
0,227776,227784,3,454195,454197,454200,2,1,0.9999404020184545
0,227782,227784,3,454195,454213,454211,2,0,0.9998433566613677
0,228085,228140,3,454842,454804,454839,0,0,0.993992766612341
0,228123,228140,3,454805,454916,454923,0,0,0.9983320255615782
0,228123,228184,3,454802,454921,454922,1,0,0.9988965237329925
0,228145,228184,3,454954,454803,454957,0,0,0.9994709353996114
0,228977,228979,3,456644,456641,456630,2,1,0.9997994168922808
0,228977,228992,3,456642,456645,456633,2,1,0.9999710351091758
0,228988,228990,3,456666,456663,456635,2,1,0.9997414717047175
0,228988,228992,3,456662,456664,456632,2,1,0.9996679233768376
0,229012,229021,3,456700,456707,456708,2,1,0.9999541260777824
0,229019,229021,3,456706,456717,456724,2,1,0.999939299857657
0,229133,229134,3,456912,456900,456909,2,1,0.9992172291558798
0,229133,229167,3,456872,456913,456897,2,1,0.9997036697699002
0,229159,229160,3,456962,456965,456899,2,1,0.9999988465264292
0,229159,229167,3,456964,456896,456941,2,1,0.9999213118970565
0,229160,229163,3,456903,456969,456966,2,1,0.9999878456420046
0,229163,229169,3,456976,456969,456906,2,1,0.9999331522337901
0,231027,231128,3,422191,460667,460665,0,0,0.9966270164119118
0,231081,231085,3,422314,460785,460787,3,1,0.9721535340352984
0,231084,231086,3,460796,460791,460792,3,1,0.9760345196332143
0,231085,231086,3,460798,460791,460787,2,1,0.9998657997918402
0,231130,231134,3,460877,460892,460890,0,0,0.8784295311108037
0,231133,231137,3,460895,460899,460897,0,0,0.7166700662806369
0,231134,231135,3,460882,460893,460900,0,0,0.9141336354029842
0,231135,231137,3,460894,460901,460902,0,0,0.9462180862120919
0,231171,231173,4,460968,460813,460963;460964,2,2,0.9972292999622739
0,231201,231203,3,461030,461029,461024,3,1,0.9991621892025927
0,231203,231207,3,461034,461031,461027,2,1,0.9764707637661758
0,231226,231228,3,461075,461077,461078,0,0,0.9999422089111504
0,231228,231232,3,461079,461084,461082,0,0,0.9999996819205133
0,231232,231235,3,461083,461087,461088,0,0,0.9995606065712548
0,231397,231399,3,461436,461433,461109,0,0,0.901495781212845
0,231397,231424,3,461434,461437,461405,0,0,0.9956188463428118
0,231421,231426,4,461468,461477,461478;461415,0,0,0.9999630499327048
0,231430,231437,3,461484,461493,461490,0,0,0.9237679799635311
0,231430,231443,3,461492,461480,461489,0,0,0.9932465639219024
0,231437,231440,3,461506,461503,461491,0,0,0.9444631287947761
0,231590,231592,4,461802,461807,461808;461605,2,0,0.9974598529143572
0,231780,231783,3,462192,462171,462195,2,0,0.9990056101775834
0,231783,231785,3,462200,462193,462199,2,0,0.9706097652939571
0,231785,231982,3,462196,462203,462204,0,0,0.972993841960445
0,231795,231806,3,462224,462218,462227,4,2,0.9525841332418518
0,231806,231808,3,462225,462237,462246,3,2,0.9505649194716166
0,231978,231982,3,462197,462607,462610,1,0,0.45449474930239264
0,232013,232017,3,462678,462681,462673,1,0,0.3686776487822373
0,232013,232021,3,462680,462677,462671,0,0,0.9999999942777879
0,232047,232051,3,462736,462734,462733,0,0,0.9999992741392841
0,232050,232051,3,462735,462746,462742,0,0,0.9990660518172891
0,232166,232219,3,463000,463003,462995,0,0,0.9998155333785385
0,232166,232288,3,463002,463004,462998,0,0,0.9999597170492753
0,232217,232219,3,463148,463147,462994,0,0,0.9990667048499616
0,232217,232352,3,462997,463117,463149,0,0,0.9948330624747589
0,232252,232253,3,463202,463183,463204,0,0,0.999905293156095
0,232252,232256,3,463200,463203,463195,0,0,0.9762624918901721
0,232256,232327,3,463208,463210,463199,0,0,0.9739266830440673
0,232258,232300,3,463206,463213,463167,0,0,0.9965124919012418
0,232258,232329,3,463212,463209,463164,0,0,0.9988237855784095
0,232280,232300,3,463166,463269,463278,0,0,0.9947193404497263
0,232280,232351,3,463274,463279,463163,0,0,0.9830094039513664
0,232286,232288,3,463290,463289,462999,0,0,0.997552827110987
0,232286,232352,3,462996,463261,463288,0,0,0.9949125126253459
0,232305,232329,3,463316,463165,463319,0,0,0.9984979302721864
0,232305,232351,3,463318,463315,463162,0,0,0.9939029457369987
0,232327,232330,3,463355,463366,463364,0,0,0.9807494036885875
0,232330,232331,3,463368,463367,463361,0,0,0.9926702964619911
0,232402,232406,3,463500,463499,463502,0,0,0.9954961095239905
0,232406,232595,3,463501,463505,463510,1,0,0.9979209765535638
0,232516,232524,3,463724,463723,463719,0,0,0.8246563051968439
0,232519,232527,3,463721,463729,463691,0,0,0.8894209241357446
0,232927,232929,3,464525,464531,464528,1,0,0.999495972513029
0,232927,234109,3,464532,464529,464527,1,0,0.9997213608392729
0,232928,232929,3,464534,464525,464537,2,1,0.999914173559447
0,232928,234110,3,464521,464522,464536,0,0,0.9996701101772603
0,233289,233305,3,465338,465324,465341,0,0,0.9864081962774187
0,233298,233305,3,465325,465377,465370,0,0,0.9794986957082364
0,233298,233474,3,465322,465375,465376,2,0,0.9925074024580791
0,233449,233470,3,465691,465694,465692,0,0,0.9002600383638822
0,233466,233474,3,465323,465718,465720,2,0,0.9299626358683203
0,233468,233470,3,465690,465725,465726,0,0,0.9488698656011161
0,233971,233987,3,466611,466616,466614,2,1,0.9994289450443569
0,233987,233989,3,466617,466643,466635,0,0,0.9131248220678896
0,234108,234109,3,466850,466841,464526,1,0,0.9977155658662573
0,234108,234110,3,464523,466846,466850,1,1,0.9997744899843607
0,234856,234857,3,468315,468322,468320,0,0,0.9724812864316854
0,234856,234909,3,468322,430399,468313,0,0,0.9996805509590468
0,234910,234912,3,468434,468431,468433,0,0,0.9912832841791394
0,234911,234912,3,468430,468441,468438,0,0,0.9952051504601058
0,234911,234916,3,468440,430415,468437,0,0,0.9801099862677936
0,234924,234926,4,468466,468459,468445;468465,0,0,0.9998329352774706
0,234926,234939,4,468472,468463,468449;468471,0,0,0.9951444634152937
0,234933,234935,3,468484,468452,468481,0,0,0.9506859191480629
0,234933,234939,4,468463,468485,468482;468455,0,0,0.9990420314586274
0,234934,234935,3,468457,468488,468486,0,0,0.9935636607139272
0,234990,234994,3,468581,468597,468600,0,0,0.9993193228279882
0,234990,235000,3,468579,468598,468596,1,0,0.9999960568350286
0,234994,234995,3,468601,468608,468606,0,0,0.9981765472700435
0,234995,235010,3,468610,468603,468607,0,0,0.999852433048209
0,235000,235001,3,468622,468599,468624,0,0,0.9979177481274271
0,235001,235010,3,468628,468625,468602,0,0,0.9999349054070695
0,235042,235043,3,468715,468719,468613,0,0,0.9956221932873355
0,235145,235146,3,468916,468919,468913,2,1,0.9998555669548431
0,235146,256143,3,468920,468922,468914,2,0,0.9998619088522908
0,235148,235167,3,468925,468927,468909,3,0,0.9996460485376621
0,235167,235170,3,468927,468955,468959,4,0,0.9997457277254594
0,235534,235537,3,469675,469677,431253,0,0,0.9997636523925595
0,235536,235537,3,431271,469681,469674,1,1,0.9997409533436942
0,235671,256419,3,469988,469984,469990,2,0,0.9820479973133399
0,235886,235905,3,470424,470427,470419,0,0,0.9956068325774906
0,235886,236031,3,470426,470423,470429,0,0,0.9993610381356093
0,236018,236031,3,470423,470713,470716,0,0,0.9994847137550784
0,236018,236039,3,470712,470421,470715,0,0,0.9878279073888485
0,236172,236188,3,470924,433426,468493,0,0,0.9644715739328448
0,236205,236208,3,470986,433444,470983,0,0,0.9525053166073034
0,236208,236309,3,470994,433446,470989,0,0,0.9218464349050881
0,236391,236392,3,471362,471357,471364,0,0,0.9460050914841932
0,236392,236530,3,471366,471363,471359,0,0,0.9966654919846082
0,236529,236530,3,471634,471363,471632,0,0,0.9799566386282875
0,236531,236532,4,471638,471640,469632;471631,0,0,0.9997881328519553
0,236914,237283,3,472395,472408,472406,2,0,0.9901208684028654
0,236941,236987,3,472463,472466,472468,0,0,0.8405039074941586
0,236986,236987,3,472564,472467,472566,0,0,0.9816049598150415
0,237005,237008,3,472602,472604,472391,0,0,0.9971218801576238
0,237005,237026,3,472578,472603,472393,0,0,0.9999992841744445
0,237008,237410,3,472610,472397,472613,0,0,0.9999758083878808
0,237033,237035,3,472653,472654,472656,0,0,0.9805832260464072
0,237035,237039,3,472659,472655,472660,0,0,0.9854461767125201
0,237242,237247,3,473068,473070,473063,2,1,0.99488390637442
0,237242,237538,3,473066,473068,473064,1,0,0.9943038624207605
0,237247,237249,3,473071,473080,473082,0,0,0.9941615330038035
0,237283,237438,3,473162,472409,473140,1,0,0.9998512020506106
0,237308,237311,3,473189,473212,473214,0,0,0.9387327067291761
0,237310,237311,3,473202,473213,473221,0,0,0.948136859267958
0,237310,237391,3,473218,473148,473199,0,0,0.9993086742642523
0,237354,237366,3,434121,473319,473227,0,0,0.9998566124488287
0,237355,237367,3,473318,473322,473320,0,0,0.9876098809982006
0,237358,237362,3,473328,473332,473330,0,0,0.9941610544042928
0,237361,237362,3,473329,473338,473344,0,0,0.8729041808013053
0,237363,237391,3,473149,473334,473346,0,0,0.9417913061366803
0,237366,237367,3,473319,473352,473254,0,0,0.9827330879098574
0,237410,237438,3,472610,473430,473141,0,0,0.9999972407882456
0,237503,237504,3,473580,473558,473582,2,1,0.9916045653089918
0,237504,237508,3,473561,473581,473584,2,1,0.9966872614047242
0,237538,237540,3,473644,473067,473643,2,0,0.988757830672803
0,237722,237727,3,473961,473963,473966,1,0,0.9990286485788605
0,237722,237968,3,473959,473964,473962,0,0,0.9999836879462402
0,237728,237979,3,473973,473974,473969,1,0,0.9991264034099279
0,237729,237731,3,473982,473977,473979,2,1,0.9948341750573308
0,237729,237980,3,473975,473980,473978,0,0,0.9993477700588129
0,237968,237972,3,474464,473965,474466,2,2,0.9998747033576031
0,237972,237979,3,474476,474467,473968,2,1,0.9992690534946501
0,237980,258213,3,474490,474492,473981,1,1,0.99873366310241
0,238201,238202,3,474886,474889,474881,2,0,0.9981195563152531
0,238201,238232,3,474879,474884,474888,2,1,0.999699512912542
0,238202,238204,3,474890,474887,474892,2,0,0.9981990220188394
0,238232,238238,3,474885,474954,474953,2,0,0.9979198198543678
0,239072,239077,3,476652,476654,476646,0,0,0.9986753766081492
0,239072,239080,3,476654,476649,476650,1,1,0.9998127074299452
0,239077,239133,3,476664,476653,476666,2,0,0.9967535120339235
0,239133,239139,3,476786,476665,476785,4,2,0.9999010212191936
0,239437,239441,3,477403,477408,477406,2,0,0.9344910577862625
0,239439,239441,3,477402,477411,477412,2,1,0.9989824339840818
0,239693,239709,3,477944,477942,477939,2,2,0.9900824762678158
0,239708,239709,3,477943,477977,477975,2,1,0.9773726816349798
0,239721,239722,3,477934,478002,478000,2,1,0.9994226300397081
0,239721,240093,3,477998,477997,478001,2,1,0.9975995733388662
0,239722,239724,3,478003,478004,478006,2,0,0.9866314326800948
0,239966,239970,3,478479,478480,478470,0,0,0.9999682826353621
0,239968,239970,3,478486,478478,478477,0,0,0.9998694781456654
0,240246,240247,3,478999,479007,479004,0,0,0.9999505913388026
0,240246,240254,3,479002,478992,479005,0,0,0.998494599660947
0,240247,240249,3,479010,479007,479008,2,0,0.9993098072311961
0,240249,240262,3,479009,479014,479012,1,0,0.9988725763229088
0,240254,240261,3,479024,479021,479003,3,0,0.9866748341773368
0,240261,240262,3,479013,479040,479024,1,1,0.9996945495325286
0,240745,240758,3,480010,480013,438439,2,0,0.9872703740914321
0,240758,240760,3,480038,480011,438449,3,1,0.9890978414898801
0,240882,240963,3,480272,438719,480274,4,1,0.9787168845793351
0,240951,240952,3,480412,480387,480414,1,0,0.9996167026202478
0,240951,240955,3,480398,480412,480410,0,0,0.9998453049675806
0,240952,240954,3,480418,480416,480415,0,0,0.999791611957087
0,240954,240958,3,480421,480423,480417,0,0,0.9998636657783062
0,240955,240957,3,480424,480405,480411,0,0,0.9985592697986228
0,240957,240958,3,480425,480429,480421,0,0,0.9999840298579421
0,240963,240965,3,439155,480273,480442,0,0,0.9773166190235067
0,241080,241081,3,480672,480662,480674,4,2,0.9999776319846623
0,241080,241084,3,480603,480673,480670,4,2,0.9998286692234222
0,241081,241083,3,480678,480676,480675,4,1,0.9994287718091946
0,241083,241087,3,480680,480683,480677,2,1,0.9997767161202439
0,241084,241086,3,480607,480671,480684,2,1,0.9999821189072672
0,241086,241087,3,480685,480687,480681,2,1,0.9999999935087316
0,241130,241131,3,480774,480771,480777,5,2,0.9930887946670419
0,241131,241134,3,480775,480773,480778,2,1,0.9958621182208154
0,241229,241261,3,480969,480955,480971,3,1,0.9999399997748427
0,241232,241233,3,480976,480979,480973,2,0,0.9963167357925146
0,241261,241267,3,480971,481043,481035,2,1,0.9998143393568263
0,241482,241489,3,481163,481495,481499,2,1,0.9420246896881029
0,241485,241489,3,481494,481507,481504,2,1,0.9995705802776791
0,242085,242123,3,482670,482672,482655,4,2,0.9969865970988159
0,242095,242108,3,482690,482693,482649,4,2,0.9996381543544945
0,242108,242132,3,482691,482677,482718,6,3,0.9995536274669381
0,242123,242124,3,482673,482754,482748,4,2,0.9982777485516182
0,242124,242127,3,482675,482757,482751,4,2,0.9984243797906946
0,242460,242464,3,483451,483452,483440,3,1,0.9681893019724835
0,242462,242464,3,483460,483450,483447,2,1,0.9914415378858809
0,243133,263610,3,484800,484796,484795,2,0,0.9592097809850557
0,243853,243856,3,486228,486225,486230,3,2,0.9977809138057809
0,243853,243863,3,486227,486229,486232,3,2,0.9999985379477446
0,243863,243867,3,486248,486233,486251,4,2,0.9876471578401544
0,243867,243869,3,486249,486237,486256,4,2,0.9787762777049028
0,244129,244313,3,486763,486766,486764,2,1,0.9803167281793183
0,244138,244316,3,486786,486769,486783,2,1,0.99450935155649
0,244239,244250,3,486989,486994,486992,2,1,0.9974009372233541
0,244250,244276,3,487008,486995,487010,2,1,0.9950440599500799
0,244276,244763,3,487040,487011,487072,2,1,0.9845815001907607
0,244313,244314,3,487139,486767,487142,2,1,0.9898281161239758
0,244314,244316,3,487144,486768,487143,2,1,0.9984941707314438
0,244692,244694,3,487907,487911,487914,0,0,0.9982987051017009
0,244692,244709,3,487910,487905,487912,0,0,0.9985641624267044
0,244694,244695,3,487918,487920,487915,0,0,0.9999381978227293
0,244695,244712,3,487918,487923,487917,0,0,0.9989956030304313
0,244709,244710,3,487938,487950,487913,0,0,0.9999882856764375
0,244710,244712,3,487954,487951,487916,0,0,0.9986892295230703
0,244749,244763,3,488018,487041,487975,2,1,0.99372337970819
0,245302,245306,3,489195,489197,489201,1,0,0.9812774950933997
0,245304,245306,3,489206,489194,489205,1,0,0.9694710661812312
0,245411,245417,3,489392,489394,489387,1,0,0.997948789796457
0,245417,245418,3,489396,489395,489402,2,0,0.9768370905576889
0,245680,245691,3,489932,489938,489936,2,1,0.9989049718380135
0,245680,245719,3,489935,489937,489940,4,0,0.9995330068129707
0,245691,245696,3,489971,489972,489939,1,1,0.999996876452829
0,245696,245735,3,489982,489973,489942,2,1,0.9999899522694046
0,245719,245724,3,490036,490038,489941,1,0,0.99996398393039
0,245724,245735,3,490036,490048,489943,0,0,0.9999537613129538
0,245903,245908,3,490366,490362,490343,0,0,0.9966873075332147
0,245906,245908,3,490363,490374,490352,0,0,0.9942713493494909
0,245940,245942,3,490422,490425,490420,0,0,0.999071213820088
0,245942,245948,3,490428,490423,490427,0,0,0.9984156058365995
0,246171,246175,3,490858,490891,490893,0,0,0.9612675212330312
0,246173,246175,3,490890,490898,490902,0,0,0.9931618171674411
0,246254,246255,3,491052,491055,490993,2,1,0.9711389908238263
0,246254,246256,3,491054,491051,490991,2,0,0.981973702364203
0,246308,246310,3,491160,491156,491155,0,0,0.9961481552819205
0,246308,246414,3,491158,491142,491161,0,0,0.9958291282710248
0,246310,246313,3,491157,491166,491165,0,0,0.9964582664136067
0,246343,246388,3,491230,491223,491233,2,1,0.9728192480233254
0,246414,246416,3,491372,491159,491361,0,0,0.9931559756235858
0,248446,248447,3,495342,495345,495339,0,0,0.99910723439539
0,248570,248571,3,495565,495589,495586,0,0,0.998899713912077
0,248570,248572,3,495588,495563,495585,0,0,0.9993118285322621
0,249467,249469,3,497362,497353,497364,2,0,0.9974621586624414
0,249467,249479,3,497360,497362,497358,1,0,0.9999509093319228
0,249479,249484,3,497388,497386,497361,1,0,0.9829242853770783
0,249484,249486,3,497396,497389,497369,0,0,0.9796991183912149
0,249521,249524,3,497476,497472,497478,0,0,0.9998382154898137
0,249521,249581,3,497471,497477,497474,0,0,0.9975145590421634
0,249524,249560,3,497479,497485,497486,0,0,0.9988565118505794
0,249560,249588,3,497556,497485,497554,0,0,0.9998417943791321
0,249570,249571,3,497584,497550,497587,1,0,0.9991798588888624
0,249570,249572,3,497575,497582,497586,1,0,0.979908027032202
0,249571,249607,3,497588,497585,497590,0,0,0.9956377822731179
0,249572,249608,3,497581,497583,497592,0,0,0.9994423562807032
0,249609,249617,3,497645,497646,497650,0,0,0.9913255164671464
0,249609,249684,3,497648,497642,497651,1,0,0.9896021129482482
0,249617,249620,3,497647,497668,497667,2,0,0.9838742202998648
0,249684,249686,3,497649,497798,497796,0,0,0.9934524881037522
0,249688,249690,3,497810,497808,497795,1,1,0.9972645387532748
0,249690,249693,3,497809,497812,497800,0,0,0.9975426396469643
0,250145,250158,3,498789,498792,498794,1,1,0.9996970174742456
0,250148,250161,3,498800,498790,498802,0,0,0.9988212912156534
0,250156,250158,3,498788,498827,498830,0,0,0.999242891715409
0,250156,250161,3,498828,498791,498830,1,0,0.9998785466722563
0,250199,250204,3,498895,498898,498902,0,0,0.9999998698667584
0,250199,250211,3,498897,498900,498902,1,0,0.9997847104439516
0,250202,250204,3,498899,498909,498912,2,0,0.9993069213978027
0,250209,250211,3,498924,498896,498921,2,1,0.9991822989950242
0,250780,250781,3,500016,500018,500009,2,1,0.9912371717694859
0,250781,250783,3,500012,500019,500022,2,0,0.9858911845210891
0,251084,251085,3,500615,500624,500622,0,0,0.9990929653339846
0,251084,251313,3,500620,500619,500623,0,0,0.9989435395942243
0,251085,251088,3,500617,500625,500627,1,0,0.9999545436135322
0,251088,251317,3,500632,500627,500630,0,0,0.9999951841427296
0,251313,251316,3,500620,501080,501082,0,0,0.9979331471804761
0,251316,251317,3,501086,500631,501083,0,0,0.9997274542586788
0,251497,251509,3,501454,501451,501449,2,0,0.9989237036288676
0,251497,251517,3,501450,501453,501447,0,0,0.9988392026238688
0,251903,251904,3,502202,502205,502197,2,0,0.9892721267627445
0,251903,251905,3,502204,502201,502195,2,1,0.9998970098298506
0,252159,252226,3,502698,502680,502691,2,1,0.8430295917411587
0,252221,252226,3,502681,502827,502821,2,1,0.6828622261994733
0,252293,252300,3,502965,502967,502970,1,0,0.9998850226070112
0,252293,252308,3,502966,502962,502968,1,0,0.9998995558770215
0,252308,272456,3,502990,502992,502969,0,0,0.9962466969637218
0,252380,252384,3,503131,503135,503133,3,1,0.9999889214124431
0,252382,252384,3,503142,503130,503139,2,1,0.9998893320652755
0,252539,252542,3,503452,503455,503451,1,0,0.9974998551738435
0,252825,252829,3,504030,504035,504032,0,0,0.985251840507247
0,252828,252829,3,504031,504040,504049,0,0,0.597271473416698
0,253511,253515,3,505397,505402,505404,2,1,0.9850593164460286
0,253514,253515,3,505403,505409,505410,2,1,0.9997948495708457
0,254045,254051,3,506451,506455,506459,2,1,0.9994640241085055
0,254048,254051,3,506468,506450,506463,2,1,0.9936049179232392
0,254091,254093,3,506548,506551,506545,2,1,0.9834086417642337
0,254091,254095,3,506550,506553,506547,2,1,0.997860179185853
0,254093,254103,3,506556,506558,506555,2,1,0.9771774882008417
0,254103,254106,3,506559,506573,506571,2,1,0.5380555646620873
0,254253,254534,3,506872,506878,506876,2,1,0.9985073093157305
0,254310,254597,3,506995,506997,506881,0,0,0.999465618797583
0,254534,254595,3,506879,507450,507448,2,0,0.9974328484627855
0,254595,254597,3,507570,506994,507451,2,1,0.9995270375881934
0,254611,254613,3,507602,507587,507600,2,1,0.9999990272855277
0,254613,254614,3,507606,507603,507589,2,0,0.9979715717455627
0,254614,254618,3,507607,507605,507609,1,0,0.9996508348251264
0,254616,254618,3,507605,507613,507615,1,0,0.9977556013439309
0,254976,254985,3,508316,508315,508318,0,0,0.941752421980955
0,254984,254985,3,508317,508342,508346,0,0,0.9668157720246802
0,255271,255539,3,508916,508876,508643,0,0,0.9964272465489955
0,255288,255292,3,508943,508944,508946,0,0,0.9715690040020107
0,255291,255292,3,508945,508952,508956,0,0,0.9681223137022076
0,255444,255448,3,509250,509248,509245,0,0,0.9985409751418794
0,255447,255448,3,509249,509256,509258,0,0,0.9524795335150894
0,255455,255459,3,509274,509276,509243,0,0,0.9505245228038953
0,255459,255460,3,509277,509283,509255,0,0,0.9993283712885377
0,255537,255539,3,509438,508877,509253,0,0,0.8302577228490282
0,255623,255630,3,509614,509609,509611,0,0,0.9977604309144583
0,255623,255637,3,509606,509612,509610,0,0,0.9977416748119766
0,255630,274687,3,509626,509628,509615,0,0,0.9982353366087625
0,255637,274692,3,509636,509613,509638,1,1,0.9999478757018073
0,255842,255875,3,510044,510040,510043,0,0,0.9849722888213344
0,255875,255876,3,510045,510099,510102,0,0,0.9730314118877867
0,256143,256144,3,510634,510637,510631,2,0,0.9999479729272447
0,256211,256212,3,510766,510505,510768,1,0,0.9961816479340606
0,256211,256215,3,510746,510767,510764,0,0,0.9999498428270184
0,256212,256214,3,510772,510770,510769,0,0,0.9999994222602103
0,256214,256218,3,510771,510777,510774,1,1,0.9998404467417218
0,256215,256217,3,510778,510751,510765,2,1,0.9999963026392058
0,256217,256218,3,510779,510783,510775,1,1,0.998950412023487
0,256419,256423,3,469989,511237,511238,2,0,0.9683807937219161
0,256751,256752,3,511876,511867,511871,2,0,0.9904719617202078
0,256752,256761,3,511869,511876,511878,2,0,0.9935926063177504
0,256755,256756,3,511865,511886,511884,2,0,0.9677227468166416
0,256756,256761,3,511868,511887,511888,2,0,0.9893668829371534
0,256905,256907,3,511891,512183,512186,0,0,0.9968237153138015
0,256905,256909,3,505349,512184,512182,1,0,0.9944365220919552
0,256907,256908,3,512190,511893,512187,1,0,0.9998786927227957
0,256908,256912,3,512192,512190,512189,0,0,0.9985171237722066
0,256909,256910,3,512194,512185,512196,0,0,0.9975653958967166
0,256910,256912,3,512188,512198,512197,0,0,0.9963899857723024
0,257065,257067,3,512526,512529,512523,0,0,0.9992979376103809
0,257065,257073,3,512530,512527,512525,2,1,0.9994682288467052
0,257072,257073,3,512540,512524,512505,4,0,0.9999156174808081
0,257072,257074,3,512538,512540,512521,3,1,0.9999954566319497
0,257313,257316,3,512980,512825,512983,2,1,0.9999262543822465
0,257316,257474,3,512983,512989,512827,2,1,0.9999564362474356
0,257318,257320,3,512994,512971,512993,2,1,0.9465213710276873
0,257320,257321,3,512977,512995,512996,0,0,0.9482778458131991
0,257478,257480,3,513000,513303,513306,2,0,0.9999694389954815
0,257478,257482,3,513302,513304,513296,3,1,0.9992406415914092
0,257480,257481,3,513310,513003,513307,0,0,0.998920659999588
0,257481,257485,3,513311,513313,513309,0,0,0.9990497229898496
0,257482,257490,3,513314,513317,513301,4,1,0.9996361341062063
0,257485,257493,3,513319,513320,513322,0,0,0.9997327783024927
0,257871,257878,3,514086,514080,514088,1,0,0.9999336918177554
0,257871,257993,3,514082,514086,514084,0,0,0.9998974113714981
0,257872,257873,3,514092,514094,514071,0,0,0.9998762065790443
0,257872,257876,3,514090,514076,514093,0,0,0.9999923470879065
0,257873,257875,3,514098,514095,514096,0,0,0.9998547466293958
0,257876,257878,3,514102,514091,514081,2,1,0.9996273806982029
0,257878,258247,3,514106,514104,514089,0,0,0.999975915095055
0,257993,258282,3,514334,514333,514085,2,1,0.9999641139249176
0,257996,258215,3,473984,514338,514337,2,1,0.9999486765939832
0,258213,258215,3,514740,474493,514336,0,0,0.994650190745361
0,258247,258287,3,514769,514771,514105,1,1,0.9998251316777549
0,258282,258287,3,514335,514841,514769,1,1,0.999158812670643
0,258748,258749,3,515770,515769,515511,0,0,0.9878914168729451
0,258749,258754,3,515772,515771,515513,2,0,0.9765140929583739
0,258808,258810,3,515888,515890,515845,0,0,0.9873647903179946
0,258810,258813,3,515891,515895,515851,2,1,0.966748285926044
0,258897,258906,3,516058,516060,516057,2,1,0.3992028142436107
0,258906,258912,3,516080,516058,516078,2,2,0.9847874002069228
0,258977,258979,3,516205,516207,516210,1,1,0.9999796591747763
0,258977,259055,3,516206,516202,516208,0,0,0.999993701065699
0,258978,258979,3,516212,516205,516215,2,1,0.999999870564748
0,258978,259056,3,516197,516212,516201,1,0,0.9999009140061893
0,259380,259384,3,517002,517004,516655,2,1,0.9862616118176245
0,259384,259397,3,517005,517013,516660,1,0,0.9792059875235377
0,259390,259391,3,517024,517026,517017,0,0,0.9990646605998145
0,259391,259393,3,517027,517029,517020,0,0,0.9996906717879296
0,259710,259711,3,517610,517605,517612,1,0,0.9996737381082299
0,259710,259721,3,517603,517611,517608,0,0,0.9998804538023364
0,259711,259713,3,517616,517613,517615,0,0,0.9997069898302613
0,259713,259724,3,517615,517620,517618,0,0,0.9998915552453461
0,259721,259723,3,517638,517627,517609,0,0,0.9998749598036
0,259723,259724,3,517640,517639,517619,0,0,0.9999949888921308
0,260512,260513,3,519220,518996,519222,2,1,0.9994302572430832
0,260512,260521,3,519217,519221,519218,2,1,0.9977265803789703
0,260513,260515,3,519226,519224,519223,2,1,0.998965125292697
0,260515,260524,3,519225,519231,519228,2,1,0.9976341546381677
0,261346,261432,3,520881,520952,520962,0,0,0.9483387638406889
0,261425,261432,3,520953,521051,521109,2,2,0.9723379776996846
0,262326,262329,3,522816,522812,522818,3,1,0.99222138286686
0,262326,262492,3,522811,522817,522814,3,2,0.999939219550033
0,262331,262333,3,522832,522829,482743,4,2,0.6743029568173675
0,262331,262494,3,522828,522831,482740,4,2,0.9545601885524788
0,262846,262920,3,523841,523844,523848,0,0,0.991793723181336
0,262918,262920,3,523840,524037,524040,0,0,0.9818016675426937
0,263113,263117,3,524434,524436,524407,2,1,0.9939236828082275
0,263113,263123,3,524438,524435,524409,2,1,0.9858861659990604
0,263599,263612,3,525398,525400,525375,1,1,0.9990426204185536
0,263599,263629,3,525378,525395,525400,4,1,0.989083221752362
0,263601,263612,3,525374,525403,525406,0,0,0.9999643071377385
0,263601,263635,3,525404,525407,525377,1,0,0.9975835303767646
0,263608,263610,3,484797,525426,525421,2,1,0.8994830928256806
0,263617,263629,3,525450,525379,525447,0,0,0.9948153827115488
0,263617,263635,3,525446,525449,525376,0,0,0.9995581525190068
0,263837,263838,3,525729,525851,525848,2,1,0.9990259436399818
0,263839,263840,3,525850,525857,525854,2,1,0.990930559692088
0,263852,263853,3,525876,525878,525871,2,0,0.9917929037827918
0,263854,263855,3,525879,525883,525875,2,1,0.9912414973771444
0,264067,264068,3,526288,526285,526290,0,0,0.971943750598993
0,264067,264115,3,526283,526289,526286,0,0,0.996486117814394
0,264120,264401,3,526380,526377,526379,4,2,0.9976139779221445
0,264199,264203,3,526548,526545,526551,4,2,0.9997230431350294
0,264320,264323,3,526784,526549,526787,4,2,0.99983385079862
0,264326,264328,3,526800,526799,526789,4,2,0.9999977224745481
0,264326,264330,3,526798,526561,526786,4,2,0.9993611849910329
0,264328,264331,3,526804,526799,526790,4,2,0.9994009690099189
0,264401,264407,3,526946,526380,526945,4,2,0.9999709979962907
0,264407,264410,3,526383,526959,526947,4,2,0.7529261681358629
0,264413,264427,3,526966,526385,526970,3,2,0.7422227638972377
0,264521,264522,3,527157,527165,527162,0,0,0.9986574416535542
0,264521,264527,3,527164,527160,527154,1,0,0.9698031204262684
0,265521,265522,3,529192,529160,529194,0,0,0.9999442570613104
0,265530,265668,3,529210,529209,529154,4,2,0.9998948524048863
0,265530,286620,3,529157,529206,529210,2,2,0.9989983629298075
0,265646,265668,3,529430,529435,529155,1,0,0.999999982638835
0,265646,286814,3,529434,529437,529159,0,0,0.9999389653858506
0,267725,267727,3,533544,533542,533533,0,0,0.9831523712922597
0,267727,267728,3,533546,533545,533535,0,0,0.9991048325225552
0,268229,268234,3,534531,534536,534534,0,0,0.9988190340013972
0,268229,268356,3,534529,534532,534536,1,0,0.9942104718284028
0,268234,268242,3,534544,534541,534535,0,0,0.9974507724570431
0,268242,268366,3,534544,534564,534559,0,0,0.999790230337894
0,268356,268360,3,534800,534803,534533,0,0,0.9970282721006215
0,268360,268366,3,534808,534558,534803,2,0,0.9800718671096194
0,268595,268597,3,535263,535265,535203,0,0,0.9358391107645644
0,268596,268597,3,535205,535262,535266,0,0,0.9414890278323507
0,268874,268876,3,535823,535825,535828,2,1,0.9993100131800278
0,268875,268876,3,535487,535822,535830,2,1,0.9992697348205
0,269077,269078,3,536236,536239,536229,2,0,0.9926302401281893
0,269077,269085,3,536238,536226,536235,2,1,0.9971558499430193
0,269795,269908,3,537633,537642,537645,2,0,0.9998616787867443
0,269904,269908,3,537632,537881,537884,2,1,0.9996780935656459
0,269976,269978,3,538050,538045,538047,1,1,0.9995846355502203
0,269976,269980,3,538046,538049,538043,1,0,0.9996423327096726
0,269977,269978,3,538044,538025,538052,1,1,0.9999999147957096
0,269977,269981,3,538030,538052,538041,2,1,0.9999721931820316
0,269979,269980,3,538054,538057,538043,0,0,0.9999818113937758
0,269979,269981,3,538056,538039,538040,2,1,0.9999352827141149
0,270139,270141,3,538358,538353,538355,2,0,0.9999755151364477
0,270139,270143,3,538351,538357,538354,2,1,0.9999488194187295
0,270140,270141,3,538293,538353,538360,2,1,0.9997220404485792
0,270140,270144,3,538338,538349,538360,2,1,0.9999598768171634
0,270142,270143,3,538362,538351,538364,2,1,0.999985283518467
0,270142,270144,3,538347,538348,538364,2,1,0.9998958672267982
0,270295,270372,3,538670,538668,538665,0,0,0.9861309233297343
0,270371,270372,3,538669,538831,538827,0,0,0.9864598071522442
0,270447,270451,3,538972,538971,538974,0,0,0.9982069495480995
0,271188,271189,3,540503,540513,540510,0,0,0.9968327278395938
0,271188,271190,3,540512,540508,540500,0,0,0.9782036107321674
0,272257,272260,3,538973,542496,542498,0,0,0.9955608000695362
0,272259,272260,3,542497,542504,538980,0,0,0.9990635786079854
0,272307,272309,3,542596,542593,542591,2,1,0.885254778872112
0,272307,272321,3,542592,542594,542588,2,1,0.7073583006593394
0,272448,272450,3,542838,542829,542835,0,0,0.9997843425827406
0,272448,272452,3,542826,542836,542834,0,0,0.9997763566099725
0,272450,272451,3,542842,542805,542839,1,0,0.9995729245470859
0,272451,272455,3,542843,542845,542841,0,0,0.9992204849771061
0,272452,272453,3,542846,542848,542837,1,0,0.9989471452021187
0,272453,272455,3,542852,542849,542840,0,0,0.999874119831628
0,272456,272463,3,542856,502993,542820,0,0,0.9929864788698763
0,272641,272649,3,543236,543234,543238,2,1,0.9968977381471729
0,272641,272658,3,543232,543237,543240,2,0,0.999353241930357
0,272643,272646,3,503456,543243,543244,2,0,0.9980515758271951
0,272649,272653,3,543239,543258,543256,2,0,0.9891620446728888
0,272653,272670,3,543264,543259,543267,1,0,0.9868219871484862
0,272741,272743,3,543438,543437,543441,1,0,0.9995610435439591
0,272741,272744,3,543418,543439,543442,0,0,0.9997173602631201
0,272743,272758,3,543446,543448,543441,0,0,0.9942652721940752
0,272753,272755,3,543466,543458,543465,2,1,0.998489270715109
0,272755,272756,3,543470,543467,543461,2,0,0.9981871227820329
0,272756,272766,3,543470,543469,543472,1,0,0.9993645686920273
0,272758,272761,3,543449,543477,543474,2,1,0.9875015897246056
0,272764,272766,3,543469,543491,543489,0,0,0.9999967922499402
0,273080,273081,3,544110,544109,544053,0,0,0.9996542482028776
0,273081,293658,3,544112,544111,544057,2,1,0.9990458927769449
0,273226,273228,3,544404,544402,544393,2,1,0.9997802923286271
0,273228,273235,3,544403,544409,544397,2,1,0.9987269310679109
0,273263,274345,3,544478,544476,544475,4,1,0.9967140408389571
0,273471,273475,3,544945,544946,544927,0,0,0.7754009074588414
0,273475,273653,3,544954,544947,544931,0,0,0.9669934706442505
0,273536,273550,3,545101,545102,545104,0,0,0.9312302234821991
0,273548,273550,3,545100,545117,545120,1,0,0.9298483425600345
0,273639,273653,3,545310,544931,545303,0,0,0.9723140362847232
0,273640,273655,3,545307,545311,545312,0,0,0.803015504348158
0,273651,273653,3,544947,545341,545303,0,0,0.9726301797752478
0,273653,273655,3,545342,545310,545341,0,0,0.9347728869644522
0,273858,273860,3,545696,545695,545681,1,0,0.9942170865322324
0,273860,273861,3,545697,545689,545700,0,0,0.9978745795212364
0,273861,273917,3,545699,545702,545700,0,0,0.9938715330698649
0,273915,273917,3,545802,545698,545799,2,1,0.990913219011557
0,274029,274038,3,545986,545997,545998,0,0,0.9898392597167659
0,274035,274038,4,546012,546010,545987;546014,0,0,0.9576305018290112
0,274037,274038,3,545996,546011,546021,0,0,0.9619718307121754
0,274058,274078,3,546066,546070,546068,0,0,0.9986611118294897
0,274074,274078,3,546067,546092,546117,0,0,0.9999758753072245
0,274259,274265,3,546518,546521,546417,0,0,0.9138146090257048
0,274265,274268,3,546526,546431,546519,0,0,0.8921463440497449
0,274345,274347,3,544477,546678,546642,3,1,0.9957735649017978
0,274687,274699,3,547331,547335,509627,1,1,0.9952193138862334
0,274692,274699,3,547350,509639,547330,0,0,0.9947462163904899
0,275441,275443,3,548897,548899,548902,0,0,0.992733609837897
0,275441,275837,3,548898,548895,548900,0,0,0.9814219900928004
0,275843,275846,3,549690,549692,549541,2,1,0.699942333475727
0,275846,296017,3,549693,549699,549549,2,1,0.32942060313724125
0,275875,275882,3,549760,549762,549758,0,0,0.9998487710795873
0,275882,275895,3,549770,549760,549767,0,0,0.9999473774743198
0,275910,275920,3,549657,549831,549828,2,1,0.9981792343932149
0,275910,296025,3,549830,549659,549833,2,1,0.9964252277156451
0,275940,275941,3,549813,549895,549898,0,0,0.999532634992654
0,275940,275943,3,549893,549897,549894,1,0,0.9947499454663344
0,275941,275946,3,549899,549815,549900,0,0,0.999934172478735
0,275943,275948,3,549902,549897,549904,0,0,0.999902327916447
0,275946,275949,3,549907,549908,549901,0,0,0.9970614997774122
0,275948,275949,3,549906,549912,549905,0,0,0.9990235378854688
0,276696,276703,3,551324,551322,546197,0,0,0.9818141960185465
0,276702,276703,3,546236,551323,551342,0,0,0.9417734934468924
0,277015,277017,3,551964,551966,551961,0,0,0.9977658350588207
0,277017,277025,3,551967,551970,551968,2,1,0.9990746867595962
0,277579,277587,3,553089,553090,553085,0,0,0.9999987194724671
0,277586,277587,3,553108,553088,553107,1,0,0.998507478532905
0,277592,277593,3,553128,553118,553124,0,0,0.9997929875358689
0,277592,277596,3,553121,553129,553126,0,0,0.9017725454408173
0,277593,277755,3,553125,553133,553130,0,0,0.9335645776202466
0,277620,277626,3,553172,553175,553163,0,0,0.9999340608959346
0,277623,277629,3,553177,553180,553178,0,0,0.9999998992917724
0,277626,277627,3,553186,553175,553188,0,0,0.9999037171441476
0,277627,277629,3,553176,553191,553189,0,0,0.999999823247965
0,277754,277755,3,553504,553501,553125,0,0,0.9994121024225348
0,277754,277758,3,553502,553505,553127,1,0,0.8745671619042699
0,277755,277760,3,553133,553504,553508,0,0,0.9323274856959386
0,277755,277793,3,553508,553506,553130,0,0,0.9743202837388288
0,277779,277781,3,553555,553556,553549,0,0,0.9999718170115746
0,277780,277781,3,553554,553553,553560,0,0,0.9996146116315594
0,277793,277795,3,553576,553509,553185,0,0,0.7339544831884371
0,277795,277796,3,553582,553584,553195,0,0,0.9999237515546534
0,277795,277799,3,553580,553582,553576,0,0,0.999985537730832
0,277796,277798,3,553585,553586,553197,0,0,0.999997044187679
0,277799,277801,3,553581,553590,553592,0,0,0.9997035032283681
0,277949,277966,3,553859,553865,553862,0,0,0.99996863109505
0,277949,278031,3,553864,553861,553867,4,1,0.9999999983296676
0,278943,278947,3,555807,555813,555814,0,0,0.9894355454531961
0,278945,278947,3,555822,555812,555811,2,0,0.9712785297430605
0,278957,279103,3,555828,555849,555852,0,0,0.9949315403906585
0,279049,279053,3,556035,556037,556041,0,0,0.9914932311089704
0,279051,279053,3,556034,556045,556048,0,0,0.9902825120248249
0,279099,279103,3,555829,556116,556114,4,2,0.9946862840459709
0,279426,279427,3,556736,556738,556715,1,0,0.9804967725859828
0,279427,279432,3,556739,556741,556717,0,0,0.9973850096217772
0,280121,280495,3,558230,558234,558225,0,0,0.999932506533369
0,280121,302834,3,558234,558236,558228,1,0,0.9999146256428759
0,280141,280143,3,558292,558289,558287,0,0,0.9979096530265176
0,280141,280145,3,558285,558291,558288,0,0,0.9997439238883791
0,280142,280143,3,558294,558083,558286,0,0,0.9990538986490748
0,280142,280146,3,558016,558283,558294,0,0,0.99996890403452
0,280144,280145,3,558296,558285,558299,1,0,0.9985674252089978
0,280144,280146,3,558298,558025,558282,0,0,0.9965928668129992
0,280493,280495,3,558908,558907,558224,0,0,0.9998624257824107
0,280493,302917,3,557753,558909,558227,1,1,0.9991506447467543
0,281511,281512,3,560906,560924,560922,3,1,0.9999964304509346
0,281511,281515,3,560920,518798,560923,2,1,0.9998680988042746
0,281512,281514,3,560928,560926,560925,2,1,0.9998219133526346
0,281514,281518,3,560931,560933,560927,1,0,0.9998775314588526
0,281515,281517,3,560934,518803,560921,2,1,0.9999826739670159
0,281517,281518,3,560935,560937,560931,1,1,0.9997480982989282
0,281869,281870,3,561628,561620,561630,1,0,0.9994313202319427
0,281869,282015,3,561623,561629,561626,0,0,0.9994501665154862
0,281870,281872,3,561634,561632,561631,0,0,0.9999545317613007
0,281872,282018,3,561633,561639,561636,1,1,0.999751249167319
0,282015,282017,3,561916,561907,561627,1,1,0.9996280230152512
0,282017,282018,3,561917,561920,561637,1,1,0.9989147956641717
0,282257,282317,3,562448,562446,562443,0,0,0.9997815282270163
0,282316,282317,3,562447,562574,562573,0,0,0.9969867847755544
0,282566,282570,3,563113,563122,563120,0,0,0.9999994380143955
0,282566,282636,3,563118,563117,563120,0,0,0.9992498806292208
0,282570,282872,3,563125,563123,563131,2,0,0.9994091690872704
0,282636,282905,3,563118,563224,563226,1,0,0.9999790806533836
0,282872,282909,3,563626,563621,563131,0,0,0.999901369870145
0,282897,282901,3,563677,563684,563682,1,0,0.9914950256991177
0,282897,282939,3,563680,563678,563682,0,0,0.9971977632497178
0,282901,282903,3,563692,563685,563690,0,0,0.9989693134661627
0,282905,282909,3,563700,563621,563227,0,0,0.9992812898638731
0,282939,282941,3,563681,563773,563774,0,0,0.9945263984929152
0,283101,283102,3,564042,564098,564096,1,0,0.9981646778215709
0,283101,283141,3,564093,564097,564094,0,0,0.9867557131960489
0,283102,283104,3,564102,564100,564099,0,0,0.9957088878087313
0,283104,283144,3,564101,564107,564104,0,0,0.9953223475889733
0,283141,283143,3,564182,564173,564095,0,0,0.9932090932103474
0,283143,283144,3,564183,564184,564105,1,0,0.9973025312552511
0,283760,283761,3,565402,565093,565404,0,0,0.9989989238004076
0,283760,283764,3,565356,565402,565400,0,0,0.9999359634852719
0,283761,283763,3,565408,565406,565405,0,0,0.9998821916967083
0,283763,283767,3,565407,565412,565411,0,0,0.999880628256202
0,283764,283766,3,565414,565363,565401,0,0,0.9984441419178839
0,283766,283767,3,565415,565419,565411,0,0,0.9998905367683872
0,283931,283944,3,565744,565748,565746,2,1,0.9997403787832947
0,283931,283959,3,565748,565743,565750,2,1,0.999983567224781
0,283944,283946,3,565747,565771,565772,0,0,0.9994563353101865
0,283946,283971,3,565772,565776,565753,0,0,0.9989816507700515
0,283959,283961,3,565802,565800,565751,1,1,0.9999677671130519
0,283961,283971,3,565801,565807,565752,3,2,0.9996563617578282
0,285071,285085,3,568021,568026,568024,2,1,0.999357225871557
0,285071,285100,3,568026,568023,568028,3,1,0.9998982121624699
0,285085,285087,3,568025,568051,568052,2,1,0.9989399849997354
0,285087,285112,3,568052,568056,568031,2,1,0.9978747109653985
0,285100,285102,3,568084,568082,568029,1,1,0.9999885903296116
0,285102,285112,3,568088,568083,568030,2,1,0.9999332768120495
0,285129,285135,3,568133,568140,568136,4,2,0.992013225071669
0,285132,285135,3,568132,568143,568148,2,1,0.988954034167762
0,285248,285252,3,568367,568368,568287,4,2,0.9811685001577259
0,285250,285252,3,568374,568366,568291,4,2,0.9688210858994776
0,285402,285406,3,568706,568697,568702,1,0,0.9986363407044453
0,285402,285527,3,568708,568707,568705,1,1,0.9984769434514514
0,285527,285529,3,569005,569007,569008,2,1,0.9991675611959975
0,285529,285533,3,569012,569007,569010,2,0,0.998972920326926
0,285657,285661,3,569244,569247,569241,0,0,0.9999503122104512
0,285657,285667,3,569243,569245,569248,2,1,0.9986864512765252
0,285962,285971,3,569867,569868,569879,1,1,0.9990964353604026
0,285962,286044,3,569864,569881,569878,1,1,0.9910232023202851
0,285966,285971,3,569866,569887,569894,0,0,0.9999438018774081
0,285966,286049,3,569892,569863,569894,0,0,0.9782186604535413
0,286027,286031,3,570012,570009,570014,2,1,0.9996565401115278
0,286038,286044,3,570024,569865,570027,1,1,0.9897612956410335
0,286038,286049,3,570026,570022,569862,1,1,0.9828121132787275
0,286051,286052,3,570060,570038,570062,0,0,0.9179212784819836
0,286051,286066,3,570035,570061,570058,0,0,0.90397237685248
0,286091,286092,3,570120,570021,570114,2,1,0.9991063309254071
0,286165,286166,3,570262,570265,570255,2,1,0.9831070985569093
0,286166,286176,3,570266,570263,570257,2,1,0.9983629690870661
0,286175,286176,3,570284,570263,570278,2,1,0.9899874707363622
0,286405,286421,3,570740,528377,570743,2,1,0.9942887386063027
0,286405,287169,3,528379,570741,570744,2,1,0.9935625867430722
0,286602,286620,3,529156,571171,571168,3,1,0.9997796183136154
0,286602,286814,3,571172,571169,529159,0,0,0.9999955571168818
0,287826,287841,3,573481,573487,573484,0,0,0.9994067906382738
0,287826,287864,3,573486,573479,573483,0,0,0.9985560230928836
0,287841,287853,3,573514,573511,573485,0,0,0.9994677206478473
0,287853,287889,3,573515,573540,573489,0,0,0.9994287778608978
0,287864,287876,3,573562,573564,573483,0,0,0.9996760268554723
0,287876,287889,3,573590,573565,573488,0,0,0.9995534788796315
0,288246,288453,3,574397,574399,574402,2,1,0.9429796818683023
0,288246,288589,3,574398,574395,574401,0,0,0.9998201193646383
0,288589,288636,3,574398,575056,575058,0,0,0.9421987997993189
0,289449,289456,3,576725,576727,576719,0,0,0.998706628024071
0,289455,289456,3,576734,576724,576731,0,0,0.9984090932827221
0,290180,290192,3,578170,578157,578172,0,0,0.9996976867967101
0,290192,290193,3,578190,578179,578193,0,0,0.9999218215762906
0,290193,290195,3,578191,578197,578194,0,0,0.9996477240945129
0,290195,290216,3,578195,578199,578200,4,1,0.9984438941044157
0,290203,290318,3,578215,578217,578209,2,1,0.9976589679842185
0,290215,290216,3,578198,578239,578240,4,0,0.9930029566073798
0,290318,290346,3,578217,578453,578247,2,1,0.9999324243979564
0,290758,290769,3,579404,579418,579403,0,0,0.9999434141869868
0,290758,290774,3,579400,579421,579418,1,0,0.9998821304307145
0,290765,290769,3,579402,579429,579434,0,0,0.999921413378047
0,290765,290781,3,579399,579432,579435,0,0,0.9998875004286499
0,290770,290774,3,579438,579401,579441,2,1,0.9998866882467563
0,290770,290781,3,579440,579437,579398,0,0,0.9998513128249208
0,290849,290851,3,579590,579490,579587,0,0,0.8288731343295492
0,290849,290865,3,579588,579591,579493,0,0,0.9796673914547599
0,290865,290868,3,579630,579588,579632,0,0,0.8413410178993046
0,290868,290870,3,579597,579630,579636,0,0,0.6784919379171198
0,291430,291432,3,580752,580751,580755,2,1,0.994189285156217
0,291430,291440,3,580491,580753,580756,2,1,0.9997918597840438
0,291440,291442,3,580780,580507,580757,0,0,0.9998513270270314
0,291442,291444,3,580780,580763,580782,0,0,0.9998623832000909
0,291477,291480,3,580849,580855,580852,2,0,0.9355304058614096
0,291477,291502,3,580854,580850,580846,0,0,0.9419864376521888
0,291499,291502,3,580847,580917,580915,0,0,0.9906727045797201
0,292071,292095,3,582040,582036,582039,0,0,0.9927871520241636
0,292095,292096,3,582041,582065,582068,1,0,0.9958382904920446
0,292640,292642,3,583164,583163,582800,0,0,0.989001102285172
0,292642,292643,3,583166,583165,582803,0,0,0.9897510592144233
0,294378,294380,3,586520,586511,586519,1,0,0.9971670356816509
0,294380,294381,3,586521,586513,586524,0,0,0.9980902582601638
0,294381,294429,3,586523,586526,586524,0,0,0.9968905050748368
0,294427,294429,3,586522,586617,586615,0,0,0.9969439653238881
0,294605,294610,3,586964,586967,586970,2,1,0.9988059810345341
0,294605,294629,3,586966,586963,586969,2,1,0.9999908743966046
0,294610,294611,3,586978,586975,586971,1,1,0.9999902467781129
0,294611,294634,3,586978,586980,586973,2,0,0.9999696521754675
0,294629,294630,3,587014,587016,586969,2,1,0.9980371569431487
0,294630,294634,3,586972,587019,587017,0,0,0.999581427068363
0,294882,294885,3,587512,587514,587427,0,0,0.997053370253427
0,294885,294895,3,587515,587520,587430,0,0,0.9968971835836599
0,295074,295075,3,587894,587896,587669,1,1,0.5905951645295264
0,295075,295079,3,587897,587898,587670,0,0,0.5811370361073277
0,295114,295115,3,587925,587978,587976,2,1,0.9998437556566871
0,295114,295116,3,587974,587976,587966,2,0,0.9997544009049569
0,295115,295119,3,587979,587980,587926,2,1,0.999363672758373
0,295116,295120,3,587984,587975,587982,2,1,0.9998516162739862
0,295344,295413,3,588329,588453,588463,0,0,0.9993019597755536
0,295366,295369,3,588520,588523,588516,0,0,0.9933677009237033
0,295366,295420,3,588524,588520,588519,0,0,0.9978740335077995
0,295368,295369,3,588534,588537,588517,0,0,0.9945513148569682
0,295368,295422,3,588536,588532,588514,0,0,0.9847074953626602
0,295372,295424,3,588496,588525,588544,0,0,0.9404585809768472
0,295385,318677,3,588570,588564,588572,0,0,0.9997936026780068
0,295398,318692,3,588583,588577,588595,2,1,0.9985239574423511
0,295401,295413,3,588452,588401,588602,0,0,0.9975094202137943
0,295409,295424,3,588497,588615,588624,0,1,0.9434419089866984
0,295508,295515,3,588783,588799,546799,4,2,0.9999998844017549
0,295515,295516,3,588799,588804,588808,4,1,0.999999952048869
0,295803,295822,3,589356,589358,589354,1,0,0.974197992412095
0,295822,295824,3,589357,589395,589396,0,0,0.9906738249148901
0,295836,295837,3,589424,589426,589418,1,0,0.9800441458545013
0,295837,295842,3,589425,589421,589428,4,0,0.9634256037059507
0,296194,296198,3,590122,590125,590121,2,1,0.9289988348322782
0,296198,296199,3,590125,590133,590126,1,1,0.90038079387636
0,296268,296276,3,590274,590271,590273,0,0,0.9975429648048455
0,296276,296294,3,590274,590283,590284,1,0,0.9998757182441337
0,296532,296534,3,590766,590768,590765,2,1,0.9852199892580181
0,296534,296537,3,590776,590769,590773,0,0,0.9911662723968866
0,296543,296546,3,590794,590796,590697,2,1,0.2265220894660048
0,296546,296548,3,590800,590795,590701,0,0,0.32431171636254813
0,296563,296579,3,590816,590831,590836,0,0,0.998419332706627
0,296576,296579,3,590817,590851,590857,0,0,0.9978241661423576
0,296606,296778,3,590903,590911,590908,2,1,0.9566633567839791
0,296666,296677,3,591016,591012,590805,0,0,0.8680334295024118
0,296716,296719,3,591110,590920,591112,0,0,0.9577795179379048
0,296719,296721,3,591116,591111,590929,0,0,0.9673417251743286
0,296721,296730,3,591120,591115,590935,0,0,0.9976775828422209
0,296730,296732,3,591136,591132,590949,0,0,0.9965912680900829
0,296732,296884,3,591140,591134,590955,0,0,0.9563214134808566
0,296778,296779,3,590911,591217,591229,1,0,0.9394816486166042
0,296790,296793,3,591252,591254,591245,0,0,0.9134442226158425
0,296793,319021,3,591255,591261,591251,2,1,0.884857242520732
0,296881,296884,3,591446,591135,591278,0,0,0.9999961305183585
0,297167,297168,3,592038,592040,592015,0,0,0.9989950842768265
0,297168,297170,3,592041,592043,592017,0,0,0.9999251955875873
0,297177,297178,3,592058,592035,592052,0,0,0.9948685101718455
0,297178,297181,3,592060,592059,592055,0,0,0.9108841193783496
0,297180,297181,3,592068,592059,592070,0,0,0.9997062372218655
0,297182,297183,3,592047,592074,592072,0,0,0.9996882132073743
0,297183,297185,3,592075,592077,592048,0,0,0.9988309453561741
0,297278,297279,3,592282,592276,592101,0,0,0.9996897203912375
0,297278,297282,3,592273,592282,592280,0,0,0.9998348026537136
0,297282,297294,3,592285,592293,592290,0,0,0.9994920459227968
0,297294,297298,3,592315,592322,592320,0,0,0.999501736705795
0,297298,297299,3,592324,592323,592332,0,0,0.999949586490928
0,297387,297397,3,592514,592516,592513,2,1,0.9769498485324019
0,297397,297398,3,592530,592517,592534,2,1,0.9311466062200927
0,297448,297628,3,592641,592654,592652,0,0,0.929352603201344
0,297605,297628,3,593008,592641,593015,0,0,0.9840806126569138
0,297606,297623,3,592989,592993,593016,0,0,0.9706174372193987
0,297612,297623,3,592988,593023,593030,0,0,0.9643601193594641
0,297795,297796,3,593385,593392,588242,0,0,0.9082579426665085
0,298196,298197,3,594168,594153,594170,0,0,0.9998137689420503
0,298196,298200,3,594160,594168,594166,0,0,0.9997320212121668
0,298197,298199,3,594155,594173,594171,0,0,0.9999946810831449
0,298199,298203,3,594173,594176,594175,0,0,0.9999019616463283
0,298200,298202,3,594180,594178,594166,2,0,0.9999663373750961
0,298202,298203,3,594182,594175,594181,0,0,0.9999986198826554
0,298743,298752,3,595235,595245,595239,0,0,0.9607785208271011
0,298749,298752,3,595258,595234,595253,0,0,0.9599050933546044
0,298749,298796,3,595233,595256,595259,1,0,0.9837278810946182
0,298783,298796,3,595232,595313,595316,0,0,0.9548933043544663
0,299593,299594,3,596924,596926,596579,1,0,0.996015058693983
0,299594,299598,3,596582,596927,596929,2,1,0.9971461739809926
0,300988,301003,3,599698,599702,599700,0,0,0.9999989753920252
0,300988,301015,3,599704,599695,599701,0,0,0.9997752027811463
0,301003,301008,3,599736,599703,599738,0,0,0.9999053320319785
0,301008,301032,3,599744,599746,599739,2,0,0.9999418707903258
0,301015,301020,3,599705,599764,599762,0,0,0.9994264479506061
0,301020,301032,3,599768,599745,599763,1,1,0.9994711027165218
0,301070,301071,3,599878,599880,599847,0,0,0.9281675230065927
0,301071,301073,3,599881,599883,599849,0,0,0.86485811776951
0,301078,301083,3,599893,599896,599894,0,0,0.9927291521319491
0,301083,301084,3,599897,599905,599898,0,0,0.9999241293572706
0,301781,302900,3,601297,601298,601279,0,0,0.8210927546478362
0,302390,302394,3,602486,602489,602201,4,2,0.7568216047646872
0,302390,302684,3,602484,602487,602199,2,1,0.7712655883034019
0,302832,302834,3,603362,558229,603359,0,0,0.9994521588836339
0,302832,302917,3,558226,603361,603358,2,1,0.9998246225789665
0,302899,302900,3,603460,601296,603459,0,0,0.8181596494891865
0,303028,303075,3,603686,603684,603683,0,0,0.986252312536025
0,303048,303052,3,603741,603748,603752,0,0,0.9989610525806423
0,303048,303059,3,603754,603751,603753,0,0,0.9997040881818398
0,303051,303052,3,603757,603759,603749,1,0,0.9993889409573603
0,303051,303062,3,603758,603739,603746,0,0,0.9991719650385238
0,303058,303059,3,603780,603782,603750,3,2,0.9999984010833181
0,303058,303062,3,603778,603747,603781,2,1,0.9992647675955582
0,303074,303075,3,603685,603806,603802,0,0,0.9846006050213691
0,303261,303263,3,604155,604182,604181,0,0,0.9987961640411466
0,303263,303267,3,604183,604187,604185,0,0,0.9991155417220801
0,303264,303266,3,604190,604188,604179,0,0,0.9975891872987622
0,303266,303267,3,604191,604185,604192,0,0,0.9974378057583672
0,303890,303891,3,605410,605426,605424,1,0,0.9994296153900589
0,303890,303938,3,605422,605205,605425,2,1,0.9999250949807341
0,303891,303893,3,605430,605429,605427,0,0,0.9999264479809481
0,303893,303941,3,605429,605434,605432,0,0,0.9999169283818232
0,303938,303940,3,605317,605423,605528,0,0,0.9999374707026288
0,303940,303941,3,605529,605533,605433,1,0,0.999953520787018
0,304577,304581,3,606814,606813,606816,0,0,0.9912559215674288
0,304581,304583,3,606815,606819,606820,2,1,0.9913101555174723
0,305084,305116,3,607840,607836,607843,1,0,0.8810749395020432
0,305115,305116,3,607837,607863,607913,2,1,0.9388290850465859
0,305128,305145,3,607944,607934,607931,4,0,0.9723794219177636
0,305140,305145,3,607935,607957,607971,2,0,0.9407750705170098
0,305524,305527,3,608637,608717,608714,0,0,0.9986741869250465
0,305524,305533,3,608635,608712,608716,0,0,0.9990125889478509
0,305527,305530,3,608724,608726,608715,0,0,0.9998540194245129
0,305530,305539,3,608719,608730,608725,0,0,0.9991911370541599
0,305533,305536,3,608739,608741,608713,1,0,0.9999600335606272
0,305536,305539,3,608744,608741,608718,0,0,0.9996690399669012
0,305785,305787,3,609198,609195,609189,0,0,0.9937281575513002
0,305785,305811,3,609191,609199,609196,0,0,0.9966827936687856
0,306303,306306,3,610180,610179,610183,0,0,0.9985281695051362
0,306303,331467,3,610182,610139,610184,0,0,0.9998123743236808
0,306306,306309,3,610181,610189,610190,0,0,0.9987092319697699
0,306309,331472,3,610196,610191,610193,1,1,0.9990316406409012
0,306946,306950,3,611453,611478,611476,0,0,0.999498993776793
0,306950,306951,3,611461,611479,611487,1,1,0.999064694145852
0,307277,307279,3,612147,612149,612115,1,0,0.9014824945390043
0,307473,307486,3,612524,612519,612527,2,1,0.9970757145491549
0,307476,307489,3,612534,612532,612529,2,1,0.990525605639467
0,307486,307488,3,612525,612547,612552,3,1,0.9925242133444976
0,307488,307489,3,612533,612553,612555,2,1,0.987730208196692
0,307867,307871,3,613330,613328,613325,2,1,0.7621734438062104
0,307870,307871,3,613329,613337,613335,2,1,0.7390493038124456
0,308047,308049,3,613726,613734,613429,2,0,0.9287926618937917
0,308071,308073,3,613761,613771,613772,0,0,0.993584865946671
0,308072,308073,3,613767,613770,613776,0,0,0.9976912999627929
0,308092,308113,3,613806,613804,613801,0,0,0.9994050827335248
0,308106,308165,3,613840,613788,613825,2,1,0.9408949878820833
0,308112,308113,3,613805,613850,613849,1,1,0.9998903473276398
0,308154,308165,3,613789,613949,613931,2,1,0.984218950953879
0,311487,311495,3,620530,620528,620532,0,0,0.9968560591999324
0,311495,311533,3,620550,620531,620549,4,2,0.9958598152919581
0,311999,312004,3,621658,621666,621664,1,1,0.9999762966821456
0,311999,312019,3,621660,621664,621655,2,1,0.9999931386758427
0,312002,312004,3,621682,621679,621659,2,1,0.9999960351943974
0,312002,312022,3,621678,621681,621657,0,0,0.9999427738783404
0,312017,312019,3,621724,621723,621654,0,0,0.9999982969891751
0,312017,312022,3,621693,621724,621657,0,0,0.9999916806043945
0,312224,312232,3,622106,622113,622114,0,0,0.9936235141404044
0,312231,312232,3,622128,622112,622127,1,0,0.9407499373589077
0,312301,312305,3,622271,622272,622258,2,1,0.9999859941288787
0,312303,312305,3,622270,622269,622278,1,0,0.9528102590943948
0,312364,312370,4,622410,622397,622404;622412,0,0,0.9999955583502369
0,312364,312377,3,622412,622409,622394,0,0,0.9998858928269834
0,312364,312386,3,622406,622410,622401,0,0,0.9998229292970336
0,312366,312370,3,622420,622422,622396,0,0,0.999970235017173
0,312366,312379,3,622424,622421,622399,2,1,0.9999710878885174
0,312368,312370,3,622430,622427,622405,0,0,0.9991791496236753
0,312368,312389,3,622402,622429,622426,1,1,0.9996887878561267
0,312373,312377,3,622437,622440,622395,0,0,0.9999968165493351
0,312373,312379,3,622440,622443,622398,0,0,0.999999067305959
0,312384,312386,3,622450,622447,622400,0,0,0.9998258550172805
0,312384,312389,3,622448,622403,622450,0,0,0.9999999999176968
0,312589,312593,3,622814,622812,622807,0,0,0.996393174430676
0,312593,312601,3,622813,622824,622823,0,0,0.9975871563411751
0,313699,313728,3,624954,624952,624956,2,1,0.9998949614037405
0,313728,313730,3,624954,625011,625012,2,1,0.9999123960802525
0,313793,313795,3,625135,625143,625141,2,1,0.9999927050846711
0,313795,313803,3,625143,625146,625144,2,1,0.9999149843965992
0,313803,313807,3,625159,625163,625161,2,1,0.999991459679339
0,313807,313831,3,625167,625170,625168,2,1,0.9999888809884308
0,313831,313835,3,625215,625219,625217,2,1,0.9956110233424273
0,313833,313835,3,625226,625215,625223,2,1,0.9944648065120302
0,313956,313958,3,625470,625497,625499,0,0,0.9993633801755579
0,313956,313960,3,625495,625501,625498,0,0,0.9996193099143952
0,313957,313958,3,625477,625496,625502,1,0,0.9995417417855413
0,313957,313961,3,625485,625493,625502,1,0,0.9931698414541538
0,313959,313960,3,625506,625495,625509,0,0,0.9997807397071962
0,313959,313961,3,625508,625505,625492,2,1,0.9999324957748086
0,314397,314399,3,626378,626381,626374,0,0,0.9999999814542246
0,314397,314408,3,625944,626378,626377,0,0,0.9999956121029101
0,314398,314399,3,626384,626375,626387,0,0,0.9999018528060178
0,314398,314409,3,626386,626383,626372,2,1,0.9999997170344035
0,314407,314408,3,625969,626376,626402,2,1,0.9999998130569143
0,314407,314409,3,626396,626402,626373,1,1,0.9986080095460265
0,314570,314571,3,626702,626705,626687,2,1,0.9978890471213323
0,314570,314572,3,626704,626701,626684,2,1,0.9980694051179761
0,314625,314644,3,626812,626810,626809,0,0,0.9999198110923253
0,314644,314646,3,626824,626811,626846,1,0,0.9903514085348927
0,314681,314683,3,626928,626923,626924,0,0,0.999445891674914
0,314681,314687,3,626926,626917,626929,0,0,0.9891987274766633
0,314683,314686,3,626931,626933,626925,0,0,0.9999908894948544
0,314686,314692,3,626934,626938,626933,0,0,0.9873023563321457
0,314687,314690,3,626926,626942,626940,0,0,0.9998903590959879
0,314690,314692,3,626946,626941,626935,1,1,0.9982667208358068
0,314823,314827,3,627220,627219,627217,0,0,0.9999121779890278
0,314827,314828,3,627226,627221,627223,0,0,0.9999985862711933
0,314893,314926,3,627358,627355,627351,2,0,0.9912766381153338
0,314893,315042,3,627354,627353,627356,2,1,0.9999979222005196
0,314926,314927,3,627424,627426,627359,0,0,0.9998749642029141
0,314927,315047,3,627428,627425,627361,2,1,0.9998911366354958
0,315195,315199,3,627987,627988,627978,2,0,0.9790873143383366
0,315197,315199,3,627987,627993,627996,2,1,0.9985724927181491
0,315501,315507,3,628640,628642,628635,0,0,0.9999991131901691
0,315501,315553,3,628632,628639,628642,1,0,0.9993573802131555
0,315503,315507,3,628648,628650,628634,1,1,0.9996468499067022
0,315503,315554,3,628526,628648,628637,2,1,0.9998599413306183
0,315506,315508,3,628644,628659,628657,0,0,0.9999665719313516
0,315506,315517,3,628658,628660,628654,0,0,0.9999401676785592
0,315507,315508,3,628656,628651,628662,1,1,0.9995411472518944
0,315507,315518,3,628641,628663,628653,1,1,0.9999304474181802
0,315516,315517,3,628692,628695,628655,0,0,0.9998589731666637
0,315516,315518,3,628694,628691,628652,2,1,0.9999608063785727
0,315539,315541,3,628734,628729,628731,1,1,0.9998372440950853
0,315539,315776,3,628730,628732,628727,0,0,0.9998707010512473
0,315540,315541,3,628728,628721,628736,1,1,0.9999321954895029
0,315540,315777,3,580745,628737,628725,1,1,0.9999716061902204
0,315550,315553,3,628749,628750,628633,1,0,0.9998734872138758
0,315550,315554,3,628750,628623,628636,1,1,0.9999999050276208
0,315775,315776,3,629194,628727,629197,0,0,0.9999942904794158
0,315775,315777,3,629196,581011,628724,2,1,0.9999908007148632
0,315984,315985,3,629592,629595,629587,2,1,0.9986966977025477
0,315984,316014,3,629594,629590,629584,2,1,0.9977738870928407
0,315985,315987,3,629596,629599,629593,2,1,0.9997571886669805
0,315987,316017,3,629597,629602,629601,0,0,0.999988421729068
0,316064,316068,3,629722,629721,629696,2,1,0.9983111779147007
0,316067,316068,3,629719,629720,629728,2,1,0.994126595241932
0,316228,316322,3,630060,630057,630066,0,0,0.9997091590837491
0,316315,316322,3,630057,630239,630244,0,0,0.9998767303272696
0,316322,316323,3,630067,630256,630244,0,0,0.9976747292903521
0,316324,317519,3,630260,630069,630255,1,0,0.9984133702883579
0,316434,316436,3,630419,630489,630491,0,0,0.9011010572850068
0,316435,316436,3,630425,630488,630494,0,0,0.917997805888824
0,316516,316517,3,630662,630665,630379,0,0,0.9971513782652978
0,316516,317674,3,630664,630376,630660,2,1,0.9920867075667589
0,316934,316938,3,631506,631511,631499,0,0,0.9998500434762206
0,316934,317099,3,631510,631487,631502,0,0,0.9998524819547908
0,316936,316938,3,631520,631517,631498,1,0,0.9998433666731806
0,316936,317101,3,631518,631501,631521,0,0,0.9998205362435948
0,317049,317052,3,631746,631749,631743,0,0,0.9995560565378859
0,317049,317061,3,631750,631747,631745,0,0,0.9998323308444824
0,317051,317052,3,631758,631761,631743,0,0,0.9999987299686882
0,317051,317063,3,631760,631447,631740,1,0,0.9994951506591055
0,317060,317061,3,631733,631744,631768,3,2,0.9999990934727642
0,317060,317063,3,631466,631769,631741,2,2,0.9997972008476221
0,317097,317099,3,631838,631835,631503,0,0,0.9999969762017163
0,317097,317101,3,631834,631836,631500,0,0,0.999719949251045
0,317315,317318,3,632140,632142,632139,0,0,0.9876413441141622
0,317318,317320,3,632141,632145,632146,1,1,0.9967424555624282
0,317576,317578,3,632590,632592,632585,2,1,0.9809602917029814
0,317578,317582,3,632593,632597,632594,2,0,0.9984341906013343
0,317983,317984,3,633380,633372,633378,0,0,0.06508203243340092
0,317984,317991,3,633382,633381,633375,0,0,0.1438502880035024
0,319127,319130,3,635643,635654,635652,2,1,0.9976545953021821
0,319130,319135,3,635649,635655,635661,0,0,0.9954663328458225
0,319170,319173,3,635728,635730,635711,2,1,0.2497344225486891
0,319173,319176,3,635731,635736,635717,0,0,0.24500205818953533
0,319796,319800,3,636976,636974,636969,1,0,0.9869523645041182
0,319799,319800,3,636975,636985,636983,0,0,0.988451431826471
0,319799,319844,3,636972,636967,636984,0,0,0.9993766889721355
0,319840,319844,3,636973,637073,637070,1,0,0.9924938913534462
0,320387,320398,3,638093,638096,638094,0,0,0.999913893977011
0,320387,320408,3,638098,638086,638095,1,0,0.9952514835113319
0,320398,320403,3,638120,638097,638122,0,0,0.9989803065907485
0,320403,320424,3,638130,638132,638123,3,1,0.9996164426139046
0,320408,320416,3,638142,638144,638099,0,0,0.9999935682312336
0,320416,320424,3,638158,638131,638142,1,0,0.9999768264097098
0,321121,321127,3,639533,639540,639536,2,1,0.9989556622103728
0,321121,321285,3,639530,639539,639540,2,1,0.9995572519562701
0,321123,321127,3,639532,639551,639548,1,0,0.998372383308305
0,321136,321138,3,639590,639587,639573,0,0,0.9914554458006694
0,321136,321207,3,639586,639589,639571,2,1,0.9985998720640747
0,321281,321285,3,639531,639881,639876,2,0,0.9940317578718547
0,321459,321460,3,639857,640235,640232,2,1,0.9755588553893553
0,321640,321641,3,640580,640574,640582,0,0,0.8831519064967066
0,321641,321649,3,640581,640577,640584,0,0,0.8538567398935423
0,321674,321675,3,640664,640659,640667,0,0,0.9999750136923234
0,321674,321705,3,640657,640662,640666,0,0,0.9998283184673608
0,321675,321727,3,640668,640670,640664,0,0,0.9999402873811212
0,321705,321752,3,640603,640715,640663,0,0,0.9800218925794539
0,321724,321735,3,640754,640757,640537,2,1,0.6430635866250806
0,321724,321749,3,640756,640759,640539,2,1,0.3052702810049919
0,321727,321753,3,640669,640764,640763,0,0,0.9998530645162027
0,321752,321753,3,640806,640715,640762,0,0,0.9999660732001447
0,321937,321943,3,641170,641169,641173,0,0,0.9494492332085728
0,321943,321951,3,641171,641179,641182,0,0,0.981987724867406
0,321978,321981,3,641246,641245,641249,0,0,0.999981025410415
0,322014,322023,3,641317,641321,641324,2,1,0.9997381618656368
0,322014,322230,3,641319,641322,641320,0,0,0.9960255331628877
0,322023,322034,3,641324,641342,641340,1,0,0.997401352297869
0,322034,322265,3,641362,641327,641341,0,0,0.9981512788904826
0,322096,322097,3,641483,641490,641488,0,0,0.9999613291324203
0,322097,322099,3,641484,641491,641492,0,0,0.9999840098838587
0,322230,322239,3,641768,641323,641770,0,0,0.9979449700960598
0,322239,322265,3,641771,641785,641326,0,0,0.9733285130390972
0,322283,322285,3,641874,641872,641871,2,1,0.915598214544151
0,322285,322289,3,641873,641879,641876,0,0,0.9241168189147864
0,322289,326531,3,641886,641884,641883,0,0,0.9102464629154934
0,322852,322853,3,643012,643015,643003,2,1,0.9990537436686255
0,322852,322864,3,643010,643013,643001,0,0,0.9978306840130783
0,323641,323644,4,644576,644575,644573;644578,2,1,0.9998618931828147
0,323644,323654,3,644577,644583,644584,1,0,0.9985396865213707
0,323644,323671,3,644580,644579,644585,2,1,0.9933198760158929
0,324275,324436,3,645643,645836,645838,1,0,0.9089760120772157
0,324435,324436,3,645837,646129,646084,0,0,0.9965631514993829
0,324791,324792,3,646856,646844,646852,0,0,0.9999978612759398
0,324791,324804,3,646852,646850,646854,0,0,0.9998888572103327
0,324792,324795,3,646847,646856,646858,0,0,0.9993362813590556
0,324795,324809,3,646859,646865,646863,0,0,0.9999983551287945
0,324796,324802,3,646872,646867,646869,1,0,0.9999676306067861
0,324796,324810,3,646868,646864,646870,0,0,0.9993812179916369
0,324802,342131,3,646872,646877,646880,0,0,0.999217187293788
0,324804,324808,3,646884,646855,646887,0,0,0.99999888865678
0,324808,324809,3,646887,646891,646863,1,0,0.9998812173909294
0,324810,342138,3,646894,646871,646896,0,0,0.9997233432094649
0,325797,325877,3,648831,648837,648839,0,0,0.9999293074166958
0,325801,325803,3,648841,648843,648819,2,1,0.9993626979730512
0,325802,325803,3,648846,648840,648823,0,0,0.9990483615106357
0,325876,325877,3,648986,648836,648981,1,0,0.9943635513057985
0,326197,326201,3,649649,649653,649651,2,1,0.9976107037346759
0,326199,326201,3,649660,649648,649657,0,0,0.9975818121389742
0,326467,326470,3,650150,650152,641257,2,1,0.9988055123274874
0,326531,326533,3,641885,650293,650291,0,0,0.9040723165962059
0,326564,326567,3,650362,650364,650342,0,0,0.48229643460277033
0,326567,326573,3,650368,650363,650353,0,0,0.6369881371341697
0,326694,326698,3,650638,650636,650635,0,0,0.9709394585339206
0,326697,326698,3,650637,650646,650642,1,1,0.9855206577398491
0,327609,327613,3,652495,652501,652498,0,0,0.99939389923195
0,327609,327616,3,652500,652496,652502,2,1,0.999743000898776
0,328063,328067,3,653356,653359,653353,0,0,0.9999813737584373
0,328063,328073,3,653355,653357,653360,2,0,0.9994121024627473
0,328067,328085,3,653359,653371,653368,0,0,0.9999905851355625
0,328073,328090,3,653378,653360,653381,0,0,0.9999988806649329
0,328248,328259,3,653700,653697,653703,0,0,0.9999976947728452
0,328248,348627,3,653698,653704,653702,0,0,0.9992711071462624
0,328259,328266,3,653701,653727,653728,1,0,0.9994894011086015
0,328266,348646,3,653707,653749,653729,0,0,0.9971561439705094
0,328694,328696,3,654690,654685,654687,0,0,0.9996169086635898
0,328694,328698,3,654683,654689,654686,0,0,0.9999987531977012
0,328695,328696,3,654692,654495,654685,0,0,0.9998764214375628
0,328695,328699,3,654664,654681,654692,0,0,0.9986039040705904
0,328697,328698,3,654694,654696,654683,1,0,0.9997421608192252
0,328697,328699,3,654696,654673,654680,0,0,0.9989997104150652
0,328792,328796,3,654838,654841,654834,0,0,0.9999786880703968
0,328792,328805,3,654842,654839,654837,0,0,0.9997435902271085
0,328795,328796,3,654848,654853,654835,0,0,0.9997476771530398
0,328795,328807,3,654852,654595,654832,0,0,0.9997947550048402
0,328804,328805,3,654860,654767,654836,1,1,0.9935690195251573
0,328804,328807,3,654616,654860,654833,2,0,0.9995941642448692
0,328824,328827,3,654880,654875,654883,0,0,0.9972716665820525
0,328824,328845,3,654163,654884,654882,1,0,0.9996318767611266
0,328827,328828,3,654881,654890,654892,0,0,0.9995201806215582
0,328828,328849,3,654894,654887,654893,0,0,0.999862513183632
0,328845,328846,3,654211,654930,654885,0,0,0.9976092618255538
0,328846,328849,3,654886,654933,654931,0,0,0.9998947036544797
0,329151,329152,3,655431,655504,655502,2,0,0.984847743993789
0,329152,329657,3,655505,655506,655432,0,0,0.9951882816563092
0,330840,331012,3,658843,658870,658872,0,0,0.44393427550480963
0,330944,330945,3,659044,659102,659100,2,0,0.9995181848656111
0,330944,330948,3,659098,659043,659101,0,0,0.9999881690456738
0,330945,330947,3,659106,659103,659104,0,0,0.99975301475657
0,330947,330951,3,659110,659105,659108,0,0,0.9996147457505036
0,330948,330950,3,659099,659051,659114,1,0,0.9994866866304016
0,330950,330951,3,659109,659118,659115,0,0,0.9995586467718289
0,330959,330960,3,659120,659137,659134,1,0,0.9980592838095711
0,330959,330963,3,659132,659122,659135,1,0,0.9998363916221413
0,330960,330962,3,659140,659137,659138,0,0,0.9999809572513885
0,330962,330966,3,659142,659145,659139,0,0,0.9998363542469003
0,330963,330965,3,659133,659129,659146,0,0,0.9999642556110083
0,330965,330966,3,659146,659151,659143,0,0,0.9999459569680527
0,330987,330990,3,659202,659200,659183,0,0,0.9969414598501503
0,330989,330990,3,659201,659210,659188,1,0,0.9944624311625128
0,331011,331012,3,658871,659226,659228,1,1,0.2842091832414985
0,331467,331469,3,660044,660140,610185,4,1,0.9998071546838003
0,331469,331472,3,660141,660142,610192,2,1,0.9993711799585542
0,332557,332626,3,662274,662272,662268,1,0,0.9714503878650745
0,332626,332627,3,662418,662275,662393,1,0,0.9761103468042472
0,333930,333931,3,664997,665006,664987,2,1,0.9999848449131022
0,334531,334535,3,666156,666159,666153,1,1,0.9992114262150438
0,334531,334537,3,666158,666161,666154,1,0,0.9671048603206307
0,335123,335131,3,667362,667358,667357,1,0,0.999998146766798
0,335123,335143,3,667354,667361,667358,0,0,0.9997891398676976
0,335130,335131,3,667356,667395,667392,1,1,0.9987404303803834
0,335130,335152,3,667366,667393,667353,2,2,0.9999894928420253
0,335142,335143,3,667355,667417,667423,0,0,0.9999355256384334
0,335142,335152,3,667422,667405,667352,1,0,0.9996222205673535
0,335226,335291,3,667555,667557,667303,0,0,0.9997877104481137
0,335289,335291,3,667676,667554,667521,0,0,0.9999973147549724
0,335443,335447,3,667961,667962,667954,0,0,0.9955781961390816
0,335445,335447,3,667970,667960,667959,0,0,0.9961862156488112
0,336199,336422,4,669442,669444,669440;669439,2,2,0.9999934095924478
0,336697,336699,3,670472,670470,670459,1,0,0.9611214577584187
0,336699,336702,3,670471,670477,670462,0,0,0.9801019649708131
0,336870,336875,3,670833,670838,670840,0,0,0.9604630123774213
0,336875,336893,3,670847,670839,670849,2,1,0.9480779682264014
0,337317,337323,3,671846,671835,671842,1,0,0.9986325871955614
0,337317,337331,3,671839,671844,671846,2,1,0.9999723937344213
0,337321,337323,3,671860,671843,671857,1,0,0.9999933317341365
0,337321,337335,3,671856,671859,671841,1,0,0.9985957177347479
0,337329,337331,3,671886,671883,671838,0,0,0.9998930093309467
0,337329,337335,3,671884,671841,671887,0,0,0.9998222365515637
0,337877,337879,3,672946,672945,672937,2,0,0.9999866221941182
0,337879,337954,3,672941,672946,672950,2,0,0.9993137262704004
0,337949,337951,3,672939,673088,673090,0,0,0.989901732654504
0,337951,337954,3,672940,673089,673093,1,0,0.9918915496570794
0,338006,338008,3,673210,673207,673201,1,0,0.7861459467321112
0,338006,338010,3,673208,673211,673203,0,0,0.9871623214230767
0,338742,338754,3,674586,674591,674588,0,0,0.9999754378104035
0,338743,338755,3,674585,674593,674551,2,0,0.9996209593936239
0,338754,338758,3,674614,674613,674617,0,0,0.9998888649143816
0,338755,338759,3,674611,674618,674554,2,0,0.9999995999474867
0,338758,338857,3,674623,674626,674624,1,0,0.9996350004549495
0,338759,338858,3,674621,674629,674558,2,0,0.9998308213383421
0,338857,338861,3,674800,674799,674803,0,0,0.9999978988026148
0,338858,338862,3,674797,674804,674766,2,0,0.9998179900682864
0,338860,338861,3,674799,674811,674808,0,0,0.9999884108294
0,338860,338862,3,674810,674796,674806,2,1,0.9999741890772401
0,338935,338939,3,674962,674959,674964,1,0,0.9976598622027082
0,339032,339034,3,675145,675147,674911,0,0,0.9979037577884253
0,339033,339034,3,675150,675144,674915,2,1,0.998755015125548
0,339033,339037,3,675143,675150,675136,2,0,0.9996194712682595
0,339035,339037,3,675142,675152,675156,2,1,0.9994294680977687
0,339417,339419,3,675866,675878,675877,0,0,0.9998220822753275
0,339417,339426,3,675878,675881,675874,0,0,0.9999523093310557
0,339418,339419,3,675876,675871,675882,2,1,0.999600041798291
0,339418,339427,3,625869,675883,675873,1,1,0.9999944758615258
0,339425,339426,3,675888,675891,675875,0,0,0.9997904631433946
0,339425,339427,3,675890,675887,675872,2,1,0.9997548516203332
0,339455,339460,3,675847,675950,675952,2,1,0.9819284785270479
0,339460,339462,3,675957,675951,675958,0,0,0.9975475219979993
0,339636,339659,3,676307,676316,676314,1,0,0.9994368314143646
0,339636,339832,3,676312,676311,676315,0,0,0.9999882112077676
0,339659,339663,3,676359,676317,676362,1,1,0.9999993072651305
0,339663,339858,3,676372,676318,676363,0,0,0.9996228971316502
0,339804,339805,3,676643,676655,676652,0,0,0.9998591429584459
0,339804,339808,3,676649,676653,676650,1,0,0.9999485744353547
0,339805,339827,3,676645,676655,676657,0,0,0.9999999764006628
0,339808,339840,3,676650,676658,676660,0,0,0.9993476259194635
0,339827,339841,3,676698,676696,676657,0,0,0.9986299420764375
0,339832,339836,3,676312,676710,676712,0,0,0.9997819781729309
0,339836,339858,3,676718,676319,676713,0,0,0.999940894365959
0,339840,339841,3,676728,676697,676661,0,0,0.9995992134825097
0,340144,340146,3,677321,677323,677326,2,1,0.9980990902060167
0,340145,340146,3,677303,677320,677328,2,1,0.9999660853131467
0,340145,340149,3,677319,677328,677308,2,1,0.9964869316532535
0,340147,340149,3,677332,677318,677317,2,1,0.9977002076582069
0,340536,340554,3,678113,678115,678118,2,1,0.9995987107382593
0,340536,340582,3,678114,678110,678116,2,1,0.9997742091765158
0,340554,340571,3,678119,678147,678148,2,1,0.9999896491094198
0,340563,340567,3,678156,678165,678166,1,0,0.9966628337673727
0,340565,340567,3,678164,678163,678172,2,1,0.9972125273967987
0,340571,340602,3,678149,678183,678121,2,0,0.9983961038373502
0,340582,340593,3,678204,678117,678206,2,1,0.9979151263289058
0,340593,340602,3,678230,678207,678120,2,0,0.9984725146431835
0,341191,341193,3,679418,679420,679410,2,1,0.9998277750842317
0,341191,341219,3,679413,679419,679422,4,1,0.9919227584558621
0,341527,341528,3,680010,680008,680004,2,1,0.997673135861121
0,341528,341530,3,680012,680011,680015,2,1,0.9832840719348956
0,341824,341827,3,680549,680560,680558,4,1,0.998756847413305
0,341827,341828,3,680555,680561,680563,0,0,0.9914215148589007
0,342041,342042,3,680980,680973,680982,1,1,0.9999334732549923
0,342041,342082,3,680977,680981,680978,1,1,0.9999480641056503
0,342042,342045,3,680975,680983,680985,2,0,0.999153483818235
0,342045,342086,3,680990,680985,680988,0,0,0.9898408961534934
0,342082,342085,3,680978,681062,681064,3,1,0.9999992765903233
0,342085,342086,3,681068,681065,680989,0,0,0.9993161835883672
0,342131,342141,3,646881,681147,681137,1,1,0.9998947994385616
0,342138,342141,3,646897,681163,681136,1,1,0.9995360824219277
0,342305,342307,3,681511,681513,681516,0,0,0.9989924460074276
0,342305,342322,3,681508,681514,681512,0,0,0.9985046097349441
0,342307,342326,3,681518,681505,681517,0,0,0.9999747957111209
0,342322,342336,3,681537,681546,681515,0,0,0.9992901135209742
0,342326,342338,3,681552,681551,681519,0,0,0.9935526235152503
0,342336,342338,3,681578,681547,681550,0,0,0.9965357875111872
0,342736,342737,3,682370,682373,682353,0,0,0.9999786124790224
0,342736,347568,3,682372,682368,682350,0,0,0.9997106493075661
0,342802,342807,3,682500,682502,682495,0,0,0.9989790259358683
0,342802,342844,3,682498,682500,682496,0,0,0.999759330165552
0,342807,342808,3,682504,682503,682510,0,0,0.9996719720910021
0,342844,342845,3,682586,682499,682585,0,0,0.9997612726367945
0,343341,343343,3,683580,683575,683576,0,0,0.999990415869783
0,343341,343358,3,683483,683581,683578,0,0,0.9978176651504445
0,343343,343346,3,683583,683585,683577,0,0,0.9992581109240745
0,343346,343363,3,683590,683585,683586,0,0,0.9999894010348656
0,343358,343361,3,683614,683616,683578,0,0,0.9999904112154187
0,343361,343363,3,683620,683615,683587,0,0,0.9994889698222609
0,343377,343378,3,683654,683657,683649,1,0,0.9992402898787015
0,343377,343379,3,683656,683646,683653,0,0,0.9992695207549255
0,343590,343591,3,684062,684051,684057,0,0,0.9797961267153527
0,343591,343669,3,684063,684059,684064,0,0,0.9251017105728343
0,343699,343701,3,684256,684137,684253,0,0,0.998746601738037
0,343699,343703,3,684252,684248,684254,0,0,0.996826230206741
0,343701,343702,3,684139,684257,684260,0,0,0.9988570653789769
0,343702,343706,3,684261,684263,684259,0,0,0.999997795888807
0,343703,343709,3,684251,684267,684264,0,0,0.9940454517971266
0,343706,343712,3,684270,684272,684269,0,0,0.9999987351143095
0,343709,343713,3,684278,684274,684280,0,0,0.9956616794700573
0,343712,343716,3,684283,684287,684285,0,0,0.9996880236079145
0,343713,343715,3,684278,684288,684290,0,0,0.999989927280366
0,343715,343716,3,684292,684291,684285,0,0,0.999989522879859
0,344579,344583,3,686014,686011,686017,1,0,0.9999802829317729
0,344579,344736,3,686013,686015,686018,0,0,0.9998415085459914
0,344583,344642,3,686026,686017,686028,0,0,0.9991390088072434
0,344642,344765,3,686148,686029,686144,0,0,0.9996276215422594
0,344736,344761,3,686019,686347,686344,0,0,0.9979974427733758
0,344761,344765,3,686344,686392,686145,1,0,0.9996486291531428
0,345699,345702,3,688227,688254,688252,0,0,0.996035537692332
0,345702,345715,3,688236,688255,688260,2,1,0.9846651123390092
0,345731,345733,3,688311,688320,688318,0,0,0.9961028730800673
0,345731,345736,3,688316,688314,688318,0,0,0.9984881164870192
0,345733,348045,3,688323,688324,688321,2,0,0.9971095143141836
0,345736,348047,3,688316,688330,688332,0,0,0.9999425363541318
0,345943,345945,3,688751,688755,688758,0,0,0.9995551525782592
0,345943,345947,3,688754,688756,688459,0,0,0.9992977003799114
0,345945,345952,3,688764,688762,688753,0,0,0.9968952712797879
0,345950,345957,3,688772,688771,688767,1,0,0.9999133250641001
0,347105,347106,3,691058,690723,691055,1,0,0.9982138140487369
0,347105,347107,3,691049,691056,691054,1,0,0.9992121160636974
0,347106,347110,3,691059,691062,691060,1,0,0.9994768000247193
0,347107,347111,3,691064,691057,691066,0,0,0.9990313944879908
0,347110,347112,3,691070,691069,691061,0,0,0.9999997567245917
0,347111,347112,3,691068,691072,691067,1,0,0.9998106214542821
0,347221,347222,3,691284,691290,691294,0,0,0.9997795991352554
0,347221,347229,3,691290,691283,691292,0,0,0.9986071215263224
0,347222,347268,3,691296,691287,691295,0,0,0.9969194541200399
0,347229,347270,3,691310,691312,691293,0,0,0.9991069153436222
0,347268,347271,3,691400,691297,691399,0,0,0.9967985082792593
0,347270,347271,3,691313,691405,691399,0,0,0.9989520052798714
0,347524,347526,3,691928,691925,691915,0,0,0.9964274375923093
0,347524,347542,3,691924,691927,691913,2,1,0.9972602581360028
0,347556,347573,3,691970,691972,691968,0,0,0.9942572706486441
0,347564,347565,3,691982,691979,682354,1,0,0.9999148143081406
0,347564,347568,3,682351,691983,691980,2,0,0.9994318610453988
0,347573,347575,3,691971,691989,691994,0,0,0.9847044243367626
0,347907,347908,3,692639,692654,692652,1,0,0.12655442216642454
0,347908,347929,3,692640,692655,692656,2,0,0.3696537388741556
0,348045,348049,3,692921,692927,688325,2,1,0.999776533908981
0,348047,348049,3,692930,692921,688333,2,1,0.9996095205064189
0,348188,348193,3,693218,693215,693217,0,0,0.9999200240160091
0,348193,348205,3,693219,693225,693226,0,0,0.8147015417199245
0,348201,348205,3,693248,693219,693250,0,0,0.9583259534948229
0,348273,348274,3,693402,693163,693404,2,1,0.9992286110982675
0,348273,348275,3,693390,693403,693400,0,0,0.9999960514172477
0,348274,348278,3,693165,693407,693405,0,0,0.9984464520158833
0,348275,348279,3,693410,693409,693400,2,0,0.9999308639641504
0,348278,348280,3,693407,693415,693412,0,0,0.9999439670174228
0,348279,348280,3,693416,693411,693413,2,2,0.9999310717929052
0,348627,348634,3,694116,653705,694114,1,0,0.9999991625406004
0,348634,348646,3,694128,653706,694115,0,0,0.9991805031193343
0,349065,349069,3,694938,694940,694937,2,0,0.9884269415681961
0,349065,349082,3,694942,694939,694844,2,0,0.9902910293234796
0,349069,349070,3,694947,694941,694950,0,0,0.998697839297049
0,349082,349083,3,694943,694978,694976,0,0,0.9981037940632146
0,349110,349112,3,695049,695051,695054,0,0,0.9655797527245183
0,349110,349307,3,695050,695046,695053,0,0,0.972289363316838
0,349939,349942,3,696674,696673,696677,0,0,0.9998680345478772
0,349939,349944,3,696676,696653,696678,0,0,0.9998697753403728
0,349942,349943,3,696686,696684,696674,0,0,0.9998801341995769
0,349943,349948,3,696688,696686,696681,0,0,0.9999636493432663
0,349944,349945,3,696661,696691,696679,0,0,0.9999869264817857
0,349945,349948,3,696691,696693,696680,1,0,0.999892436901643
0,350227,350228,3,697250,697252,697247,0,1,0.9136353079816726
0,350228,350231,3,697253,697255,697249,1,0,0.9035851740597314
0,351101,351106,3,698984,698947,698986,0,0,0.9993615800449106
0,351101,351116,3,698945,698985,698982,2,1,0.9988953009854812
0,351106,351108,3,699002,698987,699000,1,0,0.9999486572941063
0,351108,351123,3,699004,698988,699001,0,0,0.9991549163506227
0,351116,351117,3,698983,699021,699022,1,1,0.9999536013963333
0,351117,351123,3,699022,699026,698989,2,1,0.9998486247083267
0,351273,351283,3,699349,699350,699344,0,0,0.7257983179442551
0,351282,351283,3,699376,699348,699375,1,0,0.6236406442627044
0,351437,351440,3,699665,699689,699686,0,0,0.9977609856964855
0,351437,351464,3,699688,699667,699691,2,1,0.9995511534778793
0,352132,352134,3,701035,701047,701049,2,0,0.9992815764278268
0,352193,352196,3,701167,701184,701186,0,0,0.9970348508950486
0,352195,352196,3,701182,701185,701192,1,1,0.9986974728981836
0,353236,353237,3,703228,703223,703230,0,0,0.9991545905751223
0,353236,353238,3,703226,660733,703229,1,0,0.9973828319571189
0,353237,353250,3,703225,703233,703231,1,1,0.9969798297295082
0,353238,353301,3,703236,703234,703226,1,1,0.9995051801158357
0,353250,353302,3,703233,703256,703254,1,0,0.9995752231714226
0,353301,353302,3,703362,703237,703255,1,0,0.9999903946313414
0,353341,353342,3,703424,703442,703440,2,0,0.9994804868239574
0,353341,353345,3,703438,703423,703441,1,0,0.9996417718025485
0,353342,353344,3,703446,703443,703444,0,0,0.9994480110854471
0,353344,353348,3,703450,703445,703448,1,0,0.9999306944402854
0,353345,353347,3,703454,703435,703438,0,0,0.9993600638856739
0,353347,353348,3,703455,703459,703449,1,0,0.9999979391072095
0,353505,353523,3,703765,703770,703768,0,0,0.34048838035682266
0,353523,353560,3,703799,703771,703801,0,0,0.6300153839059605
0,354340,354351,3,705456,705327,705458,0,0,0.5506201348092494
0,354350,354351,3,705374,705457,705488,1,1,0.5141748439404786
0,354518,354519,3,705837,705847,705844,0,0,0.7872704584048565
0,354518,354530,3,705846,705843,705834,1,0,0.9363597851549538
0,354601,354602,3,705998,706000,705995,0,0,0.9955644830102842
0,354601,354613,3,705996,705999,705993,4,2,0.9945882624518596
0,355115,355119,3,706979,706982,706984,0,0,0.8118466982981963
0,355118,355119,3,706983,706989,706991,2,1,0.7211826605371011
0,355565,355594,3,707922,707924,707892,0,0,0.9989935318588519
0,355565,355928,3,707918,707923,707889,4,2,0.9989365531688938
0,355583,355594,3,707986,707893,707983,2,1,0.9981584409329299
0,355583,355997,3,707982,707984,707890,2,0,0.9957806974939316
0,355643,355645,3,708129,708131,708134,0,0,0.9936018802614293
0,355643,355647,3,708130,708133,708127,0,0,0.9837033576329919
0,355646,355647,3,708136,708139,708127,1,0,0.9863855843020187
0,355646,355648,3,708138,708117,708124,0,0,0.9924854651975393
0,355735,355737,3,708320,708315,708317,0,0,0.9994155216364289
0,355735,355747,3,708316,708318,708312,0,0,0.998972990912529
0,355736,355737,3,708322,708305,708314,1,0,0.9957458840345138
0,355736,355748,3,708257,708311,708323,0,0,0.9999410487367048
0,355746,355747,3,708332,708335,708313,2,0,0.9993798848072784
0,355746,355748,3,708334,708303,708310,0,0,0.9986623827854186
0,355918,355928,3,708650,708649,707888,0,0,0.9986474715582803
0,355918,355997,3,708646,708650,707891,0,0,0.9996965609469224
0,356085,356086,3,708984,708964,708987,2,0,0.986500142082128
0,356085,356089,3,708961,708985,708982,0,0,0.9852100389112921
0,357046,357047,3,710926,710925,710930,0,0,0.9899953744622557
0,357387,357445,3,711625,711634,711636,1,0,0.9927112261466968
0,357444,357445,3,711635,711718,711741,3,1,0.9985869238856482
0,357494,357496,3,711832,711829,711819,0,0,0.9999217022617958
0,357494,357513,3,711828,711830,711817,2,1,0.999991952226362
0,357524,357528,3,711896,711893,711899,4,2,0.8697950819375562
0,357524,357579,3,711895,711897,711900,2,1,0.8795390666304952
0,358710,358711,3,714162,714165,714141,2,1,0.9999707585637493
0,358774,358925,3,714258,714261,714238,0,0,0.9974192636183499
0,358925,358963,3,714560,714259,714547,2,1,0.9735540561243793
0,359760,359769,3,716232,716231,716225,2,0,0.9982003229990816
0,359769,359780,3,716231,716251,716249,0,0,0.9999966208633864
0,359772,359781,3,716253,716255,716234,2,0,0.9998467354837672
0,359780,359781,3,716272,716252,716251,3,0,0.9998616507489482
0,359794,359795,3,716296,716292,716287,1,0,0.998192181185351
0,359794,359798,3,716256,716296,716289,0,0,0.9998481202741869
0,359796,359797,3,716300,716303,716291,0,0,0.9991038397030966
0,359796,359798,3,716302,716288,716299,2,0,0.997226884258822
0,359853,359856,3,716418,716325,716421,0,0,0.9999420431691841
0,359853,359871,3,716420,716322,716416,2,0,0.957462379049668
0,359871,359874,3,716462,716417,716465,0,0,0.9976273042248757
0,360296,360299,3,717462,717469,717466,0,0,0.999959384627374
0,360296,360344,3,717039,717465,717466,1,0,0.999997964003636
0,360298,360299,3,717478,717463,717481,2,1,0.9999873434318644
0,360298,360346,3,717461,717476,717480,0,0,0.9999962494895293
0,360343,360344,3,717568,717161,717464,2,1,0.9999959899418671
0,360343,360346,3,717552,717568,717461,1,0,0.9994451527489198
0,360439,360441,3,717748,717745,717751,2,1,0.9971541093162088
0,360439,360447,3,717747,717749,717752,2,1,0.9988618026143625
0,360446,360447,3,717768,717739,717746,2,1,0.9998498222326314
0,360446,360448,3,717743,717768,717708,1,0,0.9996330527286578
0,360693,360697,3,718257,718261,718259,2,1,0.9991656455419914
0,360695,360697,3,718270,718257,718267,2,1,0.9971871885686515
0,360773,360776,3,718422,718367,718425,2,1,0.999192303762703
0,360776,360778,3,718423,718429,718430,2,1,0.9998830405016452
0,360778,360788,3,718427,718433,718434,2,1,0.9999385769381021
0,360790,360957,3,718460,718459,718454,2,0,0.9991995684690711
0,360791,360793,3,718449,718464,718462,2,0,0.9989714112550746
0,360793,360960,3,718468,718471,718453,2,1,0.9998454123117756
0,360954,360957,3,718816,718819,718455,1,0,0.9954347717890608
0,360954,360960,3,718818,718814,718452,2,1,0.9980579332705175
0,361136,361146,3,719210,719193,719213,0,0,0.9985582780784568
0,361136,361163,3,719196,719201,719212,2,1,0.9995407328528907
0,361139,361146,3,719192,719219,719222,0,0,0.9983926002632709
0,361139,361166,3,719220,719195,719223,0,0,0.999990246717884
0,361157,361163,3,719197,719259,719269,0,0,0.9992176209689262
0,361157,361166,3,719194,719263,719268,1,0,0.9994926841884682
0,361167,361168,3,719274,719172,719273,2,0,0.9961425032899245
0,361167,361404,3,719169,719275,719226,2,0,0.9941118147266652
0,361343,361357,3,719594,719589,719597,0,0,0.9995745557241887
0,361343,361392,3,719596,719593,719586,0,0,0.9984989380292426
0,361346,361347,3,719608,719611,719171,0,0,0.9980902516670335
0,361346,361404,3,719610,719168,719607,2,0,0.9946763513667495
0,361348,361357,3,719588,719617,719614,0,0,0.9927834871169717
0,361348,361406,3,719591,719606,719615,1,0,0.9992925238967068
0,361362,361364,4,719648,719637,719626;719646,1,0,0.9721923560505041
0,361374,361392,3,719587,719676,719681,0,0,0.9998015695595709
0,361374,361406,3,719590,719669,719680,0,0,0.99998494385381
0,361381,361383,3,719682,719700,719699,0,0,0.9999996496354635
0,361381,361398,3,719700,719661,719696,0,0,0.9999883550921168
0,361382,361383,3,719702,719691,719699,1,0,0.9995121133542396
0,361382,361399,3,671259,719703,719695,1,1,0.9991385404904445
0,361397,361398,3,719726,719697,719728,0,0,0.9999403630379634
0,361397,361399,3,719695,719725,719728,1,0,0.9999980169604481
0,361726,361727,3,720338,720326,720335,4,0,0.9995696828534011
0,363969,363970,3,724494,724487,724496,2,1,0.9999992548221236
0,363969,363972,3,724491,724495,724492,0,0,0.9999322524793471
0,363970,366046,3,724488,724498,724497,2,1,0.9999874666057796
0,363972,366048,3,724502,724501,724493,1,0,0.9989911624300587
0,364184,364187,3,724944,724763,724942,2,0,0.9657025162525346
0,364187,364188,3,724948,724945,724769,1,1,0.9957504593339037
0,364448,364450,3,725456,725434,725455,2,1,0.9989573500686196
0,364450,364451,3,725457,725437,725458,2,1,0.9835947764502402
0,365113,365370,3,726776,726778,726775,0,0,0.9135667274816899
0,365370,365371,3,726779,727281,727277,2,1,0.9414794856560876
0,365455,365461,3,727454,727457,727451,0,0,0.28547870778819145
0,365455,365486,3,727456,727453,727449,1,1,0.22827417840289396
0,365685,365709,3,727908,727911,727904,0,0,0.9989736569626205
0,365685,365868,3,727906,727909,727901,0,0,0.9999863371526843
0,365708,365709,3,727950,727954,727905,2,1,0.9999689340324301
0,365708,365888,3,727954,727949,727902,2,1,0.9940386156513157
0,365867,365868,3,727900,728273,728274,1,0,0.9998099821527261
0,365867,365888,3,728266,728275,727903,0,0,0.9961018612430663
0,365914,365918,3,728357,728360,728365,1,0,0.9914663756930381
0,365916,365918,3,728368,728356,728367,2,1,0.9999009327819556
0,366046,366049,3,728638,724499,728636,0,0,0.9997124656978573
0,366048,366049,3,728644,728637,724503,0,0,0.9996743812990887
0,366534,366535,3,729329,729590,729588,1,0,0.6815434691254112
0,366535,366539,3,729331,729591,729592,2,1,0.7000354059536776
0,366757,366758,3,730032,730026,730035,0,0,0.8949113593323339
0,366758,366770,3,730029,730033,730036,0,0,0.9935888166947848
0,366938,366939,3,730380,730382,730331,0,0,0.9958671259212971
0,366939,366944,3,730383,730384,730332,2,1,0.9960123093771562
0,367028,367029,3,730567,730575,730572,0,0,0.8846629670894325
0,367028,367030,3,730574,730564,730570,0,0,0.910637786377316
0,367172,367173,3,730834,730836,730825,0,0,0.9998571274522572
0,367173,367175,3,730837,730839,730827,0,0,0.9997620833874679
0,367220,367244,3,730934,730930,730933,1,0,0.9454813840128304
0,367234,367249,3,730936,730963,730966,0,0,0.9644545668511862
0,367244,367245,3,730935,730977,730986,0,0,0.9915837227449685
0,367245,367249,3,730937,730988,730987,0,0,0.9687037636879932
0,367386,367393,3,731263,731275,731269,2,0,0.996965427639044
0,367386,367402,3,731274,731273,731260,2,1,0.9999027490261986
0,367396,367402,3,731294,731299,731261,0,0,0.9999247432051882
0,367396,367403,3,731298,731258,731296,0,0,0.9999232645947376
0,368840,368846,3,734129,734130,734110,0,0,0.999596947422919
0,368845,368846,3,734144,734128,734125,1,1,0.9999650053392067
0,368860,368861,3,734170,734162,734172,1,1,0.9677520474986526
0,368861,368870,3,734165,734171,734174,0,0,0.959153084700877
0,368897,368898,3,734248,734250,734244,0,0,0.7115535859296831
0,368898,369030,3,734252,734249,734247,2,1,0.7978937896810716
0,369196,369197,3,734856,734793,734853,0,0,0.9903559880916089
0,369196,369198,3,734847,734855,734852,1,0,0.99688923234241
0,369197,369207,3,734857,734795,734858,0,0,0.9885548316956098
0,369198,369208,3,734860,734855,734862,0,0,0.9999999970850806
0,369203,369205,3,734867,734871,734874,2,1,0.9982840129868167
0,369203,369306,3,734870,734869,734872,0,0,0.9999270298597698
0,369205,369214,3,734875,734877,734878,1,1,0.9992148930168345
0,369214,369316,3,734896,734879,734887,0,0,0.9968606235041875
0,369306,369314,3,735076,734873,735078,0,0,0.9999524577636719
0,369314,369316,3,735079,735093,734886,1,1,0.9999958529159731
0,369826,369829,3,736125,736129,736126,0,0,0.999867056070658
0,369826,386154,3,736128,735867,736130,0,0,0.9999790563616237
0,369829,369831,3,736127,736137,736138,2,1,0.9999879781834813
0,369831,386159,3,736139,736144,736141,0,0,0.999958484537912
0,369850,369852,3,736181,736191,736188,2,1,0.9997916772389588
0,369850,386176,3,736190,736183,736193,1,0,0.9999309325006196
0,369852,369853,3,736188,736196,736198,1,1,0.9999282350473171
0,369853,386179,3,736198,736202,736195,2,1,0.9999874194507232
0,369877,369878,3,736229,736252,736250,1,1,0.2710106897476203
0,369878,369893,3,736230,736253,736254,2,1,0.9512307573501861
0,369893,369895,3,736267,736283,736285,2,1,0.999565992485437
0,369894,369895,3,736283,736291,736288,2,1,0.9998647021724694
0,370533,370534,3,737552,737529,737551,0,0,0.9999284070065764
0,370534,370539,3,737553,737533,737554,0,0,0.9995069997141884
0,370846,370850,3,738179,738185,738181,0,0,0.9977669599559796
0,370848,370850,3,738192,738178,738189,0,0,0.9976929554997341
0,371488,371489,3,739470,739472,739383,0,0,0.9983719930849125
0,371489,371520,3,739473,739474,739384,3,2,0.9977634713307189
0,371554,371608,3,739235,739600,739598,0,0,0.9978706753690256
0,371608,371612,3,739409,739601,739707,1,1,0.9973697223704235
0,371953,371956,3,740408,740407,740411,0,0,0.9999262811649322
0,371953,371958,3,740410,740329,740412,0,0,0.9999922887443634
0,371956,371957,3,740408,740418,740420,0,0,0.9998953822428365
0,371957,371962,3,740422,740415,740421,0,0,0.9996887730691604
0,371958,371959,3,740338,740425,740413,0,0,0.9976698403960771
0,371959,371962,3,740426,740425,740414,0,0,0.9978209250569516
0,372483,372486,3,741436,741439,741433,2,1,0.9984381978807705
0,372483,372509,3,741438,741441,741435,2,1,0.19979849793673132
0,372660,372661,3,741750,741752,741725,1,0,0.9980051710458695
0,372661,372740,3,741754,741751,741727,2,1,0.9972063999861889
0,374332,374333,3,745096,745093,745099,3,1,0.9998427859935922
0,374332,374345,3,745091,745097,745094,0,0,0.9997433686754773
0,374333,374335,3,745102,745099,745100,1,1,0.9999940040709977
0,374335,374352,3,745106,745101,745104,0,0,0.999986433736802
0,374345,374351,3,745128,745123,745094,0,0,0.9998365568519729
0,374351,374352,3,745129,745144,745105,0,0,0.9999353169294529
0,374542,374545,3,745514,745501,745516,1,1,0.9968555083383912
0,374544,374545,3,745512,745515,745525,2,1,0.9983083880056544
0,374544,374860,3,745452,745511,745522,0,0,0.9620199677616035
0,374832,374860,3,745453,746121,746135,1,1,0.9809374901509226
0,374834,374854,3,746140,746130,746127,1,1,0.9143935223903927
0,374848,374854,3,746131,746167,746159,0,0,0.9177019491442291
0,375472,375476,3,747386,747384,747381,2,0,0.9951004830767773
0,375475,375476,3,747385,747393,747391,3,1,0.9957339093251979
0,375757,375761,3,747903,747905,747897,2,0,0.9999444306972386
0,375757,375787,3,747904,747871,747901,0,0,0.9825431297781344
0,375759,375761,3,747910,747909,747896,1,0,0.9999190068137759
0,375759,375788,3,747876,747911,747899,0,0,0.9871567616547169
0,375773,375774,3,747931,747937,747934,0,0,0.6521787650846929
0,375773,375775,3,747936,747929,747932,2,1,0.6979974489899161
0,375785,375787,3,747933,747951,747901,0,0,0.9826380496335653
0,375785,375788,3,747950,747953,747898,2,0,0.9952825255474707
0,376612,376613,3,749622,749611,749621,1,0,0.9875632984539074
0,376613,376646,3,749612,749624,749626,1,0,0.9842732789577043
0,376629,376661,3,749648,749631,749643,0,0,0.9999987443601108
0,376646,376648,3,749684,749661,749683,1,0,0.9824524511618994
0,376648,376650,3,749688,749683,749690,0,0,0.99952480190866
0,377052,377054,3,750512,750510,750509,2,1,0.9816557008809461
0,377054,377057,3,750515,750511,750517,2,1,0.9989664635376297
0,377057,377095,3,750520,750519,750522,2,1,0.9921250194362453
0,377095,377099,3,750593,750595,750597,2,1,0.9963537389281831
0,377097,377099,3,750592,750601,750604,2,1,0.9767153374020003
0,379293,379331,3,754925,754931,754928,0,0,0.8692248701641735
0,379331,379333,3,754931,755002,755004,0,0,0.8634180957797051
0,380074,380077,3,756562,756552,756564,0,0,0.9994392938231251
0,380077,380107,3,756557,756573,756570,0,0,0.9998609598317922
0,380107,382772,3,756629,756634,756570,0,0,0.9968429201150976
0,380890,380891,3,758372,758384,758382,0,0,0.9927312961291463
0,380890,380892,3,758384,758367,758381,0,0,0.9996935902453015
0,380891,380895,3,758386,758375,758383,0,0,0.9968324810734479
0,380892,380896,3,758388,758390,758381,0,0,0.9997448038297513
0,380895,380897,3,758386,758394,758393,0,0,0.9958805932134915
0,380896,380897,3,758393,758396,758391,0,0,0.9964851258546498
0,381130,381134,3,758838,758840,758837,0,0,0.994697514779923
0,381134,381135,3,758841,758850,758847,2,0,0.9948056129222769
0,381135,381157,3,758842,758853,758851,0,0,0.9992955072019242
0,381153,381157,3,758892,758843,758889,1,0,0.9957746539547664
0,381272,381309,3,759139,759143,759144,2,1,0.9994224277258589
0,381307,381309,3,759190,759138,759189,2,1,0.9997890652764918
0,381317,381397,3,759212,759219,759216,2,1,0.9997419182609074
0,381320,381400,3,759211,759226,759231,2,1,0.9982023662678104
0,381394,381397,3,759213,759379,759383,2,1,0.9995388435119313
0,381394,381400,3,759382,759210,759381,2,1,0.9974653530668394
0,381925,381929,3,760342,760275,760345,0,0,0.9996639594390702
0,381929,381932,3,760352,760343,760349,0,0,0.9982077302151237
0,381932,381968,3,760347,760359,760353,0,0,0.9987265230218173
0,381964,381968,3,760412,760346,760407,1,1,0.998690233481782
0,382211,382215,3,760871,760899,760896,0,0,0.9961233542634489
0,382211,382219,3,760898,760894,760868,2,0,0.9521755217143496
0,382580,382581,3,761595,761603,761600,0,0,0.6883653010560905
0,382580,382582,3,761602,761592,761598,2,1,0.6929415996904028
0,382596,382599,3,756551,761625,761623,2,1,0.9996358272351853
0,382599,382767,3,756555,761629,761630,2,1,0.9999927552617902
0,382767,382772,3,756628,761631,761958,2,1,0.9983013353822409
0,382860,382868,3,762099,762107,762113,0,0,0.9996924149110009
0,382860,382873,3,762112,762109,762096,0,0,0.9981543026768919
0,382864,382868,3,762124,762117,762098,1,1,0.999051623989149
0,382864,382877,3,762122,762095,762125,1,1,0.9982449063279674
0,382869,382873,3,762132,762135,762097,0,0,0.9971889154179409
0,382869,382877,3,762094,762130,762134,2,1,0.9970117463740906
0,383197,383199,3,762762,762774,762773,2,1,0.9998349544811518
0,383197,383211,3,762774,762469,762770,1,1,0.9999815286552642
0,383198,383199,3,762778,762767,762772,1,1,0.9999574612514338
0,383198,383212,3,762776,762778,762769,2,1,0.9989846104129428
0,383210,383211,3,762792,762771,762795,2,1,0.9998637606134894
0,383210,383212,3,762794,762791,762769,1,1,0.9999994334576323
0,383454,383461,3,763251,763254,763256,2,1,0.999120592038219
0,383461,383489,3,763255,763268,763266,1,1,0.9964925289769713
0,383499,383611,3,717277,763335,763341,2,1,0.9998497284735053
0,383609,383611,3,763334,717725,763565,2,1,0.9999957581864559
0,383878,383880,3,764116,764130,764129,0,0,0.9998907812430519
0,383878,384023,3,764126,764132,764130,1,0,0.9993891914335327
0,383879,383880,3,764134,764123,764128,2,1,0.9998349701799478
0,383879,384024,3,764075,764135,764125,0,0,0.9996010482788772
0,384022,384023,3,764386,764389,764127,2,1,0.9999412227842742
0,384022,384024,3,764388,764385,764125,0,0,0.9999433662165074
0,384121,384123,3,764514,764521,764523,1,0,0.943373299263806
0,384122,384123,3,764520,764519,764526,2,0,0.9594220689720777
0,384133,384138,3,764540,764534,764542,1,0,0.998805713631179
0,384133,384141,3,764542,764537,764538,0,0,0.9900410778102909
0,384138,384145,3,764552,764554,764541,0,0,0.9944757895029902
0,384141,384148,3,764556,764558,764539,0,0,0.9978049951730628
0,384145,384153,3,764564,764553,764561,0,0,0.9995138447629875
0,384148,384153,3,764559,764571,764561,0,0,0.9967893259378531
0,384254,384281,3,764774,764777,764731,2,1,0.9980574704185556
0,384273,384380,4,764830,764827,764807;764825,4,3,0.9988360885171214
0,384281,384385,3,764775,764855,764815,2,1,0.9920835363947029
0,386009,386010,3,768230,768226,768233,4,0,0.999099546115246
0,386009,386095,3,768228,768231,768225,2,1,0.9999731290675069
0,386154,386156,3,768436,736131,768502,2,0,0.9995094642625895
0,386156,386159,3,768504,736140,768503,0,0,0.9997243757621253
0,386176,386177,3,736193,768533,768537,0,0,0.999943140699376
0,386177,386179,3,768538,736194,768537,1,0,0.9986431329953709
0,386453,386454,3,769105,769113,769110,0,0,0.9961920387617796
0,386453,386463,3,769103,769108,769112,0,0,0.9999895875235646
0,386454,386456,3,769114,769117,769111,0,0,0.9998504242086566
0,386456,386466,3,769120,769115,769119,0,0,0.9999514677613313
0,386463,386465,3,769124,769109,769136,0,0,0.99991756057337
0,386465,386466,3,769137,769138,769118,0,0,0.9983623858383964
0,386553,411038,3,769307,769318,769316,0,0,0.9950089359821196
0,386555,411039,3,769320,769309,769323,0,0,0.9933521992779518
0,387441,387443,3,771059,771081,771084,0,0,0.9995049294760613
0,387441,387445,3,771080,770937,771082,1,0,0.9983702517731217
0,387443,387444,3,771088,771061,771085,1,1,0.9994671025525165
0,387444,387448,3,771090,771087,771089,2,1,0.9992135769353698
0,387445,387446,3,771092,771083,771094,0,0,0.9981949541230736
0,387446,387448,3,771086,771096,771095,0,0,0.9992104112573017
0,388155,388156,3,772480,772492,772490,2,1,0.9995020748756223
0,388155,388157,3,772492,772484,772488,2,1,0.999489446533664
0,388322,388324,3,772808,772818,772820,2,1,0.9999568131328395
0,388324,388325,3,772820,772824,772815,2,1,0.9995993617860672
0,389036,389040,3,774233,774240,774236,2,1,0.9686528887490181
0,389038,389040,3,774244,774232,774243,2,0,0.9494902012972415
0,389082,389083,3,774328,774330,774320,2,1,0.9978552987357765
0,389082,389086,3,774319,774329,774326,1,0,0.9937923682204234
0,389086,389088,3,774338,774336,774326,1,0,0.9999919589674918
0,389088,389089,3,774333,774339,774342,0,0,0.9979099146374304
0,389235,389236,3,774636,774635,774624,2,1,0.9997815433100031
0,389236,389239,3,774640,774638,774628,2,1,0.999661030566696
0,389239,389253,3,774633,774641,774649,1,0,0.9938735911673318
0,389274,389276,3,774701,774711,774708,0,0,0.9999527626427582
0,389274,389278,3,774702,774712,774710,2,1,0.9999984957019412
0,389276,389277,3,774718,774716,774708,1,0,0.999969034976926
0,389277,389281,3,774715,774723,774718,0,0,0.9999893859238114
0,389278,389279,3,774693,774725,774713,2,1,0.9998553980673477
0,389279,389281,3,774726,774725,774714,2,1,0.9997894355448979
0,389437,389438,3,775040,768530,775042,0,0,0.9999987523774905
0,389437,389441,3,775038,768529,775041,1,0,0.9999410898609189
0,389438,389440,3,774705,775043,775045,1,0,0.9999859889968293
0,389440,389444,3,775048,775045,775046,0,0,0.9999775329867252
0,389441,389443,3,775038,775050,775052,1,1,0.9999997003851668
0,389443,389444,3,775052,775057,775047,2,0,0.9997442376260559
0,389742,389749,3,775646,775651,775654,1,0,0.9988663015765981
0,389742,389806,3,775650,775649,775653,0,0,0.997273381079638
0,389749,389750,3,775668,775659,775655,0,0,0.999951591100207
0,389750,389813,3,775668,775670,775657,0,0,0.998988458803592
0,389806,389807,3,775786,775788,775653,0,0,0.9999429373658641
0,389807,389813,3,775789,775791,775656,0,0,0.9952122120688262
0,390020,390021,3,776196,776198,776191,0,0,0.9961427678641993
0,390020,390022,3,776194,776178,776196,0,0,0.9997528447409217
0,390021,390035,3,776199,776200,776192,2,1,0.9985116758345879
0,390022,390036,3,776195,776202,776204,0,0,0.9986540386984656
0,390059,390060,3,776278,776272,776280,0,0,0.9994892963958941
0,390060,390070,3,776279,776275,776282,0,0,0.9664427420780464
0,390117,390118,3,776411,776419,776416,0,0,0.947065189923012
0,390117,390119,3,776418,776408,776414,0,0,0.9911609890466812
0,390577,390583,3,777302,777299,777304,0,0,0.9999993800417585
0,390577,390595,3,777300,777297,777302,1,0,0.9999999896866538
0,390583,390584,3,777308,777316,777305,0,0,0.9999999964534273
0,390584,390602,3,777318,777317,777306,1,0,0.9999621235340391
0,390595,390596,3,777301,777332,777334,0,0,0.9998250553709012
0,390596,390602,3,777336,777335,777307,0,0,0.9998502187731867
0,392056,392094,3,780200,780199,780202,0,0,0.9977275470430791
0,392094,392096,3,780201,780269,780270,0,0,0.9988898860924507
0,392174,392175,3,780436,780419,780432,2,1,0.9992074903058388
0,392174,392178,3,780434,780437,780429,2,1,0.9997756285220718
0,392178,392209,3,780442,780444,780439,2,1,0.9974096498520088
0,392187,392188,3,780459,780462,780460,2,1,0.9999931376309606
0,392188,392201,3,780398,780463,780464,2,1,0.999795595258221
0,392201,392204,3,780490,780488,780465,2,1,0.9995856447306238
0,392203,392204,3,780489,780497,780471,2,1,0.9999084839826403
0,392207,392208,3,780500,780441,780503,2,1,0.9997542244517676
0,392208,392212,3,780504,780501,780493,2,1,0.9998639355770181
0,392209,392210,3,780445,780507,780502,2,1,0.9949493364592009
0,392221,392224,3,780530,780528,780521,2,1,0.9999699492474555
0,392223,392224,3,780534,780529,780527,2,1,0.9998596165346819
0,392950,411829,3,781983,781986,781984,0,0,0.9995417465387079
0,393215,393217,3,782529,782530,782520,2,0,0.9996245800027506
0,393216,393217,3,782528,782537,782534,2,1,0.999998799930549
0,393391,393406,3,782881,782890,782888,0,0,0.999907110163549
0,393406,393407,3,782907,782891,782915,0,0,0.9974226182809196
0,393407,393431,3,782893,782908,782916,0,0,0.988715596024433
0,393413,393431,3,782892,782941,782938,0,0,0.9953560531283006
0,393463,395353,3,782952,783021,783023,0,0,0.9995804608917004
0,394405,394406,3,784898,784894,784900,1,0,0.9994055180566755
0,394406,394409,3,784897,784899,784902,2,1,0.9987101692187127
0,394680,394692,3,785469,785474,785472,0,0,0.9946852034788561
0,394680,394710,3,785476,785471,785473,0,0,0.9966069347698528
0,394692,394693,3,785500,785475,785502,0,0,0.9987798246483393
0,394693,394715,3,785478,785505,785503,3,2,0.9998919866024856
0,394710,394711,3,785530,785521,785477,0,0,0.99943583794702
0,394711,394715,3,785479,785533,785530,0,0,0.9995884040424822
0,395352,395353,3,783020,786778,786776,0,0,0.9587439597725929
0,395454,395455,4,786994,786986,786983;786996,0,0,0.9944828272898143
0,395699,395712,3,787518,787516,787507,0,0,0.6655748962260011
0,395711,395712,3,787517,787548,787536,1,0,0.6909985759073711
0,397642,397644,3,791379,791387,791390,0,0,0.9996283952396762
0,397642,397652,3,788807,791388,791386,0,0,0.999339725434925
0,397644,397645,3,791391,791397,791394,0,0,0.9996025310209528
0,397645,397655,3,791398,791393,791395,0,0,0.9990008173983458
0,397652,397653,3,788831,791389,791412,0,0,0.9999712599189975
0,397653,397655,3,791414,791413,791392,0,0,0.9999473190637337
0,397675,397676,3,791448,791453,791456,0,0,0.9910846514824568
0,397675,397687,3,791411,791454,791452,0,0,0.9999253246555018
0,397696,397699,3,791494,791497,791469,0,0,0.9965847159915672
0,397699,397760,3,791497,791503,791476,0,0,0.9798230949607651
0,397756,397760,3,791496,791620,791618,0,0,0.9996625847675246
0,397788,397789,3,791684,791692,791694,1,0,0.9999998525301853
0,397789,399185,3,791698,791688,791697,0,0,0.9996353156222767
0,397790,397792,3,791687,791701,791702,0,0,0.9999987099249349
0,397926,397927,3,791962,791958,791965,4,1,0.9999988733120079
0,397926,397999,3,791957,791963,791960,2,0,0.998378978129831
0,398344,398348,3,792772,792767,792775,0,0,0.9979792948500421
0,398344,398351,3,792770,792777,792774,0,0,0.9988236167677725
0,398346,398348,3,792786,792783,792766,0,0,0.999626498187598
0,398346,398353,3,792784,792769,792787,0,0,0.9993191713084605
0,398349,398351,3,792796,792771,792793,1,0,0.9998947084425192
0,398349,398353,3,792768,792794,792792,1,0,0.9998841746155944
0,398530,398531,3,793084,793079,793086,0,0,0.9982572013219505
0,398531,398674,3,793081,793085,793088,0,0,0.9955692518997749
0,398674,398677,3,793366,793355,793368,0,0,0.9425254828781353
0,398677,398679,3,793367,793359,793372,0,0,0.9484988774073304
0,398787,398788,3,793600,793590,793597,1,0,0.9999170650537417
0,398787,398800,3,793589,793599,793596,1,0,0.9996235414483399
0,398788,398791,3,793601,793593,793602,1,0,0.9996244280887432
0,398800,398802,3,793599,793624,793615,1,1,0.9994874275450419
0,398880,398883,3,793780,793754,793783,0,0,0.9962214797011917
0,398883,398885,3,793781,793759,793786,2,0,0.9913664367538796
0,399163,399167,3,794386,794388,794365,1,0,0.9997843456819459
0,399167,399170,3,794389,794396,794371,2,0,0.9580635563323403
0,400156,400160,3,796322,796321,796324,0,0,0.9997012576348752
0,400156,400162,3,796326,796172,796322,0,0,0.9990048656363157
0,400160,400161,3,796333,796337,796325,0,0,0.9998576625109153
0,400161,400167,3,796329,796339,796337,0,0,0.99838394412974
0,400162,400163,3,796327,796342,796340,0,0,0.998174903572256
0,400163,400167,3,796344,796341,796329,0,0,0.9992239698565011
0,401826,401832,3,799718,799720,799548,0,0,0.998589606166676
0,401832,401834,3,799728,799719,799577,0,0,0.9995735115807967
0,401920,401922,3,799901,799903,799839,2,1,0.9995515656172469
0,401921,401922,3,799906,799900,799843,0,0,0.9988187235597732
0,402123,402124,3,800340,800316,800342,2,1,0.9995720567226266
0,402123,402127,3,800315,800341,800338,0,0,0.9996673806826212
0,402316,402318,3,800687,800741,800738,2,0,0.9838630888385675
0,402316,402320,3,800740,800743,800690,2,1,0.997898382038687
0,402624,402625,3,801353,801359,801356,2,1,0.9998381460127287
0,402624,402793,3,801351,801357,801354,4,1,0.9997467403288306
0,402625,402629,3,801347,801359,801360,1,1,0.9997864521885143
0,402629,402800,3,801372,801370,801361,0,0,0.9999433843073765
0,402793,402799,3,801698,801696,801354,1,1,0.998842662082704
0,402799,402800,3,801699,801710,801371,3,2,0.9999640270961041
0,403196,403199,3,802203,802452,802450,2,1,0.9995658989085044
0,403199,403202,3,802453,802459,802207,0,0,0.9991987288030353
0,403324,432991,3,802714,802699,802705,0,0,0.9732565317483869
0,403586,407321,3,803316,803321,803323,0,0,0.8927171430334729
0,403673,403692,3,803500,803498,803493,2,0,0.9875287645956237
0,404743,404746,3,805570,805572,805523,0,0,0.9999914798359257
0,404746,404760,3,805573,805579,805527,2,1,0.9955333977468671
0,404865,404960,3,805828,805826,805830,0,0,0.9796325170531394
0,404960,405137,3,806018,805829,806017,0,0,0.9872324671465081
0,405140,405141,3,806386,806388,806382,0,0,0.9942296286896529
0,405141,405151,3,806390,806387,806385,0,0,0.997441953270395
0,405153,405156,3,806414,806416,806412,0,0,0.9877770222596234
0,405156,405192,3,806420,806415,806419,0,0,0.9970316661365748
0,405378,405379,3,806874,806876,806865,0,0,0.9830669772552832
0,405379,405383,3,806875,806867,806878,0,0,0.9998482428668142
0,405923,405924,3,808030,808027,807973,0,0,0.9944991908896456
0,405923,433551,3,807975,808031,808028,0,0,0.9959621528245634
0,405935,405936,3,808056,808035,808053,0,0,0.9884351249768444
0,405935,433554,3,808037,808057,808054,1,0,0.978152331301822
0,405936,405938,3,808058,808060,808053,0,0,0.9993868047063693
0,405938,433557,3,808066,808061,808062,0,0,0.9993232530160204
0,406070,406072,3,808318,808334,808338,1,1,0.9999983938566498
0,406070,433565,3,808336,808321,808339,0,0,0.9994589973704631
0,406072,406075,3,808342,808335,808344,1,1,0.9980057078110709
0,406075,433571,3,808352,808345,808340,1,1,0.9962253767699645
0,406655,406662,3,809607,809608,809602,0,0,0.9932671630003346
0,406661,406662,3,809606,809617,809620,0,0,0.9969759112429084
0,406679,406696,3,809650,809641,809654,0,0,0.9999200755552822
0,406694,406696,3,809651,809672,809676,0,0,0.9995890313773317
0,406705,406707,3,809698,809695,809693,0,0,0.9991526918935446
0,406705,406708,3,809694,809687,809696,1,0,0.998281660169888
0,406707,406709,3,809695,809704,809702,0,0,0.9996767289517811
0,406772,410579,3,809834,809829,809833,0,0,0.9993237835839802
0,406773,410580,3,809831,809836,809838,2,1,0.9926196308529899
0,406806,406889,3,809926,809929,809883,1,1,0.999443162292204
0,406806,434615,3,809928,809921,809886,2,1,0.9994909613748384
0,406821,406847,3,809964,809967,809959,1,0,0.999973971904955
0,406821,434655,3,809966,809968,809962,0,0,0.9999741829730723
0,406846,406847,3,810032,810031,809958,1,1,0.9995987960331459
0,406846,434662,3,810024,810033,809961,1,0,0.9999507488274768
0,406867,406889,3,810086,810082,809882,1,0,0.9980319994654573
0,406867,434671,3,810084,810087,809885,0,0,0.9986483679486355
0,407320,407321,3,803320,811023,811030,0,0,0.9908881018501519
0,407544,407546,3,811422,811418,811417,0,0,0.9906780397749485
0,407544,407661,3,811420,811422,803751,0,0,0.9997804081995173
0,407661,407664,3,811638,811641,811421,0,0,0.9818142410327771
0,407664,407666,3,811644,811639,811427,2,1,0.9749847218588494
0,407666,407674,3,811650,811648,811433,0,0,0.9944956539374012
0,407674,407680,3,811649,811669,811446,0,0,0.9981536838726277
0,409335,409356,3,814806,814803,814796,2,1,0.9987940504542815
0,409335,409439,3,814804,814799,814807,0,0,0.9999841399705107
0,409342,409356,3,814828,814830,814797,2,1,0.9977705869102129
0,409342,409444,3,814800,814823,814830,1,1,0.9998801339557004
0,409426,409439,3,814799,814975,814980,0,0,0.9999967100866208
0,409426,409444,3,814801,814970,814981,0,0,0.9998505193691014
0,409524,409525,3,815162,815165,815155,2,1,0.9981412321340202
0,409524,409657,3,815164,815152,815161,2,1,0.9980465612299342
0,409789,409790,3,815589,815663,815660,0,0,0.9874771452782286
0,409789,409808,3,815662,815586,815658,2,1,0.9901354075533227
0,410121,410125,3,816301,816316,816320,2,1,0.9992532255484332
0,410122,410126,3,816324,816315,816327,2,1,0.9998475562503413
0,410347,410349,3,816673,816777,816775,0,0,0.9995844988570582
0,410347,410351,3,816776,816765,816772,2,1,0.9999742527667375
0,410348,410349,3,816780,816677,816774,0,0,0.9997597989908794
0,410348,410352,3,816778,816780,816771,0,0,0.9998585332628783
0,410350,410351,3,816784,816773,816787,4,2,0.9996997750619528
0,410350,410352,3,816786,816782,816770,1,1,0.9993434641344218
0,410579,410582,3,817192,809835,817189,0,0,0.9998921660349394
0,410580,410582,3,817188,809837,817194,0,0,0.9931000617486148
0,411038,411042,3,817944,769319,817947,0,0,0.9949643439906126
0,411039,411042,3,817948,769321,817945,0,0,0.9968426798738419
0,411455,411458,3,818760,818762,818743,2,1,0.9980571004762593
0,411458,411463,3,818748,818763,818770,2,1,0.9993789820862788
0,411461,411465,3,818769,818773,818776,2,1,0.999538345096006
0,411463,411465,3,818780,818772,818771,2,1,0.9998016755473151
0,411471,411472,3,818794,818796,818571,0,0,0.9994586772176016
0,411472,411474,3,818797,818799,818575,2,1,0.9988434796770851
0,411829,411830,3,819506,781987,819511,0,0,0.9999717160871602
0,412078,412079,3,820012,820014,820007,0,0,0.9999993835620116
0,412078,412080,3,820014,820010,820001,0,0,0.9999396111469736
0,412079,412089,3,820016,820012,820018,0,0,0.9999483063821566
0,412089,412091,3,820036,820017,820035,0,0,0.9999641846168422
0,412098,412124,3,820058,820056,820053,0,0,0.9899929316767746
0,412123,412124,3,820110,820057,820113,0,0,0.9998578994176076
0,412527,412528,3,820885,820895,820892,1,0,0.998593418318872
0,412527,412541,3,820889,820893,820890,0,0,0.9996649201094698
0,412528,412546,3,820887,820896,820895,3,1,0.9996604428087538
0,412541,412548,3,820890,820920,820922,1,0,0.9997447961766912
0,412546,412549,3,820930,820897,820928,0,0,0.9999091847111259
0,412548,412549,3,820923,820938,820929,0,0,0.999973472388109
0,412677,412681,3,821170,821168,821159,3,1,0.9987927475968525
0,412680,412681,3,821169,821181,821167,2,0,0.998897611286349
0,413520,413521,3,822798,822774,822800,2,1,0.9998144196358487
0,413520,413524,3,822796,822773,822799,2,1,0.9996241161122252
0,413523,413529,3,822786,822806,822805,2,1,0.9997639277629248
0,413524,413526,3,822810,822808,822796,2,1,0.9998807829148352
0,413526,413532,3,822814,822812,822803,2,1,0.999826421791753
0,413529,413531,3,822793,822817,822819,2,1,0.9999138675032383
0,413530,413531,3,822816,822825,822822,2,1,0.9996855895218261
0,413570,413573,3,822904,822907,822902,0,0,0.9952172165979221
0,413573,413606,3,822910,822905,822909,0,0,0.9977124578357506
0,413606,413615,3,822911,822967,822970,0,0,0.9954511575748282
0,413609,413615,3,822978,822966,822921,1,0,0.9810613019619828
0,413724,413725,4,823001,823211,823208;818662,2,2,0.999677370783064
0,413724,413726,3,823210,822999,823207,2,1,0.9485298286891157
0,413724,413728,3,818661,823209,823206,2,1,0.9402318383372432
0,414971,414981,3,825694,825680,825692,1,0,0.892467054360443
0,414981,414982,3,825695,825707,825712,2,1,0.8851611238310897
0,415036,415045,3,825824,825821,825826,1,0,0.9972999500439055
0,415036,415054,3,825823,825828,825826,0,0,0.9950742794862857
0,415045,415046,3,825825,825844,825846,0,0,0.9895913579731234
0,415054,415055,3,825856,825829,825862,0,0,0.9953837877190517
0,415676,415678,3,827039,827042,827040,2,1,0.9995585983112377
0,415678,415682,3,827045,827043,827047,1,1,0.9993711096940172
0,415854,415856,3,827380,827352,827375,2,0,0.9997734481581831
0,416061,416062,3,827792,827795,827785,2,1,0.9993875761675098
0,416061,416123,3,827794,827791,827782,2,0,0.9985835689937179
0,416070,416071,3,827810,827806,827801,2,0,0.9995065952810863
0,416070,416079,3,827808,827811,827803,0,0,0.9998715554175303
0,416077,416078,3,827824,827827,827805,2,1,0.9990889918416164
0,416077,416079,3,827826,827823,827803,0,0,0.9990284043495774
0,416120,416121,3,827910,827897,827786,2,1,0.9999198139006295
0,416120,416123,3,827908,827911,827783,2,1,0.9995546578105358
0,416622,416624,3,828922,828931,828934,0,0,0.9981595098095974
0,416622,416667,3,828930,828921,828932,0,0,0.9998747455094854
0,416624,416625,3,828938,828925,828935,0,0,0.9991236715894257
0,416625,416670,3,828940,828939,828937,0,0,0.9992932099107605
0,416667,416668,3,829020,828933,829022,0,0,0.999344676521565
0,416668,416670,3,828937,829025,829023,0,0,0.9995576991073564
0,417024,417025,3,829726,829728,829721,2,1,0.9996909531823128
0,417025,417027,3,829713,829729,829731,2,1,0.9998923019463897
0,417027,417031,3,829731,829732,829734,2,1,0.9996160734037655
0,417030,417031,3,829733,829739,829742,2,1,0.9995772641610186
0,417287,417298,3,830247,830249,830252,1,0,0.9988377911410358
0,417287,417361,3,830248,830244,830251,0,0,0.9994945159028518
0,417298,417299,3,830278,830280,830252,0,0,0.9998325063475629
0,417299,417366,3,830255,830283,830278,2,0,0.9993746379248334
0,417361,417362,3,830251,830423,830428,0,0,0.9996035180621042
0,417362,417366,3,830430,830254,830429,1,0,0.9994088513571399
0,417573,435000,3,830824,830826,830805,1,0,0.9942432155362474
0,417578,435017,3,830838,830837,830835,0,0,0.9980622483389925
0,418216,418217,3,831737,832142,832140,1,0,0.9981722331124275
0,418819,418833,3,833351,833357,833354,0,0,0.9998027525283107
0,418819,418900,3,833356,833353,833358,0,0,0.9998036641588683
0,418833,418834,3,833388,833387,833355,0,0,0.9999699389958427
0,418834,418905,3,833388,833392,833361,1,0,0.9978805388488341
0,418900,418901,3,833504,833514,833359,0,0,0.9998526590683671
0,418901,418905,3,833516,833515,833360,0,0,0.9975213393648144
0,419043,419065,3,833786,833775,833783,0,0,0.9981175846992056
0,419043,419152,3,833782,833781,833784,0,0,0.9966863393770663
0,419065,419069,3,833828,833825,833787,1,1,0.9993783976841333
0,419069,419175,3,833838,833829,833789,0,0,0.9999694344604352
0,419152,419155,3,834008,833785,834010,0,0,0.9977181934109524
0,419155,419175,3,834011,834017,833788,1,0,0.9984976314924865
0,419180,419181,3,834068,834058,834065,0,0,0.9999661384212178
0,419180,419183,3,834062,834067,834064,0,0,0.9994347696668454
0,419181,419188,3,834061,834068,834070,0,0,0.9999810900150755
0,419183,419198,3,834072,834067,834074,0,0,0.9990718465382687
0,419188,419199,3,834070,834083,834081,0,0,0.9991636212002634
0,419198,419199,3,834080,834103,834075,0,0,0.999509461314336
0,419533,419547,3,834763,834768,834766,2,1,0.8438219830705843
0,419547,419549,3,834779,834769,834793,2,1,0.7373599323791501
0,419574,419576,3,834846,834838,834849,0,0,0.9833132197976594
0,419576,419585,3,834841,834847,834852,1,0,0.9579111009517353
0,419579,419582,3,834858,834861,834837,2,1,0.9666589278636463
0,419582,419585,3,834840,834861,834867,2,0,0.9683226011906807
0,420874,420878,3,837437,837438,837440,1,1,0.9610504693740518
0,420877,420878,3,837439,837446,837450,0,0,0.9562342470915757
0,421255,421258,3,838209,838215,838218,0,0,0.9997704738864567
0,421255,421262,3,838190,838217,838219,0,0,0.9994314005653172
0,421257,421258,3,838224,838215,838227,0,0,0.9997239777473068
0,421257,421264,3,838226,838223,838212,2,1,0.9993845090547434
0,421261,421262,3,838205,838216,838230,2,1,0.9999902675225705
0,421261,421264,3,838228,838213,838231,1,1,0.9989954682248561
0,421352,421360,3,838406,838405,838408,0,0,0.9997217642827395
0,421359,421360,3,838407,838424,838421,1,0,0.9982155975384011
0,421600,421601,3,838895,838903,838900,0,0,0.9940262427084208
0,421600,421608,3,838831,838898,838902,0,0,0.9383955610102637
0,421601,421604,3,838904,838897,838901,0,0,0.9980412561368961
0,421604,421612,3,838910,838909,838905,0,0,0.9991409306728833
0,421608,421611,3,838920,838899,838922,0,0,0.994430267413087
0,421611,421612,3,838923,838924,838908,0,0,0.9993437355283211
0,421837,421839,3,839317,839376,839374,1,0,0.9999174200883785
0,421837,425455,3,839376,839371,839372,1,0,0.9999990274480158
0,421839,421841,3,839380,839382,839374,0,0,0.9997341293285398
0,421841,425468,3,839386,839381,839379,0,0,0.9992176264406976
0,422221,422292,3,840238,840251,840254,0,0,0.9951035251278029
0,422224,422294,3,840262,840237,840265,2,1,0.9892698233406563
0,422286,422292,3,840239,840342,840351,0,0,0.9967638248638846
0,422286,422294,3,840236,840349,840350,0,0,0.998731570909279
0,422691,422698,3,841088,841090,841087,2,1,0.9918100444779473
0,422698,422699,3,841091,841103,841097,2,1,0.9989149112981693
0,422733,422735,3,841170,841168,841157,0,0,0.982641695619841
0,422735,422918,3,841169,841177,841161,0,0,0.9944209117622755
0,423060,423098,3,841794,841796,841787,1,0,0.9999079270023735
0,423098,423100,3,841797,841870,841818,1,1,0.999935212918925
0,423175,423176,3,842042,842045,842015,0,0,0.9999957308295351
0,423175,423186,3,842044,842040,842012,0,0,0.9999867527605891
0,423253,423293,3,842177,842182,842180,0,0,0.9987252868597593
0,423293,423294,3,842183,842259,842211,2,1,0.9989243501441921
0,423315,423316,3,842302,842305,842299,2,1,0.9999957577036607
0,423315,423318,3,842297,842303,842300,2,1,0.9996846793036781
0,423384,423388,3,842462,842458,842457,0,0,0.9954667112243305
0,423387,423388,3,842459,842464,842466,1,0,0.9897294990295988
0,423454,423507,3,842588,842590,842579,2,1,0.9988733889555044
0,423454,423613,3,842586,842589,842577,2,1,0.9957834492482168
0,423716,423717,3,843100,843103,843093,2,1,0.9833660291351166
0,423716,423718,3,843102,843098,843090,2,1,0.9878213832125888
0,423718,423734,3,843106,843105,843097,2,0,0.9746602678643473
0,423734,423735,3,843107,843142,843140,2,1,0.9981603120030441
0,423829,423830,3,843326,843328,843314,2,1,0.8154872194377918
0,423830,423857,3,843330,843327,843317,2,1,0.9925546712322947
0,424041,424090,3,843758,843752,843760,0,0,0.999173112334199
0,424090,424096,3,843854,843759,843781,2,0,0.9799001401460559
0,424266,424269,3,844230,844149,844229,0,0,0.9997617615692
0,424269,424271,3,844236,844231,844235,0,0,0.9972274217395386
0,424271,424280,3,844240,844233,844239,1,1,0.45043428658810336
0,424280,424282,3,844264,844258,844263,0,0,0.4945473469091063
0,424282,424383,3,844260,844267,844268,0,0,0.25916558468728285
0,424381,424385,3,844492,844489,844494,0,0,0.9998794907364913
0,424383,424385,3,844488,844497,844498,0,0,0.775096680275131
0,424913,424931,3,838351,845545,845542,2,1,0.9997730179107558
0,424913,425000,3,845544,838353,845547,2,1,0.9993821602581479
0,425071,425109,3,845858,845822,845853,2,1,0.7811800385308629
0,425075,425097,4,845872,845877,845874;845865,2,0,0.9763095448328145
0,425100,425108,3,845924,845915,845923,1,1,0.9962823018426464
0,425102,425113,4,845866,845921,845926;845928,0,0,0.9984305544370831
0,425106,425108,3,845914,845931,845932,1,0,0.9972271598579353
0,425106,425109,3,845917,845932,845852,0,0,0.9999243762924318
0,425455,425457,3,846633,846635,839373,0,0,0.999919490842805
0,425457,425468,3,846638,839378,846635,1,0,0.999945768625166
0,425830,425831,3,847329,847345,847342,1,0,0.9999918553652679
0,425830,425842,3,847327,847343,847340,1,0,0.9999999880828582
0,425831,425833,3,847334,847345,847346,1,1,0.999960281353286
0,425833,425845,3,847350,847348,847347,2,1,0.9996140040847813
0,425842,425844,3,847368,847367,847341,1,0,0.9999967245849134
0,425844,425845,3,847369,847372,847349,0,0,0.9999922955485514
0,425887,425889,3,847456,847469,847470,2,0,0.9994538070173361
0,425887,425897,3,847470,847472,847466,0,0,0.999841857063585
0,425888,425889,3,847474,847463,847468,0,0,0.9991309832781012
0,425888,425898,3,847399,847465,847475,0,0,0.999624397670766
0,425896,425897,3,847480,847482,847467,0,0,0.9978076235190468
0,425896,425898,3,847482,847479,847464,0,0,0.9990282726168108
0,425983,425984,3,847600,847608,847612,0,0,0.9999990705982061
0,425983,426159,3,847608,847606,847610,1,0,0.9999871526533439
0,425984,425987,3,847603,847613,847614,0,0,0.998543780887231
0,425987,426163,3,847615,847621,847619,0,0,0.9994191810104713
0,426072,426077,3,847798,847800,847792,2,0,0.9971854917858769
0,426077,426113,3,847812,847801,847810,2,0,0.9994146976138074
0,426113,426121,3,847873,847875,847811,0,0,0.9999740771190405
0,426116,426121,3,847821,847873,847878,0,0,0.9985423311325544
0,426151,426416,3,847942,847944,847933,1,1,0.81410835449769
0,426159,426162,3,847952,847955,847611,0,0,0.9999864808500383
0,426162,426163,3,847955,847957,847618,0,0,0.999998264614649
0,426296,426299,3,848223,848230,848228,1,0,0.9994590645899355
0,426296,426302,3,848230,848225,848226,0,0,0.9999997886847765
0,426299,426305,3,848236,848239,848229,0,0,0.9999972336063994
0,426302,426309,3,848242,848244,848227,2,1,0.9999594705685236
0,426305,426312,3,848248,848237,848247,2,1,0.9997799170354624
0,426309,426312,3,848260,848245,848246,3,1,0.9955183393220266
0,426412,426416,3,848456,848454,847932,2,1,0.9991627131635826
0,426630,426632,3,848812,848820,848824,0,0,0.9999176615532653
0,426630,426643,3,848820,848799,848823,0,0,0.9999315953344196
0,426632,426633,3,848828,848815,848825,2,1,0.9995979675579045
0,426633,426646,3,848830,848827,848829,0,0,0.9999960829489312
0,426643,426644,3,848850,848823,848852,0,0,0.9999981765186798
0,426644,426646,3,848827,848855,848853,0,0,0.999962804905192
0,426996,426999,3,849539,849542,849540,1,1,0.9998239534804316
0,426996,427001,3,849544,849476,849540,1,1,0.99998908727419
0,426999,427000,3,849550,849543,849552,1,0,0.998734650075622
0,427000,427005,3,849553,849554,849547,1,0,0.9998432345463105
0,427001,427002,3,849545,849485,849556,0,0,0.9999947354416556
0,427002,427005,3,849558,849547,849557,0,0,0.9999999544723711
0,427358,427365,3,850255,850257,850260,2,1,0.9907923534059392
0,427358,427406,3,850253,850259,850256,0,0,0.9890010165708056
0,427365,427368,3,850261,850279,850276,0,0,0.9975379923574987
0,427368,427416,3,850277,850283,850263,0,0,0.9950409988777918
0,427406,427409,3,850370,850372,850259,0,0,0.9916197619159717
0,427409,427416,3,850378,850373,850262,0,0,0.9956782324324625
0,427554,427556,3,850674,850645,850671,0,0,0.9990904559584949
0,427554,427558,3,850670,850668,850672,0,0,0.9991956790829104
0,427556,427557,3,850678,850647,850675,0,0,0.9991650166642457
0,427557,427561,3,850679,850681,850677,0,0,0.9995073374852207
0,427558,427559,3,850684,850686,850673,0,0,0.9993336464696593
0,427559,427561,3,850676,850689,850687,0,0,0.9989842289608128
0,427910,427915,3,851380,851375,851379,2,1,0.7159721940966021
0,427915,427916,3,851381,851383,851388,0,0,0.8095441442318608
0,428179,428183,3,851922,851915,851925,2,1,0.9791267730905551
0,428179,428212,3,851913,851923,851920,2,1,0.9762573580762305
0,428301,428302,3,852168,852161,852170,0,0,0.9998846454449679
0,428301,428305,3,852159,852169,852166,0,0,0.9999756572581154
0,428302,428304,3,852107,852171,852173,2,1,0.9999964540570087
0,428304,428308,3,852176,852173,852174,2,1,0.9999984770628203
0,428305,428307,3,852180,852178,852167,1,0,0.9999997086182982
0,428307,428308,3,852175,852185,852180,2,0,0.9979379678026018
0,428648,428652,3,852860,852858,852857,2,1,0.9353101287816801
0,428651,428652,3,852859,852869,852864,2,1,0.9918189412728935
0,428667,428668,3,852893,852900,852898,1,0,0.9674217722766222
0,428668,428682,3,852895,852901,852903,0,0,0.9987307074426203
0,428770,428826,3,853113,853118,853116,0,0,0.9997674572600936
0,428770,432247,3,853120,853115,853117,0,0,0.9999433434868991
0,428826,428830,3,853236,853119,853238,0,0,0.9998156571161699
0,428830,432321,3,853122,853245,853239,1,0,0.9896916547441356
0,429192,429196,3,853956,853958,853901,0,0,0.9997443452650838
0,429195,429199,3,853966,853961,853965,1,0,0.9986827599442654
0,429196,429197,3,853959,853969,853907,1,1,0.999996136559722
0,429197,429199,3,853960,853969,853970,2,1,0.99999683273744
0,429362,429366,3,854302,854312,854310,0,0,0.9993119366169778
0,429365,429369,3,854315,854319,854322,2,1,0.9983848133946631
0,429366,429367,3,854293,854313,854325,1,0,0.9995508502949346
0,429367,429369,3,854326,854314,854325,1,0,0.9972695166463174
0,430182,430183,3,855875,855879,855858,2,1,0.9999497672203224
0,430183,430236,3,855861,855877,855880,2,1,0.9999981636862353
0,430233,430236,3,855877,855967,855979,2,1,0.9999952216577958
0,430414,430418,3,856344,856340,856339,0,0,0.8429397270529672
0,430417,430418,3,856341,856346,856348,2,1,0.9150363640177525
0,430448,430452,3,856412,856408,856345,0,0,0.9708047377177033
0,430449,430453,3,856416,856407,856419,2,1,0.9999476618927678
0,430451,430452,3,856349,856409,856423,0,0,0.9800638501886091
0,430451,430453,3,856406,856401,856422,2,1,0.9999592811739446
0,430525,430527,3,856554,856561,856562,2,1,0.9999649968700305
0,430526,430527,3,856560,856559,856566,2,1,0.9999999214118925
0,430666,430667,3,856842,856846,856850,1,0,0.9948220954983928
0,430666,430723,3,856840,856851,856848,0,0,0.9999191552761403
0,430667,430675,3,856852,856854,856847,0,0,0.9916319271101596
0,430675,430727,3,856855,856870,856868,0,0,0.9963973177961315
0,430723,430725,3,856972,856889,856849,0,0,0.9964897318582718
0,430725,430727,3,856974,856869,856973,0,0,0.9546609247172129
0,430818,430823,3,857164,857166,857151,1,1,0.997600720517693
0,430818,430836,3,857166,857159,857154,2,1,0.9998622709310102
0,430821,430823,3,857176,857172,857150,2,1,0.9991792610209004
0,430821,430839,3,857174,857153,857177,0,0,0.9995250487671291
0,430834,430836,3,857155,857199,857205,0,0,0.9999999615595387
0,430834,430839,3,857204,857201,857153,0,0,0.9999920563992164
0,430920,430924,3,857373,857374,857378,2,0,0.995218889483561
0,430920,430936,3,857376,857378,857371,0,0,0.9991695876993955
0,430924,431051,3,857384,857375,857386,4,2,0.9961272735464303
0,430936,431066,3,857408,857377,857411,2,0,0.9933137468103576
0,431026,431027,3,857605,857617,857614,2,1,0.9990828845234995
0,431026,433540,3,857616,857613,857603,2,1,0.999447889403377
0,431976,431979,3,859550,859502,859548,2,1,0.9205541073761055
0,431979,432021,3,859556,859551,859507,1,0,0.46652310909667183
0,432223,432225,3,859803,860019,860022,0,0,0.9809696748254525
0,432223,432227,3,860018,860001,860020,0,0,0.9993370377928189
0,432247,432250,3,853121,860065,860062,0,0,0.9996468350927041
0,432250,432321,3,853123,860068,860063,0,0,0.9999710668937426
0,432295,432298,3,860164,860167,860049,0,0,0.9974005093673559
0,432298,432299,3,860167,860168,860082,0,0,0.9994393492157605
0,432713,432714,3,861044,861047,860935,0,0,0.9953035207074235
0,432713,432720,3,861046,861042,860932,2,1,0.9967831309048371
0,432735,432991,3,802698,861077,861082,0,0,0.8921313986688787
0,432741,432743,3,861102,860595,861099,2,1,0.9995393231712804
0,432741,432764,3,860597,861103,861100,0,0,0.963681116351608
0,433565,433568,3,808337,862477,862480,0,0,0.9976162905202368
0,433568,433571,3,808341,862487,862481,0,0,0.9997552539161116
0,433592,433602,3,862528,862525,862530,0,0,0.4655028249644186
0,433602,433605,3,862529,862547,862548,0,0,0.23574546814308778
0,433638,433642,3,862598,862624,862623,2,1,0.9987266853613093
0,433642,433643,3,862625,862631,862627,2,1,0.981972909541507
0,433843,433994,3,863028,863026,863030,2,1,0.9981566727115111
0,433994,434035,3,863029,863313,863314,2,1,0.9983107639951968
0,434292,434294,3,863864,863874,863873,3,1,0.9999864341039326
0,434292,434304,3,863874,863863,863870,3,1,0.9996982353708735
0,434293,434294,3,863872,863881,863878,0,0,0.9996897789373834
0,434293,434305,3,863876,863879,863869,1,0,0.9997928253174181
0,434303,434304,3,863888,863907,863871,2,1,0.999842908267411
0,434303,434305,3,863906,863905,863869,1,0,0.9990813336088522
0,434605,434615,3,864451,864455,809887,0,0,0.999371774578385
0,434605,434671,3,864454,864453,809884,0,0,0.9998764496905369
0,434654,434655,3,864534,864538,809963,2,1,0.9998886955333381
0,434654,434662,3,864538,864533,809960,2,1,0.9999818077383469
0,434751,434754,3,864671,864694,864692,1,0,0.8924509978166867
0,434754,434755,3,864676,864695,864696,2,0,0.8592096646142897
0,434797,434798,3,864779,864787,864784,0,0,0.99887974671331
0,434797,435108,3,864786,830669,864782,0,0,0.9982147200441056
0,434798,434808,3,864788,864790,864784,0,0,0.9990093321152592
0,434805,434811,3,864804,864770,864800,0,0,0.9995686402767049
0,434805,434822,3,864802,864805,864773,1,1,0.9986917423169807
0,434808,435111,3,864789,864812,864811,2,1,0.9881545014994678
0,434846,434848,3,864882,864874,864880,0,0,0.9992342942092083
0,434848,434849,3,864884,864883,864877,1,0,0.9943907852592249
0,435000,435014,3,830827,865184,865182,1,1,0.9937890844082908
0,435014,435017,3,865210,830836,865185,0,0,0.9938643666500206
0,435108,435110,3,836959,865360,864783,2,2,0.9993149839589384
0,435110,435111,3,865362,865361,864810,0,0,0.9984322362728645
0,435227,435230,3,865576,865578,865566,0,0,0.8890955328194771
0,435230,435232,3,865582,865577,865571,2,1,0.9291215753547285
0,435926,435929,3,866824,866826,866823,2,0,0.9978172093022427
0,435926,436065,3,866816,866825,866828,2,1,0.9973641414067924
0,435929,435930,3,866827,866836,866834,2,1,0.9982979006257457
0,435930,436069,3,866837,866839,866831,0,0,0.9994804321134013
0,435999,436003,3,866970,866972,866969,0,0,0.9908420157902668
0,436003,436004,3,866973,866979,866974,1,0,0.9999806252488814
