loop_id,v0,v1,length_mm,local_median_mm,ratio_to_local_median,max_adjacent_normal_jump_deg,first_new_face_index
0,982,990,0.8450935502189972,0.51585616357356,1.6382348605949895,10.189444647478247,870466
0,966,990,0.8493478545772066,0.51585616357356,1.6464819353778863,10.189444647478247,870466
0,966,982,0.9372233725566258,0.51585616357356,1.816830812031152,10.189444647478247,870466
2,1163,1166,0.8570752774255616,0.5621355585900082,1.5246772141142324,8.643345589987732,870470
2,1149,1166,0.8609708272640152,0.5621355585900082,1.5316071259102852,8.643345589987732,870470
2,1149,1163,0.8849403576926647,0.5621355585900082,1.5742472508096452,8.643345589987732,870470
3,1274,7855,0.7882927978540463,0.5521453481683366,1.42769073482027,49.77390671879026,870474
3,1274,8021,0.8764262681854743,0.5521453481683366,1.587310788894434,49.77390671879026,870474
3,1375,8021,0.8927401814829033,0.5521453481683366,1.6168571997290961,49.77390671879026,870474
3,1384,8034,0.9062415002765769,0.5521453481683366,1.641309671960298,49.77390671879026,870474
3,1375,8023,1.0448080021326638,0.5521453481683366,1.8922698626342962,49.77390671879026,870474
3,1376,8023,0.8941022848041592,0.5521453481683366,1.6193241286378957,49.77390671879026,870474
3,1382,8023,1.0673037706524346,0.5521453481683366,1.933012338495765,49.77390671879026,870474
3,1382,8032,0.9183534619878737,0.5521453481683366,1.6632458555240577,49.77390671879026,870474
3,1382,8034,1.1409342686246604,0.5521453481683366,2.0663658082234093,49.77390671879026,870474
5,1796,1811,0.7916352452796493,0.4859229080882248,1.6291375279963525,4.446626163910207,870484
5,1795,1810,0.8726289881016039,0.4859229080882248,1.795817759518282,4.446626163910207,870484
5,1795,1811,1.0371068663717393,0.4859229080882248,2.134303300192303,4.446626163910207,870484
8,2333,2337,0.9197443429604892,0.5441231101021936,1.6903239834598258,1.865520851257674,870488
8,2331,2333,0.944029380530808,0.5441231101021936,1.7349554962910996,1.865520851257674,870488
8,2331,2337,0.960102425410597,0.5441231101021936,1.7644948497597848,1.865520851257674,870488
10,2570,2670,0.8377039163281783,0.4760264447126292,1.7597844103679763,3.3148488340733646,870492
10,2570,2675,0.8432454254469363,0.4760264447126292,1.7714255895089865,3.3148488340733646,870492
10,2670,2675,0.8531540387200566,0.4760264447126292,1.7922408475333638,3.3148488340733646,870492
12,3926,3927,0.832404249650522,0.5524479816546087,1.5067558888665507,3.810076296686474,870496
12,3927,3957,0.9279662495230944,0.5524479816546087,1.6797350707007563,3.810076296686474,870496
12,3927,3955,1.0814030451661103,0.5524479816546087,1.9574748774124495,3.810076296686474,870496
13,4060,4063,0.8835995673707532,0.5494094805936661,1.608271423376198,1.7978252446633574,870500
13,4133,4136,0.8974302586103666,0.5494094805936661,1.6334451630515103,1.7978252446633574,870500
13,4060,4136,1.096281732026539,0.5494094805936661,1.9953818977458275,1.7978252446633574,870500
14,4098,4101,0.8457590257414056,0.4818138010003395,1.755364881590035,3.734249245298133,870504
14,4118,4121,0.8492922417035171,0.4818138010003395,1.7626980379977093,3.734249245298133,870504
14,4098,4121,1.0026312767462653,0.4818138010003395,2.0809517590915974,3.734249245298133,870504
17,5018,5021,0.9290138466762392,0.5618624716874333,1.6534541698187202,11.343948767893151,870508
17,5017,5018,0.9298531179825781,0.5618624716874333,1.6549479006668015,11.343948767893151,870508
17,5017,5021,0.988771399795321,0.5618624716874333,1.759810362179482,11.343948767893151,870508
19,5275,5279,0.89647672941192,0.5395647560147443,1.6614812576591318,7.0209415547837155,870512
19,5275,6009,0.9137414308309877,0.5395647560147443,1.6934787171421894,7.0209415547837155,870512
19,5279,6009,0.9735226357665193,0.5395647560147443,1.8042739539865658,7.0209415547837155,870512
20,5954,5962,0.8359690259975051,0.49402484244818884,1.692159895957414,2.842031458157954,870516
20,5954,5956,0.8611951147920158,0.49402484244818884,1.743222285187681,2.842031458157954,870516
20,5956,5962,0.9373014252875248,0.49402484244818884,1.8972758953631466,2.842031458157954,870516
21,6101,20131,0.9143238256793514,0.5613071134618207,1.6289190066384975,2.1698656884648218,870520
21,6095,20126,0.9210844017697588,0.5613071134618207,1.6409633508633765,2.1698656884648218,870520
21,6101,20126,1.0371145915214253,0.5613071134618207,1.847677620055617,2.1698656884648218,870520
26,6748,6754,0.536781664284282,0.38652761208100084,1.3887278618837555,59.69367150290399,870525
27,6883,6885,0.8412523150740435,0.5226137936189387,1.6097017058211032,11.194426824438954,870527
27,6857,6883,0.9353782621289366,0.5226137936189387,1.7898078342933352,11.194426824438954,870527
27,6857,6885,0.9565076617700452,0.5226137936189387,1.8302380714954456,11.194426824438954,870527
30,7017,7122,0.818358766679732,0.5172403393745426,1.5821634632544472,50.88402466051459,870531
30,7122,7903,0.8773569081802722,0.5172403393745426,1.6962267661512824,50.88402466051459,870531
30,7023,7908,0.9744887075041941,0.5172403393745426,1.8840152890676805,50.88402466051459,870531
30,7017,7903,0.995358651943746,0.5172403393745426,1.9243639294401391,50.88402466051459,870531
30,7023,7903,1.1965231586314256,0.5172403393745426,2.313282757640839,50.88402466051459,870531
31,7258,7265,0.23808059555597155,0.4743766256236485,0.50188095849574,11.180367981010347,870537
34,7563,7581,0.07150142973527641,0.484125370377009,0.14769197011839147,37.20650703854333,870540
39,8122,8128,0.7853243607153574,0.4718479592789674,1.6643589217073536,3.276464382921758,870542
39,8125,8131,0.8108891031326873,0.4718479592789674,1.7185389640591215,3.276464382921758,870542
39,8122,8131,0.8138794368877411,0.4718479592789674,1.7248764583647522,3.276464382921758,870542
40,8237,31971,0.8572823892261615,0.493374578595287,1.7375893011491914,4.585067609070261,870546
40,8237,31926,0.8666133887069083,0.493374578595287,1.756501908092406,4.585067609070261,870546
40,31926,31971,0.9348958149924217,0.493374578595287,1.894900660780321,4.585067609070261,870546
41,8658,8673,0.24126164936308575,0.5254818181702936,0.45912463765758643,5.8618703200092845,870550
43,9054,9055,0.8501450096452059,0.5096745856852042,1.6680153052997038,2.9982947896247487,870552
43,9058,9059,0.8717196607867257,0.5096745856852042,1.7103455523778759,2.9982947896247487,870552
43,9054,9059,0.9332237318909011,0.5096745856852042,1.831018767860044,2.9982947896247487,870552
45,9086,9095,0.8755091862204021,0.6587318083914273,1.3290829060742164,3.4214198518608367,870557
49,9935,9944,0.9336358968006997,0.6121059365401841,1.525284825822642,11.36764004637161,870560
49,9933,9940,0.9482553899369035,0.6121059365401841,1.549168752220804,11.36764004637161,870560
49,9935,9940,1.1160955102768582,0.6121059365401841,1.8233698509532223,11.36764004637161,870560
50,9950,9952,0.9296900543106211,0.5991422709532612,1.5517016564887738,11.244983693555522,870564
50,9947,9949,0.9572791640739917,0.5991422709532612,1.597749333477872,11.244983693555522,870564
50,9949,9950,1.1173229277594638,0.5991422709532612,1.8648708026922467,11.244983693555522,870564
51,9965,9974,0.08567258962534727,0.46492585361208677,0.184271511166227,45.49518150881567,870568
52,10100,12042,0.20113229716087347,0.4415720700633341,0.4554914379707605,48.24397907902942,870570
53,10434,10438,0.8160899800359451,0.48022335402948585,1.6993966936181886,5.626218875744437,870572
53,10436,10438,0.8533279232485014,0.48022335402948585,1.7769396596153604,5.626218875744437,870572
53,10434,10436,0.9564633382880402,0.48022335402948585,1.9917051727336714,5.626218875744437,870572
54,10464,10471,0.8634328363907625,0.5060296407381181,1.7062890528138228,5.657890568394613,870576
54,10463,10464,0.8780200421786396,0.5060296407381181,1.7351158341197548,5.657890568394613,870576
54,10463,10471,0.9465037123501828,0.5060296407381181,1.8704511280595522,5.657890568394613,870576
55,10481,10489,0.8894084681619829,0.5366957308756273,1.6571931114691363,2.6307051626711213,870580
55,10482,10490,0.9117029667264788,0.5366957308756273,1.6987334056841137,2.6307051626711213,870580
55,10481,10490,0.9426162283132127,0.5366957308756273,1.7563326370703936,2.6307051626711213,870580
56,10727,10732,0.3934620759496041,0.5134605508817461,0.7662946554977335,34.495872228534694,870584
66,12631,436769,0.5561455451119984,0.6136350348655725,0.9063132212355376,26.195926688373312,870588
75,12910,436791,0.5511307229761915,0.6281722810094389,0.8773560050923518,2.847480232962932,870591
84,13203,13222,1.0013791136545431,0.8002972440186519,1.251258980508503,3.171240303679205,870596
87,13403,436836,0.21556875632839068,0.3849778033547051,0.559951130818244,12.350888370686505,870600
95,14838,14839,0.8924552606158757,0.6728279238371415,1.326424229729049,56.50348362904614,870604
96,14895,14898,0.8779121429159876,0.5273796946343793,1.664668078517177,2.9900833315487922,870606
96,14891,14894,0.9417223905878299,0.5273796946343793,1.7856629676284852,2.9900833315487922,870606
96,14894,14895,0.9765552313854124,0.5273796946343793,1.8517118526196514,2.9900833315487922,870606
99,15142,15152,0.12302693288125174,0.4380869120437735,0.280827683957285,56.647283713303494,870611
105,16074,16079,0.4199877867601682,0.4522251518849125,0.9287139050307657,6.203383505679156,870615
106,16076,436877,0.18270985978410909,0.45900423899218906,0.39805702053051906,9.168796440045725,870617
107,16316,16320,0.8369359562104607,0.48732031055410197,1.7174247370458093,2.3784789685239587,870619
107,16381,16385,0.8457453551804919,0.48732031055410197,1.7355019621875534,2.3784789685239587,870619
107,16320,16381,1.0561609026743577,0.48732031055410197,2.167282749765677,2.3784789685239587,870619
110,38273,38276,0.8966565248120912,0.5339435002683901,1.679309747869168,4.143072861704614,870623
110,16917,38276,0.9229718086735184,0.5339435002683901,1.7285945202246695,4.143072861704614,870623
110,16917,38273,0.9870294711504779,0.5339435002683901,1.8485653831432378,4.143072861704614,870623
111,16939,16944,0.3775501630184797,0.48315830584188885,0.7814212411408511,42.33916661767069,870627
113,18282,18296,0.7890713007647534,0.4989487517676883,1.5814676316339336,3.1722997637497286,870629
113,18276,18291,0.7904760871994132,0.4989487517676883,1.584283124066138,3.1722997637497286,870629
113,18282,18291,0.8037140925229737,0.4989487517676883,1.610814917715607,3.1722997637497286,870629
114,18463,18466,0.7859022062961015,0.47520956373689177,1.6538013252848385,2.821272028736869,870633
114,18462,18463,0.832235220319242,0.47520956373689177,1.7513014969118421,2.821272028736869,870633
114,18463,18464,0.8652798959287026,0.47520956373689177,1.8208385562033431,2.821272028736869,870633
115,18875,18887,0.8579169920992935,0.5103345361693133,1.68108746576121,7.938525809777864,870637
115,18876,18888,0.8932418100202878,0.5103345361693133,1.7503064102327137,7.938525809777864,870637
115,18876,18887,0.910136410785909,0.5103345361693133,1.7834113630984083,7.938525809777864,870637
116,19871,19889,0.1499225384040368,0.4549042118104689,0.3295694665199109,12.806507176159599,870641
117,20443,20444,0.8525653182722537,0.5289110973851813,1.611925562702592,5.5652597410116895,870643
117,20439,20444,0.8557280617921103,0.5289110973851813,1.6179052888522085,5.5652597410116895,870643
117,20439,20443,0.8615249778623356,0.5289110973851813,1.6288653842234044,5.5652597410116895,870643
120,21497,41177,0.848293385038861,0.551291155336044,1.5387393337043052,25.90445597483601,870647
120,21375,41073,0.8741554623971607,0.551291155336044,1.585651164427465,25.90445597483601,870647
120,21444,21497,0.9964368977054562,0.551291155336044,1.8074603375381015,25.90445597483601,870647
120,21444,41177,1.0479873275644491,0.551291155336044,1.9009688753770044,25.90445597483601,870647
120,21378,41073,1.107816502172264,0.551291155336044,2.00949442313651,25.90445597483601,870647
120,21378,41080,0.9994998847818358,0.551291155336044,1.8130163618761168,25.90445597483601,870647
120,21444,41082,1.1547832086035372,0.551291155336044,2.0946884371827617,25.90445597483601,870647
120,21379,41082,1.064944561580868,0.551291155336044,1.9317280012078595,25.90445597483601,870647
120,21379,41080,1.179171334852223,0.551291155336044,2.138926633302233,25.90445597483601,870647
123,22434,22448,0.9743294524392174,0.5633636722755817,1.7294857662788785,1.7871641834765737,870659
123,22431,22445,1.0097438710789641,0.5633636722755817,1.7923482126568957,1.7871641834765737,870659
123,22434,22445,1.2390615002173937,0.5633636722755817,2.1993990049313643,1.7871641834765737,870659
125,22872,22882,0.8886499024022935,0.5239231780789119,1.69614542662674,1.6801698709787218,870663
125,22869,22879,0.892479652998077,0.5239231780789119,1.703455182629187,1.6801698709787218,870663
125,22869,22882,1.0794660914665293,0.5239231780789119,2.0603518543017065,1.6801698709787218,870663
126,22999,23002,0.851229091409987,0.5199369258241159,1.6371776058427914,1.8258499190050612,870667
126,22997,23000,0.8891881530238175,0.5199369258241159,1.7101846567531767,1.8258499190050612,870667
126,22999,23000,1.0565927445079164,0.5199369258241159,2.032155617401447,1.8258499190050612,870667
127,23205,23223,0.12334034184230669,0.5052057738532638,0.24413882070581935,13.591432959263432,870671
128,23221,25679,0.9047782838788107,0.5351877124443468,1.6905811976632346,1.7051836338692148,870673
128,23235,25679,0.9329878116341348,0.5351877124443468,1.7432907930059294,1.7051836338692148,870673
128,23221,23235,0.9420698726481117,0.5351877124443468,1.7602606538655832,1.7051836338692148,870673
129,23266,23288,0.8160065618621531,0.5076639523789521,1.6073754262800894,1.917388175291425,870677
129,23286,23312,0.8359768021858056,0.5076639523789521,1.6467129451842195,1.917388175291425,870677
129,23286,23288,0.9130140540976817,0.5076639523789521,1.7984614621921216,1.917388175291425,870677
133,24411,24413,0.9103235059356565,0.5328504116367292,1.7084034957193006,7.035612618247683,870681
133,24413,24539,0.9166924144515547,0.5328504116367292,1.7203560219383107,7.035612618247683,870681
133,24411,24539,0.9522451886148067,0.5328504116367292,1.7870778886889551,7.035612618247683,870681
134,24524,24585,0.8822908009025814,0.5317255744633624,1.6592972828004795,6.553442229296194,870685
134,24583,24585,0.9449602322394296,0.5317255744633624,1.7771577626167767,6.553442229296194,870685
134,24524,24583,0.9595227739356108,0.5317255744633624,1.804545088702941,6.553442229296194,870685
136,25099,25103,0.8722815079527736,0.4939551026742501,1.7659125358363177,4.104328456633306,870689
136,44202,44206,0.8989272542759625,0.4939551026742501,1.8198561962599678,4.104328456633306,870689
136,25103,44202,1.0856117234811902,0.4939551026742501,2.197794329087276,4.104328456633306,870689
138,26393,26394,0.2846160898134431,0.4905879941251737,0.5801529862567799,10.669411849905691,870693
141,26824,26839,0.34782493005217535,0.48913466979692527,0.7111025889793956,5.144571775460993,870695
142,27315,27316,0.7778417092170532,0.6018302654790892,1.2924602729938306,13.528219104467142,870697
145,27719,27721,0.8231968855045465,0.461233450809632,1.7847727307278718,9.651875483672095,870699
145,27719,27723,0.8359162743048719,0.461233450809632,1.8123496308377798,9.651875483672095,870699
145,27721,27723,0.8588191305975975,0.461233450809632,1.8620053014152775,9.651875483672095,870699
147,28364,28477,0.7892092775225134,0.5163423620898695,1.5284612215976796,12.927854780689247,870703
147,28382,28477,0.8254086361747277,0.5163423620898695,1.5985685017861562,12.927854780689247,870703
147,28378,28477,0.8778156735358408,0.5163423620898695,1.7000651853993278,12.927854780689247,870703
149,28704,28715,0.8761645821557068,0.5134203342912258,1.7065248951723884,10.694058369689227,870707
149,28706,28724,0.933140970442843,0.5134203342912258,1.8174990512034148,10.694058369689227,870707
149,28704,28724,1.1056174780783474,0.5134203342912258,2.153435312616994,10.694058369689227,870707
156,30853,30993,0.6228378214478857,0.6148516025443777,1.012988855962088,3.82468396496681,870714
157,30979,30984,0.9460420916134784,0.5495647386975397,1.7214388496896365,1.898672735324701,870716
157,30981,30986,0.9462810732079877,0.5495647386975397,1.7218737058179168,1.898672735324701,870716
157,30981,30984,1.036119801331454,0.5495647386975397,1.885346217421159,1.898672735324701,870716
161,31631,31640,0.3230603437099499,0.49171186638045683,0.6570114853807197,6.334216493493838,870720
163,31672,31677,0.4355720856847648,0.4378250740114026,0.9948541359086731,26.533978480366883,870722
163,31677,31682,0.631236642061031,0.4378250740114026,1.4417553482663061,26.533978480366883,870722
164,31849,31852,0.8660380319795906,0.5271822756815938,1.6427677331524289,1.7693705599556317,870725
164,31848,31852,0.9342718034721315,0.5271822756815938,1.7721988135208298,1.7693705599556317,870725
164,31848,31849,0.9519904037213842,0.5271822756815938,1.805808821039281,1.7693705599556317,870725
165,31981,31987,0.8292120875636056,0.5208563727572538,1.5920167841549318,2.979850712385213,870729
165,31984,31990,0.881357292677517,0.5208563727572538,1.6921311493452251,2.979850712385213,870729
165,31984,31987,0.9626844113065303,0.5208563727572538,1.848272310100334,2.979850712385213,870729
168,34035,34112,0.20381547669414576,0.43627343135505214,0.4671737081515623,35.73437244220711,870734
170,35279,35408,0.1857726031926707,0.5213341458919778,0.35634075507335644,7.439023759574822,870736
171,35743,35749,0.9106146082452189,0.5453153210992752,1.66988634467404,1.511990818751191,870738
171,35734,35740,0.9485308990968934,0.5453153210992752,1.739417291971176,1.511990818751191,870738
171,35740,35743,1.1150587924102742,0.5453153210992752,2.044796376090223,1.511990818751191,870738
172,36240,36248,0.8547659242749079,0.5264823225527293,1.6235415467141343,3.9979032580463074,870742
172,36247,36248,0.9138817201521809,0.5264823225527293,1.7358260306273665,3.9979032580463074,870742
172,36240,36247,0.9328570745151862,0.5264823225527293,1.7718677998381547,3.9979032580463074,870742
174,36817,36827,0.8906387374053965,0.531017708301085,1.6772298239447934,11.704344275707005,870746
174,36825,36827,0.9381768711135611,0.531017708301085,1.7667525139888902,11.704344275707005,870746
174,36817,36825,0.941399688532898,0.531017708301085,1.7728216475958427,11.704344275707005,870746
175,36844,36890,0.9358109331663867,0.6079299747337435,1.53934000963885,5.2658643896056,870750
175,36843,36889,0.9397053336313657,0.6079299747337435,1.5457460113608157,5.2658643896056,870750
175,36844,36889,1.0783417194736207,0.6079299747337435,1.773792647657988,5.2658643896056,870750
181,38090,38093,0.897739345306883,0.5256267574734079,1.707940725130038,11.448653390223987,870754
181,38089,38093,0.9063148534227979,0.5256267574734079,1.724255549278519,11.448653390223987,870754
181,38089,38090,0.954456069001829,0.5256267574734079,1.815843762577319,11.448653390223987,870754
182,38182,38185,0.055932764542432734,0.4037915613445745,0.13851890405085174,16.199921264538656,870758
183,38181,38184,0.7859604101608629,0.5047333004495536,1.557179622309103,8.220942024570553,870760
183,38181,38201,0.9064848303542339,0.5047333004495536,1.7959679489085623,8.220942024570553,870760
183,38184,38201,0.9208242239274035,0.5047333004495536,1.8243777914142933,8.220942024570553,870760
184,66075,66243,0.8713905330567285,0.5299450350011019,1.6443036079296725,1.4705168051147708,870764
184,38272,38467,0.8922472943650941,0.5299450350011019,1.6836600693187713,1.4705168051147708,870764
184,38467,66075,1.0232659137145288,0.5299450350011019,1.9308906511642305,1.4705168051147708,870764
188,39086,39097,0.8859665225295413,0.5211958910167737,1.699872423785145,4.616854904066632,870768
188,39085,39096,0.9094701344458018,0.5211958910167737,1.7449679671717373,4.616854904066632,870768
188,39086,39096,0.9594579865659729,0.5211958910167737,1.8408778793213754,4.616854904066632,870768
189,39127,39144,0.9136436024954446,0.5370584540273634,1.70119955405989,4.079875376908359,870772
189,39253,39273,0.9350282399887812,0.5370584540273634,1.7410176359334266,4.079875376908359,870772
189,39127,39273,1.072586455093232,0.5370584540273634,1.997150304682818,4.079875376908359,870772
191,39326,39359,0.6428940949771912,0.5403764184187523,1.1897153041178699,29.746269398095563,870776
194,39749,41756,0.31486127420330057,0.5599793324719418,0.5622730267801034,20.042363207249196,870778
195,40109,40120,0.3139566280594604,0.4900737484834733,0.6406313927872999,59.49098818420319,870780
199,40457,436892,0.4304447720749319,0.5441442935295284,0.7910489500549609,8.323111522430047,870784
203,41253,41273,0.7888052778788083,0.5244240861967117,1.504136248964978,27.500151758062152,870786
203,41251,41272,0.8561408765908972,0.5244240861967117,1.63253538333813,27.500151758062152,870786
203,41253,41272,0.9200726409452163,0.5244240861967117,1.754443903631262,27.500151758062152,870786
207,41618,44026,0.8992735630808614,0.5522536609005322,1.6283704876024927,3.5842395327719676,870790
207,41653,44114,0.9611441679652871,0.5522536609005322,1.7404034341718946,3.5842395327719676,870790
207,41618,44114,1.1042627574127728,0.5522536609005322,1.999557152074116,3.5842395327719676,870790
208,41886,44424,0.8972190809131445,0.5403916783534035,1.6603125415384066,5.595565983456597,870794
208,41896,44430,0.9450181490731419,0.5403916783534035,1.7487651770520456,5.595565983456597,870794
208,41886,44430,0.9682926510337623,0.5403916783534035,1.7918348668584079,5.595565983456597,870794
209,41987,41988,0.01155482894626874,0.45052831292117135,0.02564728700699989,50.23350843306197,870798
210,42087,44638,0.867571048112687,0.5292089442186865,1.6393733658329444,4.459814529880749,870800
210,42090,44641,0.8738725916253216,0.5292089442186865,1.6512808431752595,4.459814529880749,870800
210,42087,44641,0.972716022320312,0.5292089442186865,1.8380566559705644,4.459814529880749,870800
212,42127,42130,0.9033068326336539,0.5643112680475404,1.6007244295493224,2.297700817228143,870804
212,42144,42147,0.9154974762945621,0.5643112680475404,1.6223271235786063,2.297700817228143,870804
212,42130,42144,1.0359906658484832,0.5643112680475404,1.8358496888302542,2.297700817228143,870804
213,42620,42638,0.9104364012627586,0.541435799054393,1.681522357503545,2.315383296608642,870808
213,42622,42640,0.9578973252317786,0.541435799054393,1.7691798859712036,2.315383296608642,870808
213,42622,42638,1.1011652625076396,0.541435799054393,2.033787319624604,2.315383296608642,870808
214,42710,42722,0.9055999782956033,0.5483211652207278,1.6515867628984415,2.221940097472296,870812
214,42710,42715,0.9291097931018508,0.5483211652207278,1.6944627565631827,2.221940097472296,870812
214,42715,42722,0.9490498761188654,0.5483211652207278,1.7308284565977377,2.221940097472296,870812
218,43202,43208,0.5520247052679383,0.5071265396770697,1.0885344427437365,49.51704289520549,870816
219,43254,43312,0.7061531560643459,0.43448062228911627,1.6252811284054245,3.9952631540149026,870818
219,43253,43311,0.7472200589888492,0.43448062228911627,1.7198006554401104,3.9952631540149026,870818
219,43253,43312,0.8948498531808464,0.43448062228911627,2.059585185793135,3.9952631540149026,870818
224,44081,44098,0.9520830173938486,0.5733942575664444,1.6604334710895183,5.645975021890221,870822
224,44082,44101,0.9697923873017814,0.5733942575664444,1.6913186250202423,5.645975021890221,870822
224,44081,44101,1.0794760953556637,0.5733942575664444,1.882607091213457,5.645975021890221,870822
225,44373,44385,0.825538710898404,0.5103406930415455,1.6176227413462383,6.5952159579077145,870826
225,44113,44127,0.90084517613942,0.5103406930415455,1.7651839024839127,6.5952159579077145,870826
225,44127,44373,1.0540401313804537,0.5103406930415455,2.065365638586549,6.5952159579077145,870826
231,44607,44612,0.9124894551170327,0.5851864684935248,1.5593140037330333,11.583078461821685,870830
231,44586,44590,1.0119642867784386,0.5851864684935248,1.7293022673329914,11.583078461821685,870830
231,44590,44607,1.1543297677273305,0.5851864684935248,1.9725845177161736,11.583078461821685,870830
233,44673,44692,0.9094679527543762,0.547470334241077,1.6612186923609535,3.014945710074748,870834
233,44642,44692,0.9786639011105202,0.547470334241077,1.7876108345983333,3.014945710074748,870834
233,44642,44673,0.9964575209989887,0.547470334241077,1.8201123580153686,3.014945710074748,870834
238,46241,46242,0.1461196517850195,0.46524608186248095,0.3140696020481695,9.734455418563776,870839
239,46438,46453,0.19196478889893578,0.5064584456639843,0.3790336414417246,6.144128734371368,870841
240,46826,46828,0.8670779240501927,0.5170964830167296,1.6768203856109771,1.2205316159946489,870843
240,46828,46832,0.900971114295755,0.5170964830167296,1.7423655814472168,1.2205316159946489,870843
240,46826,46832,0.964301209332132,0.5170964830167296,1.8648380737506078,1.2205316159946489,870843
241,47078,47089,0.9004772094267152,0.5119475280006861,1.7589248119692227,1.7252164893049604,870847
241,47080,47091,0.9222693442660578,0.5119475280006861,1.8014919377925422,1.7252164893049604,870847
241,47078,47091,1.098335820669333,0.5119475280006861,2.1454070204395266,1.7252164893049604,870847
247,48326,48360,0.9018251483878571,0.5310633626156913,1.6981498101206254,5.011578874267782,870852
247,48343,48377,0.9519094751814512,0.5310633626156913,1.7924593225428522,5.011578874267782,870852
247,48326,48377,1.1171910368662146,0.5310633626156913,2.1036868959734276,5.011578874267782,870852
248,48341,48347,0.9133150261396396,0.569862924456668,1.602692484355661,7.528531156419582,870856
248,48334,48347,0.9301816115748426,0.569862924456668,1.6322901028553807,7.528531156419582,870856
248,48334,48341,0.9758177820856866,0.569862924456668,1.712372818456427,7.528531156419582,870856
252,49089,49091,0.9374721234564197,0.5926311208277376,1.5818813601064978,1.9478769527069488,870860
252,49090,49092,0.9631119442787837,0.5926311208277376,1.6251457448498308,1.9478769527069488,870860
252,49089,49092,1.0310940897668786,0.5926311208277376,1.7398581571732727,1.9478769527069488,870860
257,49509,49512,0.44816273710527554,0.550098925676508,0.8146948052191303,11.13189695296341,870864
258,49701,49702,0.6052683372824071,0.4086664744836166,1.481081456577061,23.31878111878754,870866
263,50294,50296,0.7084546488356861,0.4260905775468619,1.6626855560019265,5.863868394285812,870869
263,50294,50298,0.8089320154764844,0.4260905775468619,1.8984977798236273,5.863868394285812,870869
263,50296,50298,0.8313294748016853,0.4260905775468619,1.9510627988722768,5.863868394285812,870869
266,51038,51040,0.7976726760196566,0.5197165885581412,1.5348224274169386,45.522041848260855,870873
266,50811,50813,0.8150746107757193,0.5197165885581412,1.5683059358120455,45.522041848260855,870873
266,50813,51038,0.8992286980108667,0.5197165885581412,1.7302289705733902,45.522041848260855,870873
268,50836,436899,0.3138604892384524,0.48874774216406613,0.6421727655431165,24.751576010957045,870878
270,50932,50940,0.8867847323844456,0.5004775763746692,1.7718770515316313,1.937412152052486,870881
270,50931,50939,0.8964481300217643,0.5004775763746692,1.7911854043799604,1.937412152052486,870881
270,50931,50940,1.0692872678623906,0.5004775763746692,2.136533819572962,1.937412152052486,870881
271,50936,436898,0.18553762428184511,0.42918101503853434,0.4323062246012594,30.524152665355828,870885
277,52191,52195,0.9348341899038319,0.5561647036960378,1.6808585364934439,8.93896698093754,870887
277,52185,52195,0.9776357259328305,0.5561647036960378,1.7578169190455144,8.93896698093754,870887
277,52185,52191,0.9870987503093095,0.5561647036960378,1.7748317067758246,8.93896698093754,870887
278,52420,52421,0.2699467948583562,0.49756382859650783,0.5425370160443589,2.1957934038287275,870891
279,52422,52425,0.9215054537826803,0.5385337085527151,1.7111379272045655,8.147306926531284,870893
279,52422,52426,0.9782323209531961,0.5385337085527151,1.8164737052062183,8.147306926531284,870893
279,52425,52426,1.0013469167937725,0.5385337085527151,1.8593950590109705,8.147306926531284,870893
280,53100,53102,0.8361476444363137,0.47634255387741115,1.755349459396609,3.9441001721838322,870897
280,53101,53103,0.8546883202208351,0.47634255387741115,1.7942724479761532,3.9441001721838322,870897
280,53100,53103,0.9205352668965177,0.47634255387741115,1.9325068890095878,3.9441001721838322,870897
283,53476,55621,0.8506752154436026,0.5367036526606566,1.5849998620774466,21.108554057110517,870901
283,53388,55545,0.9572409868433972,0.5367036526606566,1.7835559383618265,21.108554057110517,870901
283,53388,53475,0.9805875699403297,0.5367036526606566,1.827055890302146,21.108554057110517,870901
283,53475,55621,1.0850780413004026,0.5367036526606566,2.021745214367804,21.108554057110517,870901
283,53475,55620,1.0726633271583568,0.5367036526606566,1.9986138008204934,21.108554057110517,870901
283,55545,55620,1.1058249658712456,0.5367036526606566,2.060401415919614,21.108554057110517,870901
283,53475,55545,1.1673626236985681,0.5367036526606566,2.1750599570386386,21.108554057110517,870901
287,53999,54008,0.09315174020790046,0.5365041591765375,0.1736272470857933,31.977001001493825,870910
290,54271,54381,0.9021146774810423,0.5495814080787673,1.6414577789934062,3.6562157890405196,870912
290,54271,54474,0.9137509417276467,0.5495814080787673,1.6626307373132347,3.6562157890405196,870912
290,54381,54474,0.9537661398968121,0.5495814080787673,1.7354410572784806,3.6562157890405196,870912
296,54452,54467,0.8289485042479122,0.49547648290521673,1.6730329952037053,7.7489622147177855,870916
296,54466,54495,0.8513785017255715,0.49547648290521673,1.718302545326733,7.7489622147177855,870916
296,54466,54467,0.9123634808587953,0.49547648290521673,1.8413860442158017,7.7489622147177855,870916
299,55375,79035,0.8625481123037351,0.4974221766858257,1.734036303026603,6.795126569277216,870920
299,55378,79038,0.9025917300406067,0.4974221766858257,1.814538579792127,6.795126569277216,870920
299,55378,79035,1.0750526214836877,0.4974221766858257,2.1612478732782683,6.795126569277216,870920
300,55564,55565,0.9774497117351175,0.5796487010701307,1.6862794826083078,14.484140459962656,870924
300,55565,55569,0.9804878021088289,0.5796487010701307,1.6915207440276856,14.484140459962656,870924
300,55564,55569,0.9988145354102843,0.5796487010701307,1.7231377100756058,14.484140459962656,870924
305,56047,56053,0.8981174640276404,0.5249958463197315,1.7107134662560195,4.899011240493573,870928
305,56047,56173,0.9173898133502923,0.5249958463197315,1.7474229934984784,4.899011240493573,870928
305,56053,56173,0.9268105210757414,0.5249958463197315,1.7653673406613921,4.899011240493573,870928
310,57001,57013,0.1690782837018511,0.4534135541980179,0.3729008145795529,59.252566449252406,870933
311,57320,57328,0.896516561331967,0.5089388327605154,1.761540883939247,2.1997216344058277,870935
311,57327,57328,0.9225388502358697,0.5089388327605154,1.8126713680541182,2.1997216344058277,870935
311,57320,57327,0.9615922792971394,0.5089388327605154,1.8894063832413883,2.1997216344058277,870935
312,57471,58349,0.9087900952467909,0.52793547756212,1.7214037204761583,2.18512541612413,870939
312,57468,58346,0.9757300181419324,0.52793547756212,1.8481993721043726,2.18512541612413,870939
312,57468,58349,1.1708470487586826,0.52793547756212,2.2177843666907453,2.18512541612413,870939
314,57888,57913,0.15506448468965564,0.5079575079916807,0.30527058316892774,9.660590247629353,870943
315,57907,436910,0.4040214857782182,0.5330328284179033,0.7579673600543438,3.3219971632168823,870945
317,58000,436912,0.32881803516128677,0.5019768797988989,0.6550461752202954,5.491011366555326,870948
324,58432,58436,0.9246212428105349,0.5296328804266657,1.7457776451976914,3.5213111415950014,870953
324,58432,58433,0.9662993264320209,0.5296328804266657,1.8244700473535216,3.5213111415950014,870953
324,58433,58436,0.9929029238651973,0.5296328804266657,1.874700307626911,3.5213111415950014,870953
325,58494,58524,0.8631968116031423,0.5186648563707881,1.6642670136610376,3.4105953529028046,870957
325,58491,58524,0.9007411091897805,0.5186648563707881,1.7366534441767734,3.4105953529028046,870957
325,58491,58494,1.0232531258163853,0.5186648563707881,1.9728599561888813,3.4105953529028046,870957
327,59475,60438,0.8419619005062308,0.5177141762418778,1.6263064430997218,3.4694458295865482,870961
327,86461,87547,0.9028201616355506,0.5177141762418778,1.7438582968486265,3.4694458295865482,870961
327,60438,86461,0.9859591865585083,0.5177141762418778,1.9044469551049439,3.4694458295865482,870961
328,59611,59650,0.09459589932293805,0.485189265551768,0.19496700780335996,22.589352199913993,870965
329,60456,60459,0.909475849052963,0.5385089162720029,1.688877976894227,1.8020216180579796,870967
329,60414,60456,0.9384799842469128,0.5385089162720029,1.742738060390597,1.8020216180579796,870967
329,60414,60459,0.950683880307682,0.5385089162720029,1.7654004447857423,1.8020216180579796,870967
330,60493,60500,0.8860007903541823,0.5216844136411011,1.6983462936343676,2.2433204241547418,870971
330,60493,60503,0.9254254370758178,0.5216844136411011,1.7739181253601246,2.2433204241547418,870971
330,60500,60503,0.9493227156182353,0.5216844136411011,1.8197260466196965,2.2433204241547418,870971
331,60624,61445,0.8316911756661011,0.5174153422746094,1.6073956601478105,4.298041037570788,870975
331,61445,61461,0.892209183346244,0.5174153422746094,1.7243578039723437,4.298041037570788,870975
331,60624,61461,0.9524479723647797,0.5174153422746094,1.8407803065477797,4.298041037570788,870975
333,61565,436919,0.19200758709748145,0.4573496503016305,0.4198266839623665,10.322584513451702,870980
335,61820,61822,0.9327440335056776,0.5329202957740695,1.7502505363412026,1.4182058977243415,870982
335,61786,61822,0.9450425070862956,0.5329202957740695,1.7733280465770522,1.4182058977243415,870982
335,61786,61820,0.9473844326030043,0.5329202957740695,1.7777225602318703,1.4182058977243415,870982
338,63030,65010,0.6576133608399196,0.5893632144246093,1.115803200377788,46.29776556596506,870986
339,63450,90497,0.907807759240796,0.553935367327602,1.6388333599647393,5.079333343287163,870988
339,63450,90456,0.9230016336442078,0.553935367327602,1.6662623260491995,5.079333343287163,870988
339,90456,90497,0.9906423455438848,0.553935367327602,1.7883717198328133,5.079333343287163,870988
340,63555,63560,0.8491291108852584,0.49713311703070284,1.7080517909508257,7.1432682202855,870992
340,63554,63558,0.8712955487316643,0.49713311703070284,1.7526403268721549,7.1432682202855,870992
340,63554,63560,1.0249658999938474,0.49713311703070284,2.0617534114721745,7.1432682202855,870992
341,63597,63636,0.8441822533335012,0.5166376848516756,1.6339927924070468,4.300919791723256,870996
341,63589,63636,0.8521974875138546,0.5166376848516756,1.6495070191376318,4.300919791723256,870996
341,63589,63597,0.8854198971211217,0.5166376848516756,1.7138120642037986,4.300919791723256,870996
342,63964,64013,0.8525250571611235,0.5213362914078358,1.6352689640288294,15.14418315917174,871000
342,63967,64013,0.8659151618100294,0.5213362914078358,1.6609531622509532,15.14418315917174,871000
342,63964,63967,0.8989101541390095,0.5213362914078358,1.7242424303736066,15.14418315917174,871000
344,64047,64067,0.9038368015058779,0.570428117875549,1.5844885151735613,6.024469212172198,871004
344,64047,64062,0.9246764492200225,0.570428117875549,1.6210218610257219,6.024469212172198,871004
344,64062,64067,1.0431701955260166,0.570428117875549,1.8287496054912324,6.024469212172198,871004
345,64243,64562,0.9204225368139636,0.5500567020929251,1.6733230107220287,4.937421408135241,871008
345,64247,64567,0.9300097441547133,0.5500567020929251,1.6907524999079093,4.937421408135241,871008
345,64247,64562,1.0947888930962224,0.5500567020929251,1.9903200686958844,4.937421408135241,871008
346,64453,64465,0.9027770950507154,0.5126761826999621,1.7609109326989265,8.000860702209186,871012
346,64453,64463,0.9250264621882398,0.5126761826999621,1.8043094128474486,8.000860702209186,871012
346,64463,64465,0.925593487345487,0.5126761826999621,1.8054154231837607,8.000860702209186,871012
356,65484,65489,0.8576889945910987,0.4980707172757598,1.7220225258017612,6.348329204754892,871017
356,65486,65489,0.8781555580711305,0.4980707172757598,1.7631142077058397,6.348329204754892,871017
356,65484,65486,0.9258007255567553,0.4980707172757598,1.8587736508994168,6.348329204754892,871017
362,66270,66291,0.5321210619751906,0.37602800129353753,1.4151102049440267,54.0320108507725,871021
364,66728,66796,0.9297225276068647,0.5666121069454794,1.6408447970144142,6.964446556178784,871023
364,66728,66730,0.9574568419400687,0.5666121069454794,1.689792417429226,6.964446556178784,871023
364,66730,66796,0.9583649651930677,0.5666121069454794,1.6913951421890172,6.964446556178784,871023
365,67084,67089,0.7530221466432472,0.5409785724076973,1.3919629816238777,15.429474137511827,871027
366,67230,67344,0.665874750755513,0.5610407069656744,1.1868563947112174,15.1411705859293,871029
367,67438,67447,0.8202607310865055,0.4801298330519725,1.7084144217252064,9.212413352992801,871031
367,67435,67438,0.8215892111553483,0.4801298330519725,1.7111813401239202,9.212413352992801,871031
367,67438,67439,0.8772441317554737,0.4801298330519725,1.8270977376665425,9.212413352992801,871031
371,68490,68494,0.710555468810541,0.4537359405461725,1.5660109885834235,8.64515568229702,871035
371,68465,68494,0.7598182172490011,0.4537359405461725,1.674582393306535,8.64515568229702,871035
371,68465,68490,0.8385058654622567,0.4537359405461725,1.8480040713832977,8.64515568229702,871035
372,68560,68575,0.8337761999206,0.4825890991054395,1.727714532852369,8.050233792893629,871039
372,68558,68573,0.8795390915863592,0.4825890991054395,1.8225423931388705,8.050233792893629,871039
372,68560,68573,1.040505774357585,0.4825890991054395,2.156090504916788,8.050233792893629,871039
373,68593,68599,0.8187951146000302,0.4906343451125632,1.6688499750505217,2.4431913681977826,871043
373,68587,68599,0.8235175842124616,0.4906343451125632,1.6784752074857845,2.4431913681977826,871043
373,68587,68593,0.9087397768958932,0.4906343451125632,1.8521731834476582,2.4431913681977826,871043
378,69510,69530,0.9193892682820959,0.5090720150281104,1.806010232621662,3.9890201506593495,871047
378,69508,69528,0.9201347312028693,0.5090720150281104,1.8074745891346244,3.9890201506593495,871047
378,69510,69528,1.1245094471672465,0.5090720150281104,2.2089398237794557,3.9890201506593495,871047
379,69573,69577,0.8904948225865847,0.5143784497991805,1.731205541239616,3.149657267116929,871051
379,69572,69576,0.9002422000532773,0.5143784497991805,1.750155358189564,3.149657267116929,871051
379,69573,69576,0.9831415379561687,0.5143784497991805,1.9113194542656267,3.149657267116929,871051
380,69613,69614,0.7026960743494933,0.47762001021892075,1.471245046930524,18.663715705763643,871055
380,69602,69613,0.8115131772069799,0.47762001021892075,1.6990770064994067,18.663715705763643,871055
380,69602,69614,0.856843823913842,0.47762001021892075,1.7939864444144649,18.663715705763643,871055
381,69827,69838,0.8105767721080839,0.4792529388669613,1.6913339624467003,3.3387977793339445,871059
381,69831,69843,0.900305020119335,0.4792529388669613,1.8785592055998974,3.3387977793339445,871059
381,69827,69843,1.0869664546535571,0.4792529388669613,2.2680433785619307,3.3387977793339445,871059
384,70540,70541,0.3853993493315101,0.5639434613756185,0.6834006877061958,0.7124530581098273,871064
387,70681,70688,0.9395552354704189,0.5695512017607224,1.6496413888090453,4.471481480971204,871066
387,70680,70687,0.9426566655741043,0.5695512017607224,1.6550867817677426,4.471481480971204,871066
387,70681,70687,1.0373530251909828,0.5695512017607224,1.8213516572067414,4.471481480971204,871066
392,71587,71592,0.08983229668525752,0.5025396318975576,0.17875664123455598,43.889482066701014,871071
393,71620,74640,0.8052601094197178,0.5229882623049366,1.5397288380254284,18.156479695858287,871073
393,71616,71620,0.8312180786714726,0.5229882623049366,1.589362780357808,18.156479695858287,871073
393,71616,74640,0.9354758235726878,0.5229882623049366,1.7887128469190077,18.156479695858287,871073
395,71881,74688,0.916832551919336,0.5040881047730263,1.818794260840879,7.369324527423078,871077
395,71878,74685,0.9191827454846853,0.5040881047730263,1.8234565282959054,7.369324527423078,871077
395,71878,74688,1.1065798263939646,0.5040881047730263,2.195211146456669,7.369324527423078,871077
396,72035,72137,0.4922689005144085,0.5280605959325821,0.9322204767902372,1.9498278175945916,871081
398,73484,73495,0.5837336849942281,0.5493759913494152,1.0625394887760224,38.876077165998026,871083
399,73482,73491,0.7858398091664334,0.5451590969834929,1.441487106268041,15.160749475551668,871085
399,73489,73491,0.932051563681627,0.5451590969834929,1.7096872616432723,15.160749475551668,871085
399,73482,73489,0.941545919006115,0.5451590969834929,1.7271030130762444,15.160749475551668,871085
400,73549,73599,0.8087060620362995,0.5202156975161847,1.5545591297946935,18.541722398240278,871089
400,73549,73597,0.8917692106857369,0.5202156975161847,1.7142297222932084,18.541722398240278,871089
400,73597,73599,0.956894545412971,0.5202156975161847,1.8394188218113137,18.541722398240278,871089
401,73846,73863,0.9181480056853318,0.5684798953359429,1.6150931866161293,2.4310529145062403,871093
401,73837,73853,0.934329947922001,0.5684798953359429,1.6435584716146543,2.4310529145062403,871093
401,73846,73853,1.0012841817748899,0.5684798953359429,1.761336135173578,2.4310529145062403,871093
409,76555,76611,0.917727149739682,0.5335257581672083,1.720117793173285,2.236137281504584,871099
409,76555,76613,0.9218207650116941,0.5335257581672083,1.727790553502748,2.236137281504584,871099
409,76611,76613,0.9719772531625638,0.5335257581672083,1.8218000504821807,2.236137281504584,871099
415,78011,78032,0.8368159148999058,0.5089210022414571,1.6442943231155536,5.351418408137304,871103
415,78028,78032,0.8985422463584488,0.5089210022414571,1.7655829537412886,5.351418408137304,871103
415,78011,78028,0.9490621964675646,0.5089210022414571,1.8648517005342276,5.351418408137304,871103
416,78328,78523,0.893336400698553,0.5163189357753877,1.7302026689317043,1.1132356339321627,871107
416,78327,78522,0.9322241397040668,0.5163189357753877,1.805519951159817,1.1132356339321627,871107
416,78327,78523,0.9431416166650788,0.5163189357753877,1.8266647827833495,1.1132356339321627,871107
418,78398,78400,0.8430399587272328,0.49737458560841047,1.6949799670523762,6.00480399880907,871111
418,78401,78403,0.8650986582086924,0.49737458560841047,1.7393302417140306,6.00480399880907,871111
418,78398,78403,1.048773924152122,0.49737458560841047,2.108619850105963,6.00480399880907,871111
420,78788,78790,0.6498532689689764,0.42056202013874083,1.5452019865098465,19.862377526787157,871115
422,78864,79098,0.9999341161614609,0.6062321760695387,1.6494243552766525,5.601774088463851,871117
422,78868,79102,1.0041269572299263,0.6062321760695387,1.6563405851205537,5.601774088463851,871117
422,78868,79098,1.0892123094697517,0.6062321760695387,1.7966916842513685,5.601774088463851,871117
424,78992,78998,0.9393318982956221,0.5298740568102391,1.772745591566148,7.0621653733735466,871121
424,78991,78997,0.9575389077442574,0.5298740568102391,1.8071066047439563,7.0621653733735466,871121
424,78992,78997,1.0317953330341147,0.5298740568102391,1.9472463687793378,7.0621653733735466,871121
427,79377,79379,0.715450666408522,0.4960700523329422,1.4422371659886866,15.929147672655033,871127
427,79380,79382,0.7351640066523709,0.4960700523329422,1.4819761910540783,15.929147672655033,871127
427,79377,79382,0.8595809690636206,0.4960700523329422,1.7327814187152433,15.929147672655033,871127
428,79475,79603,0.8060241718532623,0.5334963051147041,1.510833653627579,2.8827971433531228,871131
428,79475,82057,0.8601487489796632,0.5334963051147041,1.612286234662351,2.8827971433531228,871131
428,79603,82057,0.9573102928976618,0.5334963051147041,1.794408478034043,2.8827971433531228,871131
429,79632,79637,0.8851491381134386,0.5286999067467654,1.6741995351578605,2.9253872359766135,871135
429,79634,79639,0.8890464697399203,0.5286999067467654,1.6815710734856484,2.9253872359766135,871135
429,79632,79639,1.0738408623949969,0.5286999067467654,2.0310971284308192,2.9253872359766135,871135
430,79741,79743,0.8948942944530035,0.5637300399861742,1.587451849248536,8.877668443851924,871139
430,79737,79739,0.9837376771933287,0.5637300399861742,1.7450510127461993,8.877668443851924,871139
430,79737,79743,1.0302434140234844,0.5637300399861742,1.8275474800824019,8.877668443851924,871139
432,79841,79844,0.8992698010199206,0.5140516685554175,1.7493762904165622,2.395541388998787,871143
432,79851,79854,0.9082491764223757,0.5140516685554175,1.7668441364556364,2.395541388998787,871143
432,79844,79851,1.0878930054859732,0.5140516685554175,2.1163106201817383,2.395541388998787,871143
434,80669,80672,0.2913569851637529,0.4627077129448655,0.6296782547873152,18.401557659837888,871147
445,81763,101228,0.6799040690692728,0.5544074757066617,1.2263616543096754,38.861040879882324,871150
448,81950,81952,0.8282387147157558,0.4941875443223178,1.6759603195817576,8.845131168348555,871152
448,81950,81958,0.8941642510405627,0.4941875443223178,1.8093621769984818,8.845131168348555,871152
448,81952,81958,0.9562661444841551,0.4941875443223178,1.9350268040354768,8.845131168348555,871152
451,82596,82598,0.8714697051087147,0.5532917764807332,1.5750635417930545,10.661297774483936,871156
451,82598,82600,0.9443287971175353,0.5532917764807332,1.706746489391242,10.661297774483936,871156
451,82596,82600,0.9676049045737927,0.5532917764807332,1.7488149032836504,10.661297774483936,871156
454,83981,84013,0.9967299971376096,0.5659989136970434,1.761010441923073,2.4235799705730674,871160
454,83980,84012,1.008265177793407,0.5659989136970434,1.781390658875171,2.4235799705730674,871160
454,83981,84012,1.225455717862452,0.5659989136970434,2.1651202647332104,2.4235799705730674,871160
455,84058,84119,0.9296229018503421,0.5419809054560378,1.7152318328781926,4.197779857248898,871164
455,84057,84058,0.9846168567030774,0.5419809054560378,1.8167002689413816,4.197779857248898,871164
455,84058,84117,1.0097624081060752,0.5419809054560378,1.8630959097284672,4.197779857248898,871164
457,84145,84146,0.6123047542146056,0.4330946270399035,1.4137897724558712,5.80417869435363,871168
457,84146,84147,0.6751924116977344,0.4330946270399035,1.558995123796641,5.80417869435363,871168
457,84147,84148,0.683437228353477,0.4330946270399035,1.5780321104988173,5.80417869435363,871168
480,87634,87646,0.8267885231797107,0.5149161711757785,1.605675971084364,6.169968189643623,871179
480,87637,87649,0.8390893842891274,0.5149161711757785,1.629565026814209,6.169968189643623,871179
480,87637,87646,0.8739549974376758,0.5149161711757785,1.6972762681778955,6.169968189643623,871179
484,89344,89349,0.2543811882669649,0.4781324981797699,0.5320307430165974,25.31730563166027,871183
488,89956,89968,0.8252898087478571,0.6464405741994804,1.2766677119081742,7.307942432600028,871185
490,90504,90510,0.9269223961931224,0.5287102872168142,1.7531763966094516,7.497790354340046,871187
490,90482,90510,0.9459883797351701,0.5287102872168142,1.7892377027784936,7.497790354340046,871187
490,90482,90504,1.0179969860714213,0.5287102872168142,1.925434421619188,7.497790354340046,871187
491,90850,90854,0.8997511711270436,0.5383987436203633,1.6711613498145117,5.093090566076196,871191
491,90853,90854,0.9138727014019764,0.5383987436203633,1.6973901076677993,5.093090566076196,871191
491,90851,90854,0.9658576735707042,0.5383987436203633,1.7939448875307022,5.093090566076196,871191
496,91337,92342,0.44789066717416615,0.528881482139526,0.8468639615860225,14.51029821389015,871197
501,92277,92279,0.8998289708512526,0.5235298585540386,1.7187729718731461,8.454773154085826,871199
501,92206,92208,0.9063972117792215,0.5235298585540386,1.7313190393431277,8.454773154085826,871199
501,92208,92277,0.9381180962482145,0.5235298585540386,1.791909441114298,8.454773154085826,871199
504,92466,92498,0.6494756549942032,0.5325558730587415,1.219544629681636,45.44429097396446,871203
504,92467,92499,0.6706996925204078,0.5325558730587415,1.2593977955181217,45.44429097396446,871203
504,92466,92499,0.827568719863618,0.5325558730587415,1.5539566113701204,45.44429097396446,871203
505,92636,92643,0.855855184285495,0.5311629836857891,1.6112854445289782,2.813803672098906,871207
505,92638,92645,0.8650625837173466,0.5311629836857891,1.6286198592277596,2.813803672098906,871207
505,92638,92643,0.9727261303088506,0.5311629836857891,1.8313138531586182,2.813803672098906,871207
506,92679,116572,0.7827306806521561,0.5038536688503775,1.5534881038736525,5.635328136401449,871211
506,116572,116595,0.8599751815286936,0.5038536688503775,1.7067955136475716,5.635328136401449,871211
506,92679,116595,0.9353772901906477,0.5038536688503775,1.8564463216569607,5.635328136401449,871211
511,93801,93805,0.9037987289655187,0.5208204135590296,1.7353366063158013,3.136930096498186,871215
511,93818,93822,0.9247336095406521,0.5208204135590296,1.7755325741198948,3.136930096498186,871215
511,93801,93822,1.10964976029307,0.5208204135590296,2.130580390868843,3.136930096498186,871215
524,95074,437012,0.3692867629339673,0.5334542856276118,0.6922556869132647,12.888534577362464,871221
527,95186,95405,0.8075014116103458,0.5254207602932653,1.5368662082549542,17.424806702883743,871223
527,95186,95407,0.8395886149049607,0.5254207602932653,1.5979357466506303,17.424806702883743,871223
527,95186,95406,0.8859114000685173,0.5254207602932653,1.6860989649020395,17.424806702883743,871223
531,95892,95895,0.8568602317125866,0.4748934061883463,1.8043211814416082,2.936774070974088,871228
531,95686,95689,0.8739887872007378,0.4748934061883463,1.8403893922547057,2.936774070974088,871228
531,95689,95892,0.9276169764837923,0.4748934061883463,1.953316185055415,2.936774070974088,871228
534,96521,96544,0.7512452830778172,0.4924468281488723,1.525535834806326,19.95759296261461,871232
534,96521,96542,0.8241676835368396,0.4924468281488723,1.6736176099152054,19.95759296261461,871232
534,96542,96544,0.8696428457102204,0.4924468281488723,1.7659629344740493,19.95759296261461,871232
536,96608,96612,0.7879381257506595,0.4951407410857528,1.5913417345194736,14.60833083958086,871236
536,96609,96613,0.8300360001832973,0.4951407410857528,1.6763637715676165,14.60833083958086,871236
536,96609,96612,0.8603934463143358,0.4951407410857528,1.7376745133669487,14.60833083958086,871236
537,96892,96896,0.9406121934635968,0.5482092992355784,1.7157902917283308,2.1758885844749782,871240
537,96890,96892,0.9473113853563785,0.5482092992355784,1.728010427180471,2.1758885844749782,871240
537,96890,96896,0.9786944408931164,0.5482092992355784,1.7852569123832913,2.1758885844749782,871240
538,97136,99811,0.9291336792021903,0.5544240184621378,1.675853946189818,2.2526422769080514,871244
538,96914,99811,0.937306456283373,0.5544240184621378,1.6905949689612565,2.2526422769080514,871244
538,96914,97136,0.9693774426363855,0.5544240184621378,1.7484405623790362,2.2526422769080514,871244
539,97148,97155,0.8675330050593909,0.5689644290785276,1.524757894732388,7.320939332902804,871248
539,97148,97152,0.9553196266654436,0.5689644290785276,1.6790498277944048,7.320939332902804,871248
539,97152,97155,1.000288326961408,0.5689644290785276,1.758085876442989,7.320939332902804,871248
540,97308,97309,0.8384631301274973,0.5122392894661718,1.6368582952730908,12.072158523578521,871252
540,97303,97308,0.9468566037483436,0.5122392894661718,1.8484654012680413,12.072158523578521,871252
540,97303,97309,0.9483356421493666,0.5122392894661718,1.851352798684519,12.072158523578521,871252
542,97769,97770,0.15178840278888736,0.4937861704759791,0.30739703107232186,6.006675046280452,871256
543,97927,98176,0.8895680670960782,0.552387232731065,1.6104066393749776,1.2335464889827967,871258
543,97926,98175,0.8935909175518905,0.552387232731065,1.6176893030888417,1.2335464889827967,871258
543,97926,98176,1.027302820949548,0.552387232731065,1.8597512036446724,1.2335464889827967,871258
546,98315,100471,0.9179215179941292,0.5723006517718859,1.6039148569063744,7.697758275601347,871262
546,98315,98322,1.0197133336422346,0.5723006517718859,1.7817790884653464,7.697758275601347,871262
546,98322,100471,1.02246882360754,0.5723006517718859,1.7865938479047674,7.697758275601347,871262
547,98358,98360,0.6794447440577761,0.4954445063591538,1.3713841516798218,38.11929942643413,871266
547,98355,98357,0.7445015140975918,0.4954445063591538,1.5026940546150562,38.11929942643413,871266
547,98355,98360,0.9026172344181737,0.4954445063591538,1.8218331676562287,38.11929942643413,871266
548,98623,98625,0.8223070532178492,0.49219245901103503,1.670702259173404,4.9417049792846734,871270
548,98640,98642,0.8861375315774455,0.49219245901103503,1.8003882736398813,4.9417049792846734,871270
548,98623,98642,0.9078313144790325,0.49219245901103503,1.8444640868800446,4.9417049792846734,871270
549,98649,98652,0.7577313745788811,0.5806822832677124,1.304898386626932,13.89872407444694,871274
551,98733,98735,0.9054541146526546,0.58412488123011,1.5501036571937434,23.463286152712456,871276
551,98735,98790,0.9332606223472314,0.58412488123011,1.5977073607648342,23.463286152712456,871276
551,98733,98790,0.9852555734833234,0.58412488123011,1.686720776914127,23.463286152712456,871276
553,99103,99353,0.7532792081295542,0.6223909096850899,1.210299180800519,22.13934572118069,871280
554,99141,99149,0.8984580921129155,0.5472443794624164,1.6417858745219323,3.1023105351837486,871282
554,99134,99149,0.9123573949823701,0.5472443794624164,1.6671845874024713,3.1023105351837486,871282
554,99134,99141,0.9184975335278196,0.5472443794624164,1.6784046908441572,3.1023105351837486,871282
555,99621,99629,0.8307796868561409,0.5160753528763666,1.6098030689234761,6.843250925162641,871286
555,99559,99567,0.8449174625731347,0.5160753528763666,1.6371978585374276,6.843250925162641,871286
555,99559,99629,0.9000576392876091,0.5160753528763666,1.7440430632292394,6.843250925162641,871286
556,99638,99640,0.8580687502585622,0.4721804756036667,1.8172474182918097,5.047329481268421,871290
556,99636,99638,0.8669701700622684,0.4721804756036667,1.8360991503383879,5.047329481268421,871290
556,99636,99640,0.9175667168228234,0.4721804756036667,1.9432542517768137,5.047329481268421,871290
557,99644,99688,0.8373896747628478,0.5293180375593608,1.5820161327280258,7.250168924788784,871294
557,99643,99687,0.8434163153129776,0.5293180375593608,1.5934018028214123,7.250168924788784,871294
557,99644,99687,0.9337792142073467,0.5293180375593608,1.7641175020464464,7.250168924788784,871294
558,99719,99720,0.8239319473203638,0.5032319479982497,1.6372806825913793,5.389899599656057,871298
558,99719,99723,0.8938340940143185,0.5032319479982497,1.7761870993481266,5.389899599656057,871298
558,99720,99723,0.954354868544546,0.5032319479982497,1.8964512732960774,5.389899599656057,871298
559,99753,99754,0.14469518424385663,0.44804656128334147,0.3229467576526102,27.26077433154642,871302
560,99860,99871,0.936933073359025,0.5655801101330766,1.65658773456261,6.599293722710478,871304
560,99860,99872,0.9384268421133465,0.5655801101330766,1.659228861305858,6.599293722710478,871304
560,99871,99872,0.9620663464435328,0.5655801101330766,1.7010257772628639,6.599293722710478,871304
561,100220,103858,0.8631494912028815,0.5396441038000207,1.5994791476916501,6.981057222218732,871308
561,100220,103855,0.9349559444781376,0.5396441038000207,1.732541758344885,6.981057222218732,871308
561,103855,103858,0.9842002415766246,0.5396441038000207,1.823795043151895,6.981057222218732,871308
562,100356,100362,0.6465742410115252,0.5628009439795456,1.1488506690120692,10.241177936690555,871312
564,100686,100721,0.8777155148718084,0.5387295343736165,1.6292322192662645,3.0269029028159777,871314
564,100701,100736,0.8917908221907485,0.5387295343736165,1.6553590722061269,3.0269029028159777,871314
564,100701,100721,1.0730356283850522,0.5387295343736165,1.9917891259343636,3.0269029028159777,871314
568,101408,101416,0.7137191854067658,0.4565231485709282,1.5633800556246669,26.20422443820103,871318
568,101416,101425,0.7937655304022408,0.4565231485709282,1.7387191271395444,26.20422443820103,871318
568,101414,101416,0.866830459702784,0.4565231485709282,1.898765621012333,26.20422443820103,871318
570,101680,101712,0.8113313591088398,0.5239543230562074,1.5484772687366568,11.490992806444783,871322
570,101677,101710,0.8439861956702316,0.5239543230562074,1.6108010918724547,11.490992806444783,871322
570,101680,101710,1.0529953648070898,0.5239543230562074,2.0097083246970926,11.490992806444783,871322
571,101804,437018,0.28524677020172023,0.480745011188506,0.5933431727071453,32.99750387988243,871326
574,101817,101831,0.8073031819408424,0.46034581068856,1.7536885602006946,28.570141360008733,871330
574,101819,101833,0.8291015756750196,0.46034581068856,1.801040775053204,28.570141360008733,871330
574,101817,101833,0.9597951107963774,0.46034581068856,2.084943728195915,28.570141360008733,871330
575,101827,101842,0.7621366523797388,0.4186852020004015,1.8203095039862622,3.888727820480997,871334
575,101829,101844,0.7829931609052662,0.4186852020004015,1.8701237998483533,3.888727820480997,871334
575,101829,101842,0.9429413929156458,0.4186852020004015,2.2521488421621876,3.888727820480997,871334
576,101931,101933,0.7740659515305659,0.46275282354750163,1.6727417146728827,17.998178573483777,871338
576,101934,101936,0.8275135009890188,0.46275282354750163,1.7882408466905322,17.998178573483777,871338
576,101931,101936,1.0022048671171433,0.46275282354750163,2.1657455473402787,17.998178573483777,871338
577,101981,102005,0.8936978412291746,0.5566694483669262,1.6054372012887934,8.162429254295015,871342
577,101980,101981,0.9093401665339381,0.5566694483669262,1.6335370464494225,8.162429254295015,871342
577,101980,102005,0.9285290622705394,0.5566694483669262,1.6680079443815703,8.162429254295015,871342
579,102384,102385,0.8928449691144196,0.5144304305024645,1.7355990551382092,2.662821649769299,871346
579,102382,102383,0.9223615966514684,0.5144304305024645,1.7929763520221025,2.662821649769299,871346
579,102382,102385,1.00727439488978,0.5144304305024645,1.95803812365053,2.662821649769299,871346
580,102391,102393,0.8613792212656419,0.5086775622464059,1.6933697988597058,4.888004731901978,871350
580,102388,102390,0.8986262636406954,0.5086775622464059,1.7665930843739406,4.888004731901978,871350
580,102390,102391,1.0606709706401538,0.5086775622464059,2.0851538368550244,4.888004731901978,871350
584,102876,102907,0.9113959223110065,0.5336112266763834,1.7079774126711476,4.702727892684829,871354
584,102874,102905,0.917015074693972,0.5336112266763834,1.7185078365116737,4.702727892684829,871354
584,102876,102905,1.05100365759369,0.5336112266763834,1.9696055949570321,4.702727892684829,871354
586,103257,103262,0.10613797849499644,0.45955833252797434,0.2309564879634417,43.71050784210269,871358
589,103679,123363,0.8248809168821113,0.5309111697667628,1.5537079719842657,15.862902141188542,871360
589,103690,123363,0.8910177628630116,0.5309111697667628,1.678280310535657,15.862902141188542,871360
589,103687,123363,0.9339135011057048,0.5309111697667628,1.7590767614024525,15.862902141188542,871360
590,103832,123578,0.7872230144048898,0.5161699891119421,1.5251235658998459,11.640447841530158,871364
590,103802,123578,0.8623084259518662,0.5161699891119421,1.6705900074420188,11.640447841530158,871364
590,103795,123578,0.9547222410800086,0.5161699891119421,1.8496275669234177,11.640447841530158,871364
592,104210,104216,0.5455154544211046,0.5905563540634267,0.9237314113506523,18.005971420409498,871368
593,104847,104849,0.9233954158663227,0.5368437426789798,1.7200450381676364,4.938848311412759,871370
593,104804,104806,0.9279821324378478,0.5368437426789798,1.7285888959178197,4.938848311412759,871370
593,104806,104847,1.0993384023833241,0.5368437426789798,2.047780974213018,4.938848311412759,871370
594,105126,105163,0.6214685882069156,0.4996729938453741,1.2437506046188915,58.24426887642046,871374
596,105317,105319,0.8772539794849944,0.5067896285470886,1.7310022345958167,11.995298269302197,871376
596,105317,105321,0.9179711446586019,0.5067896285470886,1.8113455622411343,11.995298269302197,871376
596,105319,105321,0.9212665908796261,0.5067896285470886,1.8178481543136518,11.995298269302197,871376
597,105573,105575,0.5928688379944609,0.37772810634013615,1.5695650602727327,41.044546041517066,871380
597,105573,105576,0.49030524923518376,0.37772810634013615,1.2980375063582754,41.044546041517066,871380
597,105573,105587,0.6419379690938622,0.37772810634013615,1.6994710171654814,41.044546041517066,871380
600,106492,106722,0.13422820180326225,0.5173256491343508,0.2594655842560067,4.63626016466109,871384
600,106492,106719,0.48461299651182,0.5173256491343508,0.9367658404773292,4.63626016466109,871384
601,106702,106715,0.18492942632455905,0.5352679669674058,0.345489432839197,12.276089304887522,871387
602,107322,107331,0.846392230241223,0.5144222348139984,1.6453259073205813,2.08417874899324,871389
602,107323,107332,0.8935112712213527,0.5144222348139984,1.7369219500094568,2.08417874899324,871389
602,107322,107332,1.0493817936205367,0.5144222348139984,2.039923087694617,2.08417874899324,871389
605,107567,107726,0.8571669129612245,0.5372205729495411,1.5955586143230869,6.873356263845766,871395
605,107540,107726,0.9033535429048437,0.5372205729495411,1.681531922623693,6.873356263845766,871395
605,107540,107567,0.9538304143082096,0.5372205729495411,1.7754912271347416,6.873356263845766,871395
613,109451,109455,0.8770780895124491,0.5259501720953105,1.667606811531775,6.685235901438477,871402
613,109446,109450,0.9227395419658818,0.5259501720953105,1.7544238806688075,6.685235901438477,871402
613,109450,109451,1.1208863345896714,0.5259501720953105,2.1311644981961315,6.685235901438477,871402
614,109994,110007,0.3084777872118113,0.5274340275106651,0.5848651606111509,3.8698661915613957,871406
615,110240,110241,0.1493692146963183,0.45038705430449455,0.331646332346253,10.342460753303813,871408
616,110626,110634,0.8242623677213081,0.49797448129455263,1.65523013464169,4.151908875094913,871410
616,110645,110650,0.8369156473807848,0.49797448129455263,1.6806396287719572,4.151908875094913,871410
616,110634,110645,1.012571270951747,0.49797448129455263,2.033379839704697,4.151908875094913,871410
626,112745,437054,0.25595803072393786,0.45682946052135415,0.5602923034600858,5.681422748929747,871416
629,113067,113071,0.7975266593520041,0.6085678955087875,1.3104974239320317,3.178282817584816,871418
630,113154,113207,0.17731266748203992,0.5341802512496079,0.33193414969432583,12.606031048371765,871420
631,113395,113514,0.2108058898658722,0.5174614148294077,0.4073847514512148,9.620737901724647,871422
634,113909,113920,0.33002891464653134,0.5284183755600685,0.6245598751117143,9.943022477149611,871424
635,113948,113955,0.8475735928434688,0.5072989256394631,1.6707577130684454,8.488119013549223,871426
635,113950,113957,0.901279363658915,0.5072989256394631,1.7766238367700653,8.488119013549223,871426
635,113950,113955,0.9131845958509435,0.5072989256394631,1.8000917204779239,8.488119013549223,871426
637,114289,114290,0.8353921140455658,0.5275404975408649,1.5835601587740737,11.60319291567805,871430
637,114284,114290,0.8833252858301839,0.5275404975408649,1.6744217551975882,11.60319291567805,871430
637,114285,114290,0.9005051689004854,0.5275404975408649,1.7069877537330291,11.60319291567805,871430
639,114519,114524,0.8627360831185544,0.535218505641457,1.6119324612749872,17.76536247750082,871434
639,114518,114519,0.9203528675313757,0.535218505641457,1.7195834184177485,17.76536247750082,871434
639,114518,114524,0.9214670646154552,0.535218505641457,1.7216651795533133,17.76536247750082,871434
644,115272,115289,0.22329240643295326,0.48430080741345133,0.4610613961713403,21.769629484585728,871438
645,115441,115573,0.8407671886944178,0.5295900145623638,1.587581271503393,18.7906278683199,871440
645,115573,115575,0.8436270177209328,0.5295900145623638,1.5929813525998584,18.7906278683199,871440
645,115442,115573,0.888703992862158,0.5295900145623638,1.6780980917787027,18.7906278683199,871440
646,115594,115635,0.7347183602869493,0.5846851950592409,1.2566050354883826,20.695677845911465,871444
647,115841,115846,0.7539835624042052,0.6213171098165157,1.2135245440558815,4.402517578040789,871446
651,116310,116426,0.1798562245532288,0.5228146074374606,0.3440153010161319,21.75168328889054,871448
654,116515,116528,0.9053134088221835,0.5150330078296574,1.757777453210548,2.8739299553409703,871450
654,116517,116530,0.9124313719783387,0.5150330078296574,1.7715978551031377,2.8739299553409703,871450
654,116517,116528,1.0851792608017212,0.5150330078296574,2.1070091514612876,2.8739299553409703,871450
656,117478,117481,0.17046548646033557,0.4253510509100295,0.4007642301473766,23.717098583519824,871454
657,117851,117857,0.879567821362183,0.49736053366516353,1.7684712835585217,3.05524415517412,871456
657,117854,117860,0.9045042618107938,0.49736053366516353,1.8186088372257747,3.05524415517412,871456
657,117851,117860,1.125867572902589,0.49736053366516353,2.2636849864339124,3.05524415517412,871456
658,117940,117946,0.8697108587517365,0.5480237297166043,1.5869948901692343,1.9479186189661337,871460
658,117885,117940,0.9121276146828724,0.5480237297166043,1.6643943778758534,1.9479186189661337,871460
658,117888,117940,0.9578146727747219,0.5480237297166043,1.747761311850547,1.9479186189661337,871460
660,117968,118057,0.9150441190689538,0.553930759560282,1.6519106463691031,3.6084163491055796,871464
660,117968,118082,0.9425726635225958,0.553930759560282,1.7016073710563089,3.6084163491055796,871464
660,118057,118082,0.993118400835085,0.553930759560282,1.7928565686141644,3.6084163491055796,871464
661,117983,117994,0.15570905735529958,0.5014854061132027,0.3104956903175576,44.34425836153725,871468
664,118705,118710,0.8759858421198976,0.49958498893071657,1.7534270675242027,6.679407009062818,871470
664,118710,118717,0.8798329919947598,0.49958498893071657,1.7611277590183496,6.679407009062818,871470
664,118709,118710,0.9052163746146107,0.49958498893071657,1.8119366968012482,6.679407009062818,871470
669,119297,119302,0.9081652036373542,0.5263832511951262,1.7252927435958716,6.3510852621347285,871476
669,119302,119312,0.9113658747219823,0.5263832511951262,1.731373239275324,6.3510852621347285,871476
669,119297,119312,0.9339072931867486,0.5263832511951262,1.774196445396695,6.3510852621347285,871476
670,119364,119370,0.8868015066537891,0.48703915374755957,1.820801263779776,7.6791407941173055,871480
670,119370,119373,0.8988969032267636,0.48703915374755957,1.845635810406891,7.6791407941173055,871480
670,119365,119370,0.9108656560313537,0.48703915374755957,1.8702103291339702,7.6791407941173055,871480
671,119391,119393,0.8915892916001154,0.5293544816227053,1.684295349435789,6.220485952005277,871484
671,119389,119391,0.9075332065260705,0.5293544816227053,1.7144148921608835,6.220485952005277,871484
671,119390,119391,0.9587582900435054,0.5293544816227053,1.811183853784496,6.220485952005277,871484
673,119583,120455,0.9389881787940815,0.5873197353253504,1.5987683067961636,13.297688073869802,871488
673,119564,119583,0.9808829795245784,0.5873197353253504,1.670100493015462,13.297688073869802,871488
673,119564,120455,1.009583469355237,0.5873197353253504,1.7189673845983913,13.297688073869802,871488
674,119566,119574,0.8240273534273067,0.4967757306480272,1.658751228350851,10.75936863073511,871492
674,119568,119576,0.861038093298439,0.4967757306480272,1.7332531365315367,10.75936863073511,871492
674,119568,119574,0.8982893288166595,0.4967757306480272,1.8082391578285661,10.75936863073511,871492
675,120625,120646,0.8912557968835603,0.5797027079698598,1.5374359730089426,15.775797713527306,871496
675,119580,119589,0.9810940297830206,0.5797027079698598,1.6924089128699225,15.775797713527306,871496
675,119589,120625,1.052754748727793,0.5797027079698598,1.8160252388928437,15.775797713527306,871496
677,120298,120303,0.8873821673530564,0.5438221852413692,1.6317505821488363,12.956825532854737,871500
677,120296,120301,0.8968480803165457,0.5438221852413692,1.6491568469544693,12.956825532854737,871500
677,120296,120303,1.04984223789279,0.5438221852413692,1.9304880646361087,12.956825532854737,871500
678,120359,120532,0.8398852738359274,0.5410118188818124,1.5524342436212208,17.282609154850018,871504
678,120357,120532,0.8653039530927579,0.5410118188818124,1.5994178368990293,17.282609154850018,871504
678,120357,120359,0.9006464818366342,0.5410118188818124,1.664744558997123,17.282609154850018,871504
679,120635,120637,0.8559058342986374,0.525706253318633,1.6281066258876493,13.343407539318832,871508
679,120637,120649,0.8562460355664441,0.525706253318633,1.628753757751992,13.343407539318832,871508
679,120635,120649,0.9964553228070381,0.525706253318633,1.8954602813200359,13.343407539318832,871508
682,121823,121837,0.903980459218388,0.5776832187464134,1.5648376651481197,4.775413252672706,871512
682,121837,121839,0.9494865550129653,0.5776832187464134,1.6436111076125324,4.775413252672706,871512
682,121823,121839,0.9863518191773984,0.5776832187464134,1.707426816582635,4.775413252672706,871512
683,121876,121952,0.9212472255963908,0.5303678866901442,1.736996618225887,1.1270853194782575,871516
683,121879,121955,0.9490067782364495,0.5303678866901442,1.7893368019675857,1.1270853194782575,871516
683,121879,121952,1.0965797067183558,0.5303678866901442,2.0675831516907217,1.1270853194782575,871516
685,122667,122751,0.8898493445148804,0.555499218015295,1.6018912640312293,12.20589801714727,871520
685,122669,122752,0.9336747258148138,0.555499218015295,1.6807849507883668,12.20589801714727,871520
685,122667,122752,0.9920166729123511,0.555499218015295,1.7858111060113806,12.20589801714727,871520
695,124560,124722,0.9067200619542979,0.5298634226313106,1.711233542884525,1.6982191337772925,871524
695,124556,124560,0.9365815917432552,0.5298634226313106,1.767590574741271,1.6982191337772925,871524
695,124556,124722,0.9854320996870346,0.5298634226313106,1.859785102344605,1.6982191337772925,871524
697,125342,125373,0.8137262323965401,0.5479514436453103,1.485033467533423,29.86956614046813,871528
697,125373,125448,0.9009697404162769,0.5479514436453103,1.6442510570324835,29.86956614046813,871528
697,125343,125373,0.9647754407006085,0.5479514436453103,1.7606951343760102,29.86956614046813,871528
703,127126,127170,0.1952299110101501,0.5128437066188188,0.3806811090601109,17.755631128486126,871532
704,127350,127361,0.8045618729704969,0.50204844564033,1.60255823906462,4.909358861338301,871534
704,127361,143608,0.8962500011644061,0.50204844564033,1.7851862881903713,4.909358861338301,871534
704,127350,143608,0.9302044217317568,0.50204844564033,1.8528180493524717,4.909358861338301,871534
705,127495,127497,0.8261282156910362,0.5151955310958166,1.6035236445740677,4.216673907357076,871538
705,127496,127498,0.9321579205350724,0.5151955310958166,1.8093284282811621,4.216673907357076,871538
705,127496,127497,1.0591035084166995,0.5151955310958166,2.0557311632032116,4.216673907357076,871538
706,127658,145737,0.8522208846206403,0.49369614391904476,1.7262052683976112,8.106837201393184,871542
706,127658,145636,0.8552736176726602,0.49369614391904476,1.732388693343544,8.106837201393184,871542
706,145636,145737,0.908720786714047,0.49369614391904476,1.8406479327556933,8.106837201393184,871542
707,127781,127784,0.9060780726559045,0.49860810799798744,1.8172148790239122,2.4778680539111604,871546
707,127780,127784,0.9118333327221966,0.49860810799798744,1.828757531407566,2.4778680539111604,871546
707,127780,127781,0.9147871524469392,0.49860810799798744,1.8346816623580289,2.4778680539111604,871546
708,127955,127959,0.8066752939694876,0.501872027073573,1.6073326474743557,9.496346369645611,871550
708,127954,127958,0.8427649143005737,0.501872027073573,1.679242653181439,9.496346369645611,871550
708,127954,127959,0.976162041354538,0.501872027073573,1.9450417411118939,9.496346369645611,871550
709,128218,128289,0.8686681296007205,0.5349347250571983,1.6238768748987786,1.8774678677778052,871554
709,128210,128218,0.904265282585543,0.5349347250571983,1.6904217285367924,1.8774678677778052,871554
709,128210,128289,0.9696356577871269,0.5349347250571983,1.8126242555733278,1.8774678677778052,871554
711,128463,128560,0.19716788983173175,0.5336818778013885,0.3694483512237761,3.66214266974343,871559
713,128997,129003,0.6827555552401943,0.42014033326192546,1.625065486903749,9.396229521743805,871562
713,128997,129005,0.7046473372460224,0.42014033326192546,1.6771713674219622,9.396229521743805,871562
713,129003,129005,0.8029130824138324,0.42014033326192546,1.9110592791225245,9.396229521743805,871562
714,129062,129072,0.7465605088653174,0.42593189537124326,1.7527696727539352,5.323521461528248,871566
714,129062,129067,0.7511136205845984,0.42593189537124326,1.7634594374058932,5.323521461528248,871566
714,129067,129072,0.8631354290764837,0.42593189537124326,2.0264634756318793,5.323521461528248,871566
716,129468,129470,0.8820620009701677,0.521444962109534,1.691572582083712,6.948422515711947,871570
716,129462,129465,0.9045754596641351,0.521444962109534,1.7347477210339244,6.948422515711947,871570
716,129462,129470,0.953023078792049,0.521444962109534,1.8276580426370257,6.948422515711947,871570
720,131294,151357,0.8182255955631057,0.558397170829179,1.4653111410792081,2.4881546758092274,871574
720,131303,151365,0.8763239779382215,0.558397170829179,1.5693560492739327,2.4881546758092274,871574
720,131303,151357,0.9587937565612767,0.558397170829179,1.7170462291876196,2.4881546758092274,871574
723,131858,131861,0.8423270593944298,0.5190645784790828,1.6227789263959063,2.5287743153581714,871579
723,131820,131823,0.8894841355943284,0.5190645784790828,1.7136290405340626,2.5287743153581714,871579
723,131823,131858,0.972064528019255,0.5190645784790828,1.8727236808712944,2.5287743153581714,871579
724,133052,133519,0.9266147841749761,0.5685770826544225,1.6297082883626643,8.101531403322412,871583
724,133512,133519,0.9278395471091917,0.5685770826544225,1.6318623726048531,8.101531403322412,871583
724,133052,133512,1.0058967562729166,0.5685770826544225,1.7691475561710146,8.101531403322412,871583
727,133938,133942,0.7398948743869421,0.49750013872440607,1.4872254634622575,11.98056459725046,871587
727,133941,133942,0.8040185813864907,0.49750013872440607,1.6161173008875942,11.98056459725046,871587
727,133938,133941,0.934241546865801,0.49750013872440607,1.8778719323801658,11.98056459725046,871587
728,133966,134000,0.7725559470148801,0.48847779190114415,1.5815579742286958,3.783928827331632,871591
728,133965,133999,0.8346146247860456,0.48847779190114415,1.708603008414661,3.783928827331632,871591
728,133966,133999,0.8443281380714286,0.48847779190114415,1.7284882794473075,3.783928827331632,871591
729,134041,134203,0.9239146515968725,0.5930409904648622,1.557927135648163,12.193355233629083,871595
729,134041,134186,0.9434102837806931,0.5930409904648622,1.5908011401390478,12.193355233629083,871595
729,134186,134203,0.9610565759913177,0.5930409904648622,1.6205567430304977,12.193355233629083,871595
732,154317,154391,0.9524073155516145,0.6031899411197718,1.57895092511581,10.305112142044381,871599
732,134245,154391,0.9601257024647788,0.6031899411197718,1.5917468727717603,10.305112142044381,871599
732,134245,154317,0.9845859430317776,0.6031899411197718,1.6322983456984979,10.305112142044381,871599
733,134594,134596,0.7355906261014562,0.5399630551762956,1.362298066598814,29.06646104813262,871603
733,134596,134598,0.9035751452348054,0.5399630551762956,1.6734017940168,29.06646104813262,871603
733,134594,134598,0.9622238742488702,0.5399630551762956,1.78201798257236,29.06646104813262,871603
738,135228,135231,0.9170504059034535,0.5144323905098708,1.7826451499186022,4.465209309156065,871608
738,135251,135254,0.9278740940168062,0.5144323905098708,1.803685209434732,4.465209309156065,871608
738,135228,135254,1.2020773583926267,0.5144323905098708,2.3367062039021462,4.465209309156065,871608
745,137102,137105,0.17469056110505435,0.43128331022389915,0.4050482756088205,51.25302895841606,871612
748,137537,137560,0.8073302291999163,0.5245009832424714,1.5392349204171,20.597635865842427,871614
748,137557,137560,0.9156636567150706,0.5245009832424714,1.7457806295317635,20.597635865842427,871614
748,137541,137560,0.9712732148944921,0.5245009832424714,1.8518043739214165,20.597635865842427,871614
749,138250,138516,0.9266771371467423,0.5332374754530222,1.737831978818566,5.065112281810354,871618
749,138147,138250,0.9269039918943144,0.5332374754530222,1.7382574079341386,5.065112281810354,871618
749,138147,138516,0.9478090222291942,0.5332374754530222,1.7774613860812476,5.065112281810354,871618
750,138724,138729,0.8283339160347855,0.5012716808830889,1.65246501572862,4.11478586300689,871622
750,138722,138727,0.8363984461694752,0.5012716808830889,1.6685531580319766,4.11478586300689,871622
750,138722,138729,1.0289931037231792,0.5012716808830889,2.0527652827113734,4.11478586300689,871622
751,138982,139036,0.8188078201065364,0.48844281697732916,1.6763637249773313,2.8491455595928548,871626
751,138983,139044,0.8721879001263402,0.48844281697732916,1.785649967223947,2.8491455595928548,871626
751,138983,139036,1.0536967111340092,0.48844281697732916,2.1572570514081613,2.8491455595928548,871626
752,139104,139343,0.9381925857243206,0.5342836453764871,1.7559822274986838,5.508631318659151,871630
752,139102,139341,0.9608470901382355,0.5342836453764871,1.7983838705397155,5.508631318659151,871630
752,139102,139343,1.117742650851282,0.5342836453764871,2.0920398004390646,5.508631318659151,871630
754,139375,139377,0.8990338166500208,0.5069114050121655,1.7735521587415155,10.579906937972394,871634
754,139377,139532,0.8997562109317871,0.5069114050121655,1.7749772485592303,10.579906937972394,871634
754,139375,139532,0.9259689683617737,0.5069114050121655,1.8266879758595116,10.579906937972394,871634
755,139856,139951,0.9071114069583199,0.5374715029868705,1.687738609242096,11.447027426917018,871638
755,139854,139856,0.9199332597519396,0.5374715029868705,1.711594483874268,11.447027426917018,871638
755,139854,139951,0.947574798936406,0.5374715029868705,1.7630233299263003,11.447027426917018,871638
756,140187,140193,0.7549689864335533,0.4773063410508185,1.5817283817588592,3.2831894471896663,871642
756,140186,140192,0.765404988916703,0.4773063410508185,1.6035927518407112,3.2831894471896663,871642
756,140187,140192,0.8003945118421196,0.4773063410508185,1.676898970334237,3.2831894471896663,871642
757,141941,141944,0.8919885467497439,0.53323488230397,1.6727873144676735,4.770963340911733,871646
757,140421,140424,0.8987570576874895,0.53323488230397,1.685480615604502,4.770963340911733,871646
757,140424,141941,0.9977685239606257,0.53323488230397,1.8711613907355908,4.770963340911733,871646
758,140449,140451,0.783497969799575,0.5053062337274801,1.5505408750253582,9.155778337322005,871650
758,140451,140462,0.8525645675091684,0.5053062337274801,1.6872235302146905,9.155778337322005,871650
758,140449,140462,0.8943668556883845,0.5053062337274801,1.7699501727713323,9.155778337322005,871650
760,140704,140705,0.8709750338047316,0.5273976807819939,1.6514578382546197,13.761344177394282,871654
760,140705,140710,0.8767305699231858,0.5273976807819939,1.6623709240116906,13.761344177394282,871654
760,140704,140710,0.9281943668680724,0.5273976807819939,1.7599515521035307,13.761344177394282,871654
761,140961,140965,0.9219841706908506,0.5266135430835258,1.7507794525987255,3.3777912135961556,871658
761,140958,140965,0.9487679871512886,0.5266135430835258,1.8016399304808712,3.3777912135961556,871658
761,140958,140961,0.9723919708182628,0.5266135430835258,1.846500120609379,3.3777912135961556,871658
762,141083,141084,0.813171318528629,0.5111124310920442,1.5909832535107882,8.358353690156264,871662
762,141083,141087,0.8849278906380132,0.5111124310920442,1.7313761841935127,8.358353690156264,871662
762,141084,141087,0.9185656154620699,0.5111124310920442,1.7971889541004904,8.358353690156264,871662
763,141861,141864,0.8363503715118703,0.4884617305602056,1.7122126856338964,9.785124464777635,871666
763,141864,144149,0.8372350489515854,0.4884617305602056,1.714023835585604,9.785124464777635,871666
763,144149,144152,0.8494785701116364,0.4884617305602056,1.7390893021186917,9.785124464777635,871666
764,142141,142145,0.4746304687617716,0.48731623959738346,0.9739680933964099,14.20508082899082,871670
766,142393,142400,0.9136711329708901,0.5172721280778632,1.7663258532138781,8.517726074262441,871673
766,142405,142413,0.9245475119434791,0.5172721280778632,1.7873522692572181,8.517726074262441,871673
766,142400,142405,1.0731180141581504,0.5172721280778632,2.0745714990400907,8.517726074262441,871673
767,142480,142537,0.7854402681993352,0.48454806306571757,1.6209749415360033,12.585923564375399,871677
767,142488,142537,0.7890399089924071,0.48454806306571757,1.628403803742772,12.585923564375399,871677
767,142480,142488,0.860760066708107,0.48454806306571757,1.7764183417886557,12.585923564375399,871677
769,143402,143411,0.7275447293929068,0.5122258283057821,1.42035932041792,6.006566162845122,871681
769,143393,143411,0.8095603855258982,0.5122258283057821,1.5804755262021208,6.006566162845122,871681
769,143393,143397,0.8181182330574843,0.5122258283057821,1.597182703112531,6.006566162845122,871681
771,144407,144423,0.8771655983192788,0.5357532582667953,1.6372566751287332,11.33909595732841,871685
771,144407,144421,0.9292798314207391,0.5357532582667953,1.734529500440247,11.33909595732841,871685
771,144421,144423,0.9740704742983611,0.5357532582667953,1.8181326184549156,11.33909595732841,871685
772,144805,144808,0.8406426760548023,0.4820435000687878,1.7439145552939561,7.126531973403245,871689
772,144803,144805,0.8428247526254284,0.4820435000687878,1.7484412765759871,7.126531973403245,871689
772,144803,144808,0.8507428841559929,0.4820435000687878,1.7648674529053736,7.126531973403245,871689
775,145228,145237,0.6898680332749408,0.4678405475644981,1.4745793986140827,12.692342824039724,871693
775,145230,145237,0.851676520219728,0.4678405475644981,1.8204418677547671,12.692342824039724,871693
775,145227,145237,0.8656743719074809,0.4678405475644981,1.8503620013571738,12.692342824039724,871693
776,145546,145548,0.9140794122175627,0.5342703637624243,1.7108929751979078,6.741878564325626,871697
776,145536,145546,0.9478181286827194,0.5342703637624243,1.7740421198136842,6.741878564325626,871697
776,145536,145548,0.9508233656419092,0.5342703637624243,1.7796670564806298,6.741878564325626,871697
777,145722,166006,0.7554821143486868,0.4961742762277298,1.5226144331632825,42.28580467228381,871701
777,145700,165972,0.7713990306304903,0.4961742762277298,1.5546937186974203,42.28580467228381,871701
777,145700,166006,0.8918166015638848,0.4961742762277298,1.7973858063422992,42.28580467228381,871701
780,145955,145959,0.825435768396904,0.4692798714127357,1.7589413454107565,14.691068691920023,871705
780,145958,145961,0.8485835953193442,0.4692798714127357,1.8082676181374242,14.691068691920023,871705
780,145955,145961,1.0361097635691745,0.4692798714127357,2.207871734302252,14.691068691920023,871705
781,146035,146039,0.8776872265663916,0.5348305970954408,1.641056497763848,8.861690539399856,871709
781,146039,146165,0.9382956255825627,0.5348305970954408,1.7543791074748916,8.861690539399856,871709
781,146035,146165,0.9779663280217984,0.5348305970954408,1.8285534397862429,8.861690539399856,871709
783,146312,146345,0.8471419400622265,0.5339622476537974,1.5865202901226154,14.361312777556918,871713
783,146314,146345,0.8851157937126121,0.5339622476537974,1.6576374033965233,14.361312777556918,871713
783,146313,146345,0.9531145977804394,0.5339622476537974,1.784984990920942,14.361312777556918,871713
785,146433,146606,0.14504828399934783,0.4743035627085859,0.30581318675117375,38.300634800867584,871717
788,147217,147237,0.8693859540030272,0.5570285083589682,1.5607566595905091,22.610944089796888,871719
788,163659,163703,0.8843217240979014,0.5570285083589682,1.5875699552670188,22.610944089796888,871719
788,147237,163659,0.9153906023253002,0.5570285083589682,1.6433460560610862,22.610944089796888,871719
789,147336,147353,0.8314068199058675,0.5200068943034121,1.5988380712136496,5.496840057256929,871723
789,147337,147354,0.8675744753412796,0.5200068943034121,1.668390332600225,5.496840057256929,871723
789,147337,147353,1.0231648326912524,0.5200068943034121,1.9675985912876366,5.496840057256929,871723
790,147683,147684,0.8868724790236644,0.5235655548157041,1.6939091406344424,4.746592459494708,871727
790,147685,147686,0.8934749017650605,0.5235655548157041,1.7065196393211257,4.746592459494708,871727
790,147683,147686,0.9319265843223704,0.5235655548157041,1.7799616031853165,4.746592459494708,871727
791,149030,149063,0.828285632213881,0.5155693626874795,1.606545485744775,4.7598517912571365,871731
791,149030,149032,0.8610208474604704,0.5155693626874795,1.6700388148983003,4.7598517912571365,871731
791,149032,149063,0.9377937886108393,0.5155693626874795,1.8189478593577673,4.7598517912571365,871731
792,149292,149294,0.8958854432044989,0.5155441399508794,1.7377473115878264,8.139033749612983,871735
792,149293,149295,0.9166081116008377,0.5155441399508794,1.7779430325561865,8.139033749612983,871735
792,149292,149295,0.9378125447446104,0.5155441399508794,1.819073231700324,8.139033749612983,871735
793,150321,169822,0.8531939567503933,0.5204568138101584,1.6393174882356407,2.33183497896215,871739
793,169822,169855,0.9070091268196179,0.5204568138101584,1.7427173643468874,2.33183497896215,871739
793,150321,169855,0.9257027185944441,0.5204568138101584,1.7786350260602084,2.33183497896215,871739
794,150607,150612,0.7528627012888339,0.48309202324499606,1.5584250309739143,3.9876837815758357,871743
794,150602,150612,0.8345606100709344,0.48309202324499606,1.7275396196051327,3.9876837815758357,871743
794,150602,150607,0.9102668150072539,0.48309202324499606,1.8842513873296138,3.9876837815758357,871743
795,150757,150767,0.8383040165495683,0.568112681913749,1.475594619232316,2.6067362309934814,871747
795,150740,150750,0.9160339559178439,0.568112681913749,1.6124159609183242,2.6067362309934814,871747
795,150740,150767,1.0892281066642868,0.568112681913749,1.9172747613996297,2.6067362309934814,871747
796,151448,151458,0.875458587928552,0.5352686913278154,1.6355497754909667,5.31638429310537,871751
796,151449,151459,0.8822004199918984,0.5352686913278154,1.648145005087942,5.31638429310537,871751
796,151449,151458,0.9949988775698417,0.5352686913278154,1.8588774080949806,5.31638429310537,871751
797,153004,153048,0.9166006888828518,0.5449212158290908,1.6820792845957655,6.651838779654918,871755
797,151636,151679,0.9258643988814328,0.5449212158290908,1.6990793751216708,6.651838779654918,871755
797,151679,153004,1.131543879830792,0.5449212158290908,2.0765274813335393,6.651838779654918,871755
798,151683,153057,0.8829295059002428,0.5024933395941054,1.757096933092564,7.517919074927949,871759
798,151682,153056,0.9022226748531147,0.5024933395941054,1.7954918080743025,7.517919074927949,871759
798,151683,153056,0.9204451988261528,0.5024933395941054,1.8317560180392696,7.517919074927949,871759
808,153775,153785,0.93243584735827,0.5657596963245966,1.6481128885916578,4.9542827781032255,871763
808,153777,153787,0.9388175794474267,0.5657596963245966,1.6593928226884396,4.9542827781032255,871763
808,153777,153785,1.0631143563679752,0.5657596963245966,1.8790917120367452,4.9542827781032255,871763
811,153944,153945,0.7313517193050962,0.45619307676815424,1.6031626882333918,7.269611669517756,871767
811,153945,153948,0.8132065419706012,0.45619307676815424,1.7825929050297442,7.269611669517756,871767
811,153944,153948,0.8357827740026499,0.45619307676815424,1.8320812317531292,7.269611669517756,871767
813,154403,154404,0.9020670567788465,0.5459779122996895,1.6522043043450045,11.908098096051775,871771
813,154400,154404,0.9207441340908478,0.5459779122996895,1.6864127895075862,11.908098096051775,871771
813,154400,154403,0.9531943209352464,0.5459779122996895,1.7458477705084048,11.908098096051775,871771
814,154554,154558,0.9064162899419067,0.5224564215162031,1.7349127173352117,10.674567279500689,871775
814,154553,154557,0.9066109718548111,0.5224564215162031,1.7352853453763015,10.674567279500689,871775
814,154554,154557,1.09661302370256,0.5224564215162031,2.098955967504651,10.674567279500689,871775
815,154591,154596,0.8002802975208314,0.5240078153260208,1.5272296979443383,13.62633044098433,871779
815,154590,154591,0.8919454077815074,0.5240078153260208,1.7021605054240798,13.62633044098433,871779
815,154591,154592,0.9574791387306044,0.5240078153260208,1.8272230121890296,13.62633044098433,871779
817,154913,154929,0.9071067907529676,0.5187577438862394,1.7486134933763822,2.1342836837439716,871783
817,154755,154929,0.923222973997267,0.5187577438862394,1.77968037080469,2.1342836837439716,871783
817,154755,154913,0.987899316471209,0.5187577438862394,1.9043557963500004,2.1342836837439716,871783
820,154961,154966,0.9469153386122614,0.5327601073116291,1.7773765820990404,2.8089305556973954,871787
820,154960,154961,0.9614444583888144,0.5327601073116291,1.8046479929594907,2.8089305556973954,871787
820,154960,154966,0.9681452399787935,0.5327601073116291,1.817225476705021,2.8089305556973954,871787
821,155106,155107,0.8404026129951998,0.4931214559157944,1.7042507538725047,1.0891642333410387,871791
821,155112,155113,0.8793886510553758,0.4931214559157944,1.7833104613593218,1.0891642333410387,871791
821,155107,155112,0.8902502298242462,0.4931214559157944,1.8053366349085924,1.0891642333410387,871791
823,155534,155590,0.8949333495069994,0.4988463007277303,1.7940061862771093,1.8588354837900154,871795
823,155564,155602,0.9371458592098415,0.4988463007277303,1.8786264583754717,1.8588354837900154,871795
823,155534,155602,1.1649074700016868,0.4988463007277303,2.3352031844323364,1.8588354837900154,871795
825,155700,155703,0.828320409663341,0.5186416757565095,1.5970957375438886,8.490525373686506,871799
825,155703,155711,0.8316045368899719,0.5186416757565095,1.6034279074795974,8.490525373686506,871799
825,155703,155710,0.8827210982894474,0.5186416757565095,1.7019864379426863,8.490525373686506,871799
826,155750,155766,0.8582567909955209,0.4947648588352312,1.7346761308311538,5.370126978387112,871803
826,155756,155771,0.8860449675403459,0.4947648588352312,1.7908405411537536,5.370126978387112,871803
826,155750,155771,1.0953063670733654,0.4947648588352312,2.2137917588810185,5.370126978387112,871803
830,155911,155916,0.9111196082514271,0.5472512889030973,1.6649017128450485,7.415411089049666,871807
830,155896,155905,0.9271952305187698,0.5472512889030973,1.6942769241845492,7.415411089049666,871807
830,155905,155911,1.0613760053489478,0.5472512889030973,1.939467346849662,7.415411089049666,871807
831,156091,156094,0.8843474936044595,0.5486909434611819,1.6117406422382918,2.9884238014369338,871811
831,156089,156092,0.925720564710484,0.5486909434611819,1.6871438753316617,2.9884238014369338,871811
831,156091,156092,0.9690394954981105,0.5486909434611819,1.7660934758378548,2.9884238014369338,871811
832,156191,156198,0.8588046594509449,0.5689627456678746,1.509421602714674,4.8569815298502546,871815
832,156193,156201,0.9142736596274393,0.5689627456678746,1.6069130476270865,4.8569815298502546,871815
832,156193,156198,0.9894493233035703,0.5689627456678746,1.73904061529039,4.8569815298502546,871815
833,156519,156520,0.7469523769753934,0.47252574820042925,1.5807654499677377,7.054925893531972,871819
833,156515,156516,0.8339532462911353,0.47252574820042925,1.764884240630631,7.054925893531972,871819
833,156516,156519,0.8699209932036209,0.47252574820042925,1.8410023083750142,7.054925893531972,871819
836,157515,157519,0.8097651875464047,0.47116380529250107,1.71864896762114,3.3882040119947057,871823
836,157515,157516,0.8473231477382863,0.47116380529250107,1.7983621369478149,3.3882040119947057,871823
836,157514,157515,0.8687032666028948,0.47116380529250107,1.84373938924192,3.3882040119947057,871823
839,158330,158337,0.45761728498426474,0.33607807624604014,1.3616398013693898,9.191382794719111,871827
843,158854,159221,0.843791239502212,0.5253075779207733,1.6062803488235082,3.4860970798785433,871829
843,158855,159222,0.882785947763288,0.5253075779207733,1.6805124937611875,3.4860970798785433,871829
843,158855,159221,0.9928089128963998,0.5253075779207733,1.8899573404709857,3.4860970798785433,871829
844,158883,158886,0.8334237265319321,0.5084878484625309,1.639023880416967,7.721891370089031,871833
844,158880,158883,0.9010538870558943,0.5084878484625309,1.772026391152375,7.721891370089031,871833
844,158880,158886,0.9078212023235611,0.5084878484625309,1.7853350971285915,7.721891370089031,871833
847,160360,160379,0.4880499611555772,0.522963305577274,0.9332393993051623,10.417000187973803,871837
849,160386,160630,0.6779432203769303,0.5922102424526493,1.1447678067323124,35.172124288275896,871839
851,160805,160836,0.8841405521791567,0.5299521706075413,1.6683402790209747,17.85590252765797,871841
851,160804,160836,0.9315209179261742,0.5299521706075413,1.7577452638004507,17.85590252765797,871841
851,160804,160805,0.950132012482553,0.5299521706075413,1.7928637057818149,17.85590252765797,871841
854,161576,161580,0.7842443345034126,0.5134916497737292,1.5272776779310646,19.663907491840877,871846
854,161578,161580,0.8734269922975174,0.5134916497737292,1.7009565641084803,19.663907491840877,871846
854,161576,161578,0.9279245917377922,0.5134916497737292,1.8070879870133887,19.663907491840877,871846
855,161704,161731,0.866557288985523,0.4798093356733384,1.8060450778212631,3.5779908318860945,871850
855,161702,161704,0.8673490220198928,0.4798093356733384,1.8076951770909215,3.5779908318860945,871850
855,161702,161731,0.9342487815710233,0.4798093356733384,1.947125060124037,3.5779908318860945,871850
856,161931,161936,0.9304927168645089,0.5588314666493529,1.6650685804139953,3.775104827995291,871854
856,161884,161931,0.9429711362750074,0.5588314666493529,1.6873980664132657,3.775104827995291,871854
856,161884,161936,0.9962771001987801,0.5588314666493529,1.7827863312212322,3.775104827995291,871854
857,162600,162609,0.5265980125400361,0.46540934862615324,1.1314727864717509,9.632053679417044,871858
857,162477,162600,0.644754626490758,0.46540934862615324,1.385349538839338,9.632053679417044,871858
857,162477,162509,0.8677220355176969,0.46540934862615324,1.8644276013774426,9.632053679417044,871858
857,162509,162609,0.9586983179527944,0.46540934862615324,2.0599034393760807,9.632053679417044,871858
857,162477,162609,0.9606296991058085,0.46540934862615324,2.064053294033524,9.632053679417044,871858
858,162505,162506,0.8875233042176338,0.5550300859165864,1.5990544057660627,6.812461445849809,871864
858,162506,162514,0.8972424417738378,0.5550300859165864,1.6165654160749068,6.812461445849809,871864
858,162506,162512,0.9730034342008689,0.5550300859165864,1.7530643092870073,6.812461445849809,871864
859,183583,183588,0.8830064196445281,0.5343190471265152,1.6525827113841427,4.642143063436655,871868
859,162634,162638,0.933621022557436,0.5343190471265152,1.74731001557647,4.642143063436655,871868
859,162638,183583,1.0692068924839835,0.5343190471265152,2.001064529205934,4.642143063436655,871868
860,162659,162661,0.6723952104317408,0.6177530458054776,1.0884530881673211,30.507348819639578,871872
862,163086,163111,0.6618380472855045,0.5365045271357094,1.2336113002045406,3.3159168034259845,871874
865,163497,163500,0.8306009771898303,0.5254811545907992,1.5806484589093075,6.729222976374873,871876
865,163495,163497,0.9088583218861435,0.5254811545907992,1.7295735802245589,6.729222976374873,871876
865,163495,163500,0.9241618929886517,0.5254811545907992,1.7586965487055604,6.729222976374873,871876
868,163647,163653,0.8721639037646788,0.514453091880319,1.695322503703752,7.248903782019304,871880
868,163649,163653,0.9279137858820105,0.514453091880319,1.803689783436811,7.248903782019304,871880
868,163647,163649,0.9458970758040571,0.514453091880319,1.838645914920671,7.248903782019304,871880
869,163741,163746,0.6783624951912791,0.5907923666160588,1.1482248815718534,20.110230252779804,871884
870,163839,163870,0.22684963665455246,0.48442139961528685,0.46828987496157215,25.144002640266432,871886
871,163980,168201,0.16085271809910537,0.5074950937888862,0.3169542327950441,44.158291445234994,871888
872,164058,164137,0.8165928740228237,0.5280462761090524,1.546441876344528,5.717739642444615,871890
872,164058,164088,0.85062233690756,0.5280462761090524,1.6108859685091104,5.717739642444615,871890
872,164057,164088,0.8650761179370091,0.5280462761090524,1.63825815478027,5.717739642444615,871890
872,164057,164137,0.9422466461128477,0.5280462761090524,1.7844016495218205,5.717739642444615,871890
872,164088,164137,1.0370658719386945,0.5280462761090524,1.9639677786961973,5.717739642444615,871890
873,164503,164505,0.7939244449409609,0.5024154530211208,1.5802150195957159,20.435252510175015,871896
873,164505,164507,0.8418656068733384,0.5024154530211208,1.6756363718731948,20.435252510175015,871896
873,164505,164506,0.8666783934776356,0.5024154530211208,1.7250233611767545,20.435252510175015,871896
875,164773,164777,0.8181949609189222,0.49960930134673953,1.6376695924463534,6.477389911990637,871900
875,164775,164777,0.8425285922997404,0.49960930134673953,1.6863749134146073,6.477389911990637,871900
875,164774,164777,0.8569056031678254,0.49960930134673953,1.7151514210363241,6.477389911990637,871900
876,164810,164812,0.8252669081711316,0.5075722352074494,1.625910266415257,8.628859177697382,871904
876,164812,164816,0.8317421118273003,0.5075722352074494,1.638667472596013,8.628859177697382,871904
876,164811,164812,0.8681021548792718,0.5075722352074494,1.7103026813995654,8.628859177697382,871904
877,164906,164914,0.866876516730916,0.5212138162931327,1.6631879079801317,9.700586515944574,871908
877,164914,164917,0.8824448797664122,0.5212138162931327,1.6930573445699333,9.700586515944574,871908
877,164906,164917,0.9388759674719267,0.5212138162931327,1.8013259398018322,9.700586515944574,871908
878,165262,185751,0.847502315061024,0.4945482557001487,1.7136898276209394,6.9323559772346295,871912
878,165260,185749,0.8602829391397877,0.4945482557001487,1.739532854932136,6.9323559772346295,871912
878,165260,185751,1.0469203175742456,0.4945482557001487,2.116922475223545,6.9323559772346295,871912
879,165296,165298,0.9126757818755288,0.5422084092256839,1.6832564127489305,2.5382557811273485,871916
879,165298,165303,0.9252068709304297,0.5422084092256839,1.7063676165622323,2.5382557811273485,871916
879,165296,165303,0.9732771864606236,0.5422084092256839,1.7950241455136038,2.5382557811273485,871916
880,165680,165681,0.8516105465224808,0.5108640488804875,1.6670003465475962,20.07007771676049,871920
880,165636,165681,0.8863399254304642,0.5108640488804875,1.734981992514052,20.07007771676049,871920
880,165636,165680,0.9032398475467475,0.5108640488804875,1.7680630483317745,20.07007771676049,871920
881,165652,165710,0.7931968419322843,0.49038807757966635,1.6174880226435053,22.443359095541354,871924
881,165656,165718,0.8798487726357723,0.49038807757966635,1.7941887514441783,22.443359095541354,871924
881,165652,165718,1.0167019173191991,0.49038807757966635,2.07325986051125,22.443359095541354,871924
885,166198,166205,0.35599990604557585,0.5214379283048722,0.682727294508257,5.335986744198417,871928
886,166434,186675,0.8963181132000722,0.5130129822404821,1.7471645830200657,6.683562109518302,871930
886,166436,186677,0.8997769623686996,0.5130129822404821,1.753906808438069,6.683562109518302,871930
886,166434,186677,1.080971225717033,0.5130129822404821,2.1071030619851108,6.683562109518302,871930
889,168507,168509,0.8993011182044868,0.5179643534345698,1.7362220242402995,8.97435905326405,871935
889,168509,168513,0.9158303863948565,0.5179643534345698,1.7681340044388707,8.97435905326405,871935
889,168507,168513,0.9325100244632836,0.5179643534345698,1.8003362939551784,8.97435905326405,871935
890,169210,169238,0.8795855905387804,0.5318168707680648,1.6539257005300683,2.230375468661559,871939
890,169255,169284,0.8856883053625428,0.5318168707680648,1.6654009190859385,2.230375468661559,871939
890,169210,169284,0.9860154332886621,0.5318168707680648,1.8540506845234734,2.230375468661559,871939
892,169343,169349,0.916926955367498,0.5485216621523682,1.6716330796664038,1.2347314322162357,871943
892,169331,169338,0.9385493296428096,0.5485216621523682,1.7110524422317153,1.2347314322162357,871943
892,169331,169349,1.1641200083721104,0.5485216621523682,2.122286299148458,1.2347314322162357,871943
893,169351,169516,0.7353890222114379,0.4874163856449218,1.508749077523138,2.70775576804285,871947
893,169352,169517,0.7717230551726136,0.4874163856449218,1.583293212745635,2.70775576804285,871947
893,169351,169517,0.817127568407682,0.4874163856449218,1.6764466531557098,2.70775576804285,871947
894,169662,169669,0.34728432185097996,0.5212701044736214,0.666227199431795,0.3524864484436117,871951
895,169665,437089,0.2118323183796593,0.5787349764322365,0.3660264663552135,2.116270804194205,871953
896,169689,169690,0.18574973833993288,0.42390196840340855,0.43819031801042063,2.3526627094218475,871955
898,169779,169912,0.761511210031626,0.46682312362560086,1.6312628305927053,2.404033439960695,871957
898,169779,169914,0.8048431196388058,0.46682312362560086,1.724085802322642,2.404033439960695,871957
898,169779,169913,0.8051731838892566,0.46682312362560086,1.7247928458124486,2.404033439960695,871957
899,169801,169803,0.8409324795825003,0.5089414149456043,1.6523168578693468,1.4261785374753337,871961
899,169801,169805,0.8613705156219728,0.5089414149456043,1.6924747924356602,1.4261785374753337,871961
899,169801,169804,0.8633733152796892,0.5089414149456043,1.6964100187680082,1.4261785374753337,871961
900,169866,169869,0.8618779418912721,0.5107485086503847,1.6874800949859277,3.2426432885204024,871965
900,169868,169871,0.879547121523893,0.5107485086503847,1.7220747718833904,3.2426432885204024,871965
900,169868,169869,1.0519928279260282,0.5107485086503847,2.0597080757139,3.2426432885204024,871965
901,169960,169979,0.813943397823354,0.5217204586850741,1.5601140117732555,1.282024011409406,871969
901,169927,169944,0.9031878029142,0.5217204586850741,1.7311719099353755,1.282024011409406,871969
901,169927,169979,1.0741939875486572,0.5217204586850741,2.058945494021871,1.282024011409406,871969
902,169991,169993,0.8845831792084325,0.5172913725717129,1.7100288659575535,4.38398285268351,871973
902,169991,169995,0.914723691256572,0.5172913725717129,1.7682948909606306,4.38398285268351,871973
902,169993,169995,0.9424402470061849,0.5172913725717129,1.8218750533588937,4.38398285268351,871973
903,170410,170436,0.08521760423461872,0.5399156729167862,0.15783502592960064,13.418939766323957,871977
904,170544,170552,0.8596126138832068,0.5221361894077432,1.6463379312172588,1.0235449890255301,871979
904,170543,170552,0.8985971360317845,0.5221361894077432,1.7210014441846277,1.0235449890255301,871979
904,170543,170544,0.926003802219606,0.5221361894077432,1.7734909416448763,1.0235449890255301,871979
905,170835,170843,0.3300116975150586,0.5047635137958493,0.6537946751209344,13.591253672576316,871983
909,171903,171951,0.8489569691905288,0.48786049623671024,1.7401633781363068,8.340340496421929,871985
909,171892,171919,0.8997555232897119,0.48786049623671024,1.844288541971125,8.340340496421929,871985
909,171903,171919,1.0861671997211644,0.48786049623671024,2.2263889126086474,8.340340496421929,871985
911,172136,172140,0.901981381299094,0.5290810388651269,1.7048076098773721,8.217417419026422,871989
911,172138,172140,0.9026088245112804,0.5290810388651269,1.7059935212332815,8.217417419026422,871989
911,172136,172138,1.0562025591183828,0.5290810388651269,1.996296373394756,8.217417419026422,871989
913,172434,172605,0.8568548675339317,0.49027517139260773,1.7477019386889783,3.10217235533606,871993
913,172431,172605,0.8809728717216886,0.49027517139260773,1.7968947299927898,3.10217235533606,871993
913,172431,172434,0.8880318225068423,0.49027517139260773,1.811292666492619,3.10217235533606,871993
914,193562,195862,0.8821128198049106,0.5415623493643554,1.6288296644703373,6.462703059825806,871997
914,172465,193562,0.8841799591836339,0.5415623493643554,1.6326466568833984,6.462703059825806,871997
914,172465,195862,0.901944501953571,0.5415623493643554,1.6654490531186383,6.462703059825806,871997
915,172822,172825,0.9187589876188035,0.5461529679385188,1.6822374711002752,3.0159844408485363,872001
915,172820,172825,0.9274285207319694,0.5461529679385188,1.6981112896494803,3.0159844408485363,872001
915,172820,172822,0.983729752753127,0.5461529679385188,1.8011982182688917,3.0159844408485363,872001
917,172972,172974,0.6934008767214,0.4333944445364275,1.5999302378300757,5.308453633854253,872005
917,172975,172977,0.7171681618198357,0.4333944445364275,1.6547700849902254,5.308453633854253,872005
917,172974,172975,0.9061552683187553,0.4333944445364275,2.0908326808111437,5.308453633854253,872005
926,174908,174930,0.7809850053532572,0.5313598766684813,1.4697854310149927,37.17172955213051,872009
926,174930,175093,0.8599074366610361,0.5313598766684813,1.618314581922296,37.17172955213051,872009
926,174930,175088,0.8891872245288153,0.5313598766684813,1.673418079859245,37.17172955213051,872009
935,175400,175403,0.658919055859722,0.4675920175801478,1.4091751592974524,55.71154519443478,872014
937,175483,175511,0.12097907235120528,0.5419242245738131,0.22323983107850026,44.69706391902023,872016
941,175872,175889,0.927416569694632,0.5459422318075595,1.6987448775011407,16.614140144967628,872018
941,175849,175882,0.9844831378874653,0.5459422318075595,1.8032734610545538,16.614140144967628,872018
941,175872,175882,1.1110039792670385,0.5459422318075595,2.0350211332591304,16.614140144967628,872018
942,175936,176138,0.913662844600301,0.539210120282098,1.694446766174012,3.9809255673744195,872022
942,175936,176151,0.9292167687144002,0.539210120282098,1.723292523197196,3.9809255673744195,872022
942,176138,176151,0.9590990388136675,0.539210120282098,1.778711123433471,3.9809255673744195,872022
946,176469,176481,0.854726888197599,0.5139308069090346,1.6631166622180817,6.859308563209658,872026
946,176471,176484,0.8673698661651302,0.5139308069090346,1.6877172072672697,6.859308563209658,872026
946,176471,176481,1.0336933009919924,0.5139308069090346,2.011347222418903,6.859308563209658,872026
949,176659,198581,0.911961148219875,0.5353635537194005,1.7034427201554707,5.415741599795307,872031
949,176659,176709,0.9222193419434954,0.5353635537194005,1.7226038932542975,5.415741599795307,872031
949,176709,198581,1.0156357618765357,0.5353635537194005,1.897095450036668,5.415741599795307,872031
951,176931,176935,0.8595709355539722,0.5060277608015379,1.698663595436798,7.754851793997162,872035
951,176910,176914,0.9106356488788471,0.5060277608015379,1.799576464809793,7.754851793997162,872035
951,176914,176931,1.0563297985741222,0.5060277608015379,2.0874937708969106,7.754851793997162,872035
952,177129,177133,0.6270285202590812,0.547907845136229,1.1444050780166872,6.442933222686096,872039
955,177392,177452,0.8883913094971041,0.4918083001827587,1.8063772188614404,2.668251569781125,872041
955,177418,177460,0.9234389302418193,0.4918083001827587,1.8776399867563527,2.668251569781125,872041
955,177418,177452,1.09999407475277,0.4918083001827587,2.23663178182232,2.668251569781125,872041
957,178116,178120,0.8695884996795556,0.5088670807639002,1.7088715944724668,12.740989859779907,872045
957,177736,178116,0.8905504166026914,0.5088670807639002,1.7500648995918866,12.740989859779907,872045
957,177736,178120,0.9702994190175048,0.5088670807639002,1.9067836291569746,12.740989859779907,872045
960,178297,178300,0.10597398010241643,0.51614482239925,0.20531830506369605,20.470326129855096,872049
961,178516,178524,0.8977038427737357,0.5225540334971043,1.7179158234910274,9.476007067054729,872051
961,178524,178544,0.9015277240560446,0.5225540334971043,1.7252334998214887,9.476007067054729,872051
961,178516,178544,0.9613191201879365,0.5225540334971043,1.8396549611424322,9.476007067054729,872051
962,179004,179074,0.5080693942009911,0.38914586475860846,1.3056014215033538,3.076192493894989,872055
964,179157,200669,0.7861516113562129,0.4816654986170722,1.6321526320929403,5.3786416966042,872057
964,179155,200667,0.8223188894389991,0.4816654986170722,1.7072405887488094,5.3786416966042,872057
964,179155,200669,0.8854104463261812,0.4816654986170722,1.8382268376462838,5.3786416966042,872057
971,180819,180826,0.8171719741639842,0.5053037735775171,1.6171895340865179,4.943680947362394,872061
971,180819,180828,0.8482514056433137,0.5053037735775171,1.678695964682294,4.943680947362394,872061
971,180826,180828,0.9906563233222552,0.5053037735775171,1.9605163767301286,4.943680947362394,872061
975,181831,181841,0.9421077610133782,0.5653705116747327,1.666354614468094,4.193143145742692,872065
975,181834,181844,0.9439950077581059,0.5653705116747327,1.6696926851770477,4.193143145742692,872065
975,181834,181841,1.0566182816216698,0.5653705116747327,1.8688952815946658,4.193143145742692,872065
976,182242,182246,0.8768055688818748,0.4929823215582413,1.778574059431639,5.5856438990424095,872069
976,182241,182245,0.8916501891626861,0.4929823215582413,1.8086859308551209,5.5856438990424095,872069
976,182242,182245,0.9143083479091649,0.4929823215582413,1.8546473330304765,5.5856438990424095,872069
977,182280,182290,0.8829167931336157,0.5211685320185196,1.6941099450383574,7.923156888734199,872073
977,182276,182280,0.9078300043403634,0.5211685320185196,1.7419125456870521,7.923156888734199,872073
977,182276,182290,0.9409352050804501,0.5211685320185196,1.8054336501019101,7.923156888734199,872073
982,183838,183843,0.8368841927117536,0.5200103017490506,1.6093607951552116,13.517633519089541,872080
982,183836,183841,0.8809328898764465,0.5200103017490506,1.6940681500220967,13.517633519089541,872080
982,183838,183841,1.043890779346446,0.5200103017490506,2.00744249841845,13.517633519089541,872080
986,184577,184579,0.8544885773726564,0.5162993441638943,1.6550254944763343,19.363347456713328,872084
986,184570,184579,0.856769176798806,0.5162993441638943,1.659442698278603,19.363347456713328,872084
986,184570,184577,0.9117463354815271,0.5162993441638943,1.765925806003158,19.363347456713328,872084
987,184686,184688,0.8658562354246586,0.5212163819392087,1.6612222206124874,11.122507212390062,872088
987,184688,184691,0.890645826801893,0.5212163819392087,1.7087832571344086,11.122507212390062,872088
987,184686,184691,0.9444900412885945,0.5212163819392087,1.812088173005187,11.122507212390062,872088
988,185586,185589,0.8629335157433823,0.5153097270387889,1.674591940466955,18.58063181074215,872092
988,185585,185589,0.8663390298050717,0.5153097270387889,1.681200614596316,18.58063181074215,872092
988,185585,185586,0.9353657159066281,0.5153097270387889,1.81515245458625,18.58063181074215,872092
990,186015,207423,0.7942816343027295,0.5080807150182115,1.563298135167873,17.221972602769014,872096
990,186017,207425,0.8257557295668738,0.5080807150182115,1.6252451729786197,17.221972602769014,872096
990,186017,207423,0.9809411372518321,0.5080807150182115,1.930679729138453,17.221972602769014,872096
991,186226,186227,0.937603076650805,0.5864646510754318,1.5987375793774985,3.0942950685567054,872100
991,186220,186221,0.955453891904817,0.5864646510754318,1.6291755865468616,3.0942950685567054,872100
991,186221,186226,1.1000986093007745,0.5864646510754318,1.8758140107565981,3.0942950685567054,872100
994,187170,187182,0.8205301386025323,0.4968163391770449,1.6515763953369682,20.423895171976785,872105
994,187170,187175,0.9042229839473144,0.4968163391770449,1.820034714327474,20.423895171976785,872105
994,187175,187182,0.9114398755928549,0.4968163391770449,1.8345609910950518,20.423895171976785,872105
996,187433,187479,0.9091031772592293,0.5640171602117687,1.6118360244888519,8.583925340847259,872109
996,187433,187477,0.909894079582388,0.5640171602117687,1.6132382909072385,8.583925340847259,872109
996,187477,187479,0.9588999073383992,0.5640171602117687,1.7001254128125567,8.583925340847259,872109
998,188514,188607,0.0494347048581829,0.34659195728964576,0.142630848230764,17.96426355507713,872113
1005,190696,190703,0.2856979520202358,0.4725998793811684,0.6045239630495343,8.668847097591282,872117
1013,191912,191914,0.6977191426795315,0.5047221708809196,1.382382591717268,35.14049078943851,872120
1013,191910,191912,0.8171779639124233,0.5047221708809196,1.6190649253353724,35.14049078943851,872120
1013,191912,191913,0.8598510447325226,0.5047221708809196,1.7036125899359182,35.14049078943851,872120
1017,192370,192379,0.878891046758729,0.5219355045614579,1.6839073775929334,5.698706781083227,872124
1017,192352,192370,0.8955507214196576,0.5219355045614579,1.7158264068893336,5.698706781083227,872124
1017,192352,192379,0.9693834543524615,0.5219355045614579,1.8572859019563341,5.698706781083227,872124
1020,193621,193623,0.8228038021456586,0.4772804682917505,1.7239419100693172,3.5431521085593873,872128
1020,193618,193620,0.8370778403464688,0.4772804682917505,1.753848933610211,3.5431521085593873,872128
1020,193618,193623,0.8632639939586846,0.4772804682917505,1.8087142703501358,3.5431521085593873,872128
1021,193657,193659,0.8947096631264942,0.5257944192748231,1.701634004332872,2.9427647139886712,872132
1021,193657,193677,0.9206891237918309,0.5257944192748231,1.7510439252315526,2.9427647139886712,872132
1021,193659,193677,0.9946106815131852,0.5257944192748231,1.8916341540576918,2.9427647139886712,872132
1022,193959,194242,0.8229897489137995,0.52278940226117,1.574228064597718,2.290918773361248,872136
1022,193959,194119,0.8746947859994946,0.52278940226117,1.6731302934150207,2.290918773361248,872136
1022,194119,194242,0.878406071936565,0.52278940226117,1.680229301009701,2.290918773361248,872136
1029,195312,195314,0.9197025493644952,0.560684672666167,1.6403204763760117,8.246083265025005,872140
1029,195109,195314,0.9358168562326443,0.560684672666167,1.6690608854753408,8.246083265025005,872140
1029,195109,195312,0.9835968922722963,0.560684672666167,1.7542781891916142,8.246083265025005,872140
1034,195569,195575,0.812813472211393,0.4833499832945173,1.6816251170037289,3.0443655440189326,872146
1034,195570,195575,0.8578693767397586,0.4833499832945173,1.7748410187014265,3.0443655440189326,872146
1034,195569,195570,0.8734622902838668,0.4833499832945173,1.8071011078356536,3.0443655440189326,872146
1035,195763,195764,0.22822024434859428,0.47303259813678394,0.4824619809449184,49.44071450951245,872150
1036,195758,437115,0.3127276645290806,0.5323988543347917,0.5873935715354227,6.253506677444319,872152
1038,216432,217354,0.8623239031148278,0.5160050707824553,1.6711539322805968,10.760761524649832,872154
1038,196991,217354,0.9034870760212497,0.5160050707824553,1.7509267392493408,10.760761524649832,872154
1038,196991,216432,0.9330789292940262,0.5160050707824553,1.8082747285392606,10.760761524649832,872154
1040,196128,196169,0.9158061966346175,0.5326508597611731,1.7193367472367196,4.876288180926668,872158
1040,196163,196169,0.9489326281267506,0.5326508597611731,1.7815283890693943,4.876288180926668,872158
1040,196128,196163,0.9646634117265106,0.5326508597611731,1.8110613998802907,4.876288180926668,872158
1041,196753,196755,0.881049011802207,0.5328741793847954,1.6533903234331608,2.4931712028028405,872162
1041,196736,196753,0.9176469814389993,0.5328741793847954,1.7220706443281322,2.4931712028028405,872162
1041,196736,196755,1.0139234861540123,0.5328741793847954,1.9027446353745074,2.4931712028028405,872162
1042,196909,196913,0.7178261924141732,0.4913393282312906,1.4609581427120513,30.58559115217877,872166
1042,196909,196910,0.771282089776097,0.4913393282312906,1.569754435397094,30.58559115217877,872166
1042,196909,196912,0.8843747443104243,0.4913393282312906,1.799926636229124,30.58559115217877,872166
1043,196954,197097,0.8678126603798736,0.5294675643871485,1.6390289391652442,9.326941788055468,872170
1043,197031,197097,0.8993518763250076,0.5294675643871485,1.6985967353184235,9.326941788055468,872170
1043,196954,197031,0.9225991265972323,0.5294675643871485,1.7425035802998212,9.326941788055468,872170
1045,197446,197453,0.920163072391295,0.531984987143641,1.729678646256313,3.0728765674525986,872174
1045,197432,197453,0.9632934124308661,0.531984987143641,1.8107530018901974,3.0728765674525986,872174
1045,197432,197446,0.9778026784749413,0.531984987143641,1.8380268280219818,3.0728765674525986,872174
1046,197587,197591,0.8636169443915497,0.5231584798756096,1.6507750091270434,16.80797844439249,872178
1046,197589,197591,0.8722038972136812,0.5231584798756096,1.6671886832859202,16.80797844439249,872178
1046,197587,197589,0.9019256495542336,0.5231584798756096,1.7240008224060186,16.80797844439249,872178
1047,197918,197920,0.6634875742815237,0.4832296820414569,1.373027359326413,34.37824495787978,872182
1047,197886,197920,0.7860178555309277,0.4832296820414569,1.6265926633693297,34.37824495787978,872182
1047,197886,197892,0.8300927007724802,0.4832296820414569,1.7178015581858763,34.37824495787978,872182
1048,197956,197958,0.9282395825416132,0.5729467227484575,1.6201150049149353,8.313204927763536,872186
1048,197953,197955,1.0123355901066886,0.5729467227484575,1.7668930633732542,8.313204927763536,872186
1048,197953,197958,1.1007897641792643,0.5729467227484575,1.9212777043190234,8.313204927763536,872186
1049,198186,198191,0.9011598335577281,0.5421559704832015,1.6621781970870135,7.501924837896396,872190
1049,198186,198189,0.9144729502383802,0.5421559704832015,1.6867340765856504,7.501924837896396,872190
1049,198189,198191,0.966407992057071,0.5421559704832015,1.7825276205955103,7.501924837896396,872190
1050,198272,198326,0.788616570577429,0.4990681730536554,1.5801780461216546,16.641122214173173,872194
1050,198228,198272,0.8500600956125011,0.4990681730536554,1.703294542729957,16.641122214173173,872194
1050,198272,198310,0.945061535789526,0.4990681730536554,1.8936521838428702,16.641122214173173,872194
1051,198423,198454,0.9195754359501379,0.541661189067982,1.6976948958303995,10.577323816162318,872198
1051,198422,198423,0.9516770090830048,0.541661189067982,1.7569599378543683,10.577323816162318,872198
1051,198422,198454,0.9709496084159664,0.541661189067982,1.7925404810461805,10.577323816162318,872198
1052,198864,198887,0.8553279896590907,0.49538372825354415,1.7265968599221375,6.9018331123929855,872202
1052,198864,198868,0.8921605503991906,0.49538372825354415,1.8009484355581633,6.9018331123929855,872202
1052,198868,198887,0.9200746923399669,0.49538372825354415,1.857296959639054,6.9018331123929855,872202
1053,199179,199181,0.8712821636224045,0.5319926662657006,1.6377710048868375,10.535370075102243,872206
1053,199180,199182,0.9226713194955146,0.5319926662657006,1.7343684941602031,10.535370075102243,872206
1053,199180,199181,0.969307564976513,0.5319926662657006,1.8220318181837456,10.535370075102243,872206
1055,199286,199294,0.8344061338473341,0.5065459445444891,1.6472466966400705,15.720375418951619,872210
1055,199294,199304,0.8722468246908232,0.5065459445444891,1.721950070047822,15.720375418951619,872210
1055,199286,199304,0.9337104245821075,0.5065459445444891,1.8432887177129522,15.720375418951619,872210
1058,199430,199602,0.8708500543418547,0.5091746078211915,1.7103171308331895,3.4188269242193345,872214
1058,199432,199604,0.8852909881893284,0.5091746078211915,1.7386785880340265,3.4188269242193345,872214
1058,199430,199604,1.1253482271358757,0.5091746078211915,2.210142080633895,3.4188269242193345,872214
1059,199619,199623,0.8729399902708667,0.546207328720666,1.5981843237356008,4.239689894488514,872218
1059,199620,199623,0.9129162430511097,0.546207328720666,1.6713731124577809,4.239689894488514,872218
1059,199618,199623,1.066735583444291,0.546207328720666,1.9529865810164304,4.239689894488514,872218
1060,219654,219660,0.7777946106198088,0.4959349625712684,1.5683399423730602,5.797626937258513,872222
1060,199642,199650,0.8297275172641309,0.4959349625712684,1.673057114106761,5.797626937258513,872222
1060,199642,219660,1.0022978004635197,0.4959349625712684,2.0210266992811268,5.797626937258513,872222
1061,199898,199906,0.6636270535157903,0.5801313326596289,1.1439255495361247,5.275280710236488,872226
1062,200098,200119,0.8768676105701222,0.49983086213414,1.754328667954074,7.401984688670964,872228
1062,200119,200165,0.9152164422755117,0.49983086213414,1.831052285102584,7.401984688670964,872228
1062,200098,200165,0.9580267790215848,0.49983086213414,1.9167019317916358,7.401984688670964,872228
1064,200288,200298,0.8376977771280296,0.507745356912405,1.649838380053463,6.996200735490463,872232
1064,200279,200288,0.8510322262080049,0.507745356912405,1.6761004598508282,6.996200735490463,872232
1064,200279,200298,0.8648213543835283,0.507745356912405,1.703258026114703,6.996200735490463,872232
1066,200547,200566,0.8031389616071023,0.5610367935182496,1.4315263649120678,6.814686632990218,872236
1066,200553,200572,0.901351004769966,0.5610367935182496,1.606580914448789,6.814686632990218,872236
1066,200547,200572,0.9773692358035027,0.5610367935182496,1.7420768960168214,6.814686632990218,872236
1067,200826,201052,0.8393611225303961,0.5094863337777417,1.647465431126871,11.462868972038788,872240
1067,201052,220926,0.8841989030001538,0.5094863337777417,1.7354712862344936,11.462868972038788,872240
1067,200826,220926,0.9065987453529488,0.5094863337777417,1.7794368273447028,11.462868972038788,872240
1069,201266,201272,0.3224816496765668,0.5262233477243449,0.6128227701624036,9.675868852322827,872244
1070,201273,437117,0.18410455270136955,0.49965193959238235,0.3684656019779742,18.058821720349783,872246
1071,201535,202086,0.9040873940011827,0.5506988306150031,1.6417093041427495,11.79794294074552,872248
1071,202086,202268,0.9377536502553647,0.5506988306150031,1.7028430026047285,11.79794294074552,872248
1071,201535,202268,1.0532357353283601,0.5506988306150031,1.9125439837090983,11.79794294074552,872248
1072,201613,201614,0.48541339386653415,0.4922852161885853,0.9860409736143312,12.181549723326698,872252
1073,201727,201805,0.885210146578461,0.5130443858435835,1.7254065554638836,5.750195813203776,872254
1073,201737,201813,0.9014709205948366,0.5130443858435835,1.7571012284104328,5.750195813203776,872254
1073,201737,201805,1.0958325094915404,0.5130443858435835,2.1359409433741217,5.750195813203776,872254
1074,201981,201986,0.6986219437873028,0.5650171243952379,1.2364615400552115,20.930500169332028,872258
1075,202281,202286,0.2893053995537568,0.47677073822802374,0.6068019204135627,15.788978761170814,872260
1078,202509,202584,0.24226975944640278,0.4631393729096298,0.5231033542330156,18.390648891352892,872262
1082,203221,203228,0.7948473456627722,0.5082826826253258,1.563789939797504,3.951636657587497,872264
1082,203224,203228,0.8923834687367993,0.5082826826253258,1.7556834006768798,3.951636657587497,872264
1082,203224,203231,0.8937840699513434,0.5082826826253258,1.758438956320267,3.951636657587497,872264
1085,203419,203424,0.9129877104334259,0.533364471347272,1.7117520185160255,8.039283864439232,872270
1085,203401,203411,0.926408502884819,0.533364471347272,1.736914535279642,8.039283864439232,872270
1085,203411,203419,0.9934076852002576,0.533364471347272,1.8625306681769074,8.039283864439232,872270
1088,204389,204620,0.8402914617215087,0.5337331398577343,1.574366287140212,7.306061772888381,872274
1088,204389,205483,0.8906673548216867,0.5337331398577343,1.6687503329081133,7.306061772888381,872274
1088,204620,205483,0.8921503668457953,0.5337331398577343,1.6715288975378155,7.306061772888381,872274
1090,205180,205183,0.9068630798136648,0.5504277724580786,1.6475605432549876,3.1669854181429207,872278
1090,205366,205369,0.9140830986147932,0.5504277724580786,1.6606776481003438,3.1669854181429207,872278
1090,205183,205366,1.0572543274999546,0.5504277724580786,1.9207866688457778,3.1669854181429207,872278
1091,205238,205239,0.8806463682116432,0.51786275831166,1.7005400640948447,7.5942342306367605,872282
1091,205235,205239,0.938632406740191,0.51786275831166,1.8125118898302852,7.5942342306367605,872282
1091,205235,205238,0.9389849135462853,0.51786275831166,1.813192585247047,7.5942342306367605,872282
1092,205341,205344,0.8297906199967875,0.4992742587176844,1.6619935947188382,10.398483567646137,872286
1092,205339,205341,0.8448827573725122,0.4992742587176844,1.692221745103532,10.398483567646137,872286
1092,205340,205341,0.8774926576502763,0.4992742587176844,1.757536348667349,10.398483567646137,872286
1095,206241,206256,0.9241355076815373,0.5382821641940667,1.716823571639574,2.8143678956981564,872290
1095,206241,206243,0.9300176971653203,0.5382821641940667,1.7277512781010915,2.8143678956981564,872290
1095,206243,206256,0.9769096066706394,0.5382821641940667,1.8148652726275998,2.8143678956981564,872290
1097,206913,207144,0.41660602721847434,0.4840916714098918,0.8605932550029853,10.295636495432424,872294
1098,207284,207315,0.8275424701703626,0.5241784417599069,1.5787419020742703,24.636113829224794,872296
1098,207278,207304,0.8676240173141485,0.5241784417599069,1.6552073648834882,24.636113829224794,872296
1098,207278,207315,0.9811497911031183,0.5241784417599069,1.8717858517968602,24.636113829224794,872296
1099,207601,207603,0.8630118726127625,0.5690000119383916,1.5167167917497426,5.480403917394928,872300
1099,207587,207601,0.9808916179781382,0.5690000119383916,1.7238868144072097,5.480403917394928,872300
1099,207587,207603,1.02180622995828,0.5690000119383916,1.7957929850956065,5.480403917394928,872300
1102,207924,207928,0.8498382769947826,0.510779731634893,1.6638057940839552,9.694942077592259,872304
1102,207924,207926,0.8767823099143021,0.510779731634893,1.7165565812643266,9.694942077592259,872304
1102,207926,207928,0.9282232979271976,0.510779731634893,1.8172672884966679,9.694942077592259,872304
1103,208182,208193,0.9443849888886919,0.5604206526519846,1.6851359499685412,3.9246368140175467,872308
1103,208179,208182,0.9530677459868768,0.5604206526519846,1.7006292353374814,3.9246368140175467,872308
1103,208179,208193,0.9933592418452623,0.5604206526519846,1.772524329973485,3.9246368140175467,872308
1104,208509,208577,0.765205522081479,0.6080648664241035,1.2584274545929373,4.729069360066813,872312
1106,208989,209005,0.3750899690886103,0.5318221021011519,0.7052921787317306,4.577808788802402,872314
1108,209307,209309,0.8794070700211513,0.5362980469633511,1.6397730236023909,14.88989768374018,872316
1108,209307,209311,0.9036587663078909,0.5362980469633511,1.6849935803880411,14.88989768374018,872316
1108,209309,209311,0.9514246418894905,0.5362980469633511,1.7740594941128096,14.88989768374018,872316
1109,209849,209924,0.728408524851584,0.4927489754683465,1.4782547729485354,8.26926746476413,872320
1109,209858,209924,0.8564468521755899,0.4927489754683465,1.7380997116463954,8.26926746476413,872320
1109,209846,209924,0.9066507394398685,0.4927489754683465,1.8399850320908693,8.26926746476413,872320
1110,210582,210770,0.8385849851440482,0.5268277264484813,1.5917631951477287,12.284582830942911,872324
1110,210584,210770,0.8521929090440242,0.5268277264484813,1.617593126293744,12.284582830942911,872324
1110,210582,210584,0.8680971295872959,0.5268277264484813,1.6477817814172835,12.284582830942911,872324
1111,210895,210898,0.8954484407608253,0.5020947905081937,1.7834250776720861,5.069531385871869,872328
1111,210895,210900,0.897382532819395,0.5020947905081937,1.7872771233318552,5.069531385871869,872328
1111,210898,210900,0.8991565462041134,0.5020947905081937,1.7908103473729229,5.069531385871869,872328
1113,211261,211265,0.8838993813425615,0.5049833242171345,1.750353603681573,11.353290818508038,872332
1113,211264,211267,0.8872425534818257,0.5049833242171345,1.7569739651448886,11.353290818508038,872332
1113,211264,211265,1.0966442718876734,0.5049833242171345,2.1716445262579294,11.353290818508038,872332
1121,212282,212288,0.849139280065146,0.5425421972761568,1.565111956873153,6.614905982904123,872336
1121,212310,212316,0.9308803330594364,0.5425421972761568,1.715774989914035,6.614905982904123,872336
1121,212282,212316,1.0724912705864575,0.5425421972761568,1.9767886737122384,6.614905982904123,872336
1127,213094,213099,0.8989432834670299,0.5490736045048605,1.63719996024517,4.975956614005778,872340
1127,213061,213066,0.9378904665828043,0.5490736045048605,1.7081324960586441,4.975956614005778,872340
1127,213066,213094,1.055539708339452,0.5490736045048605,1.9224011128550034,4.975956614005778,872340
1133,214910,215025,0.14747946859031252,0.5164216384599255,0.2855795683351425,5.500573090832245,872345
1136,215279,215280,0.8712123323595258,0.5274737171089016,1.651669655001325,7.2157472444902115,872348
1136,215279,215287,0.8749675218789292,0.5274737171089016,1.6587888524088958,7.2157472444902115,872348
1136,215280,215287,0.988567752249965,0.5274737171089016,1.874155470093056,7.2157472444902115,872348
1138,215585,215591,0.8985154817477838,0.5733331670344672,1.5671786204089735,16.545285272689917,872352
1138,215552,215557,0.9749570851276593,0.5733331670344672,1.7005070370698572,16.545285272689917,872352
1138,215557,215585,1.110158296613562,0.5733331670344672,1.936323172014959,16.545285272689917,872352
1142,234863,234865,0.8863420304895513,0.5603722295990028,1.5817022751534446,14.825342275384735,872356
1142,215810,234865,0.9232379280722514,0.5603722295990028,1.6475440418111225,14.825342275384735,872356
1142,215810,234863,0.9057418087104278,0.5603722295990028,1.6163217248623618,14.825342275384735,872356
1142,215812,234863,0.5616337871408597,0.5603722295990028,1.00225128490532,14.825342275384735,872356
1142,215795,234863,0.9426709417793704,0.5603722295990028,1.6822228011797389,14.825342275384735,872356
1142,215795,234854,1.0827998074685818,0.5603722295990028,1.9322867020791223,14.825342275384735,872356
1142,215795,234870,1.1021596232443476,0.5603722295990028,1.9668348376810942,14.825342275384735,872356
1145,216288,216310,0.8621040298429028,0.5131882867955955,1.6798981037271445,4.220861824896473,872364
1145,216271,216310,0.8775420376750066,0.5131882867955955,1.7099806450269477,4.220861824896473,872364
1145,216271,216288,0.9143530629990047,0.5131882867955955,1.7817107025343983,4.220861824896473,872364
1146,216377,216385,0.8048707288077782,0.47333478029832743,1.7004259190514048,6.938386898437352,872368
1146,216317,216328,0.8204343399030923,0.47333478029832743,1.7333066870471665,6.938386898437352,872368
1146,216328,216377,0.995741601329781,0.47333478029832743,2.1036730085674193,6.938386898437352,872368
1150,217393,217397,0.9175770356339397,0.5392418552449325,1.701605739074466,6.711368162540021,872374
1150,217390,217397,0.9609369236919081,0.5392418552449325,1.7820147200098826,6.711368162540021,872374
1150,217390,217393,0.9726215840961788,0.5392418552449325,1.8036834022359003,6.711368162540021,872374
1151,217484,217488,0.8251272521614212,0.5000199635968142,1.6501886169224111,16.801318328124005,872378
1151,217479,217483,0.8258180514672842,0.5000199635968142,1.6515701603729842,16.801318328124005,872378
1151,217483,217484,1.00678978034823,0.5000199635968142,2.0134991673253353,16.801318328124005,872378
1155,217689,237370,0.9553789596274281,0.6234935862963251,1.5322995787375577,16.738903044181605,872382
1155,217687,237368,1.0708803053744256,0.6234935862963251,1.7175482297029963,16.738903044181605,872382
1155,217689,237368,1.1762455307666437,0.6234935862963251,1.8865399045301718,16.738903044181605,872382
1156,218018,218366,0.8014888809521742,0.47948995334611133,1.6715446806737024,7.512412631882152,872386
1156,218017,218018,0.8070014756671978,0.47948995334611133,1.683041469452183,7.512412631882152,872386
1156,218017,218366,0.8717211421653422,0.47948995334611133,1.8180175331767707,7.512412631882152,872386
1158,218883,218909,0.1600710446756558,0.49500145891595176,0.32337489474517866,41.07783041291582,872390
1159,218910,437136,0.37592287578511147,0.5820057028033282,0.64590926510585,7.306596392987908,872392
1160,219585,219591,0.8516919085854212,0.5025157050016026,1.6948563002278803,4.689791978592845,872394
1160,219584,219585,0.9062802433618675,0.5025157050016026,1.803486407174035,4.689791978592845,872394
1160,219584,219591,0.9863577078747607,0.5025157050016026,1.9628395651268553,4.689791978592845,872394
1163,219919,219925,0.8797572869082039,0.5081714436451353,1.7312214173186662,4.651007962956608,872398
1163,219919,219957,0.9125484775325412,0.5081714436451353,1.795749227833017,4.651007962956608,872398
1163,219925,219957,0.9185467649124182,0.5081714436451353,1.8075528965650711,4.651007962956608,872398
1168,220471,220481,0.6011023175929388,0.4032319517515932,1.4907110286816792,33.28628310695014,872404
1168,220471,220482,0.7032323470941051,0.4032319517515932,1.7439896417913923,33.28628310695014,872404
1168,220471,220483,0.7106376825164908,0.4032319517515932,1.7623545937507246,33.28628310695014,872404
1170,221549,221579,0.8655259233875376,0.5247924379597623,1.6492728568125834,10.277892524769502,872408
1170,221548,221578,0.9228534623980186,0.5247924379597623,1.7585113573392934,10.277892524769502,872408
1170,221548,221579,0.9992959509376578,0.5247924379597623,1.904173685929288,10.277892524769502,872408
1172,221726,221734,0.8210267631176993,0.4532726908725243,1.8113307500111449,2.5583023807816665,872412
1172,221727,221735,0.8301568023398183,0.4532726908725243,1.8314732368760476,2.5583023807816665,872412
1172,221727,221734,0.9929328103968139,0.4532726908725243,2.1905859990935572,2.5583023807816665,872412
1173,221976,221977,0.779443990494498,0.49011988246285687,1.5903129384953427,4.399671263500177,872416
1173,221973,221977,0.8512433068438332,0.49011988246285687,1.7368063147455433,4.399671263500177,872416
1173,221973,221976,0.9041028968575378,0.49011988246285687,1.8446566426042796,4.399671263500177,872416
1177,222517,222572,0.8328286162863248,0.4721565212765335,1.763882481247256,5.6410909151477,872420
1177,222516,222571,0.8666074247232346,0.4721565212765335,1.8354240292610051,5.6410909151477,872420
1177,222517,222571,0.9305108172503339,0.4721565212765335,1.970767691049957,5.6410909151477,872420
1178,222527,222577,0.8571884795656209,0.5072405405206128,1.6899053034795575,3.82068887827907,872424
1178,222526,222576,0.8707892710583182,0.5072405405206128,1.7167186009315667,3.82068887827907,872424
1178,222527,222576,0.940193563174603,0.5072405405206128,1.853545779699752,3.82068887827907,872424
1183,223295,223311,0.14138281360255528,0.5395266633390787,0.26204972471156596,24.93924491593615,872428
1184,223300,437141,0.4104564024927905,0.5278649455356288,0.77757844305478,8.529127773711458,872430
1185,223370,223402,0.8916581367163193,0.5353057047746408,1.665698924489699,4.514664205253014,872432
1185,223369,223401,0.9207943249124311,0.5353057047746408,1.7201279879878693,4.514664205253014,872432
1185,223370,223401,1.0146752481472172,0.5353057047746408,1.8955061362075099,4.514664205253014,872432
1189,225575,225576,0.9046739995803322,0.5496386315734455,1.6459432572825716,8.467685234105618,872436
1189,225537,225576,0.9545580124870077,0.5496386315734455,1.7367010935064793,8.467685234105618,872436
1189,225537,225575,0.9677977151750957,0.5496386315734455,1.760789106843873,8.467685234105618,872436
1190,226130,226160,0.12070560357065958,0.5218469742590786,0.2313045960303557,25.383514515496433,872440
1192,247267,248192,0.7897360354184056,0.5790441862137418,1.363861436175255,20.003478116192053,872442
1192,226429,227872,0.9230447099114496,0.5790441862137418,1.5940833737526334,20.003478116192053,872442
1192,227876,247267,1.0814139542573131,0.5790441862137418,1.8675845125541632,20.003478116192053,872442
1192,226433,227876,1.0623171597636485,0.5790441862137418,1.8346046554925892,20.003478116192053,872442
1192,226429,227875,1.1514390794693368,0.5790441862137418,1.9885167779653825,20.003478116192053,872442
1192,226432,227875,1.0770518569566536,0.5790441862137418,1.8600512406476057,20.003478116192053,872442
1192,226433,227875,1.2536411409250336,0.5790441862137418,2.165018094944276,20.003478116192053,872442
1193,226438,230771,0.921225572185817,0.56186617347418,1.6395818358126357,10.417052840708989,872450
1193,226438,226587,0.921760789710748,0.56186617347418,1.6405344069945271,10.417052840708989,872450
1193,226587,230771,0.9404937631625313,0.56186617347418,1.673875039223643,10.417052840708989,872450
1194,226781,226808,0.6890176527068338,0.45997747156407576,1.4979378237024208,18.412285383569124,872454
1194,226806,226808,0.8599179375068721,0.45997747156407576,1.869478378110272,18.412285383569124,872454
1194,226783,226808,0.8818207991596827,0.45997747156407576,1.9170956267949384,18.412285383569124,872454
1195,226821,226827,0.8206285879001629,0.5068818383006388,1.6189741393208814,10.508577209202093,872458
1195,226821,226823,0.8513626604366493,0.5068818383006388,1.6796077430805363,10.508577209202093,872458
1195,226823,226827,0.9087943500285378,0.5068818383006388,1.7929116440141992,10.508577209202093,872458
1198,227047,227050,0.8620135949428073,0.507266643512489,1.6993303343857349,5.507322365888753,872462
1198,227047,227052,0.8706940453008889,0.507266643512489,1.7164425385274762,5.507322365888753,872462
1198,227050,227052,0.91732129573375,0.507266643512489,1.808361159688919,5.507322365888753,872462
1203,228414,228456,0.9150659857961938,0.5215896338717256,1.754379163948714,9.132703158526663,872466
1203,228456,228488,0.9441747831416373,0.5215896338717256,1.8101870164349123,9.132703158526663,872466
1203,228414,228488,0.9686378800550629,0.5215896338717256,1.857088057645869,9.132703158526663,872466
1204,228596,228609,0.9115654311867927,0.5526112298109374,1.6495600921802889,6.528158342180003,872470
1204,228636,228650,0.9332750017523044,0.5526112298109374,1.6888455235909736,6.528158342180003,872470
1204,228609,228636,1.108896600595726,0.5526112298109374,2.0066486903914496,6.528158342180003,872470
1205,228973,228994,0.3099410981266555,0.487029106884776,0.6363913239378176,15.98091099603436,872474
1209,229600,229646,0.8511998554988485,0.51449812847847,1.6544275059194278,7.336050704959961,872476
1209,229414,229600,0.9434866596853706,0.51449812847847,1.8337999838319186,7.336050704959961,872476
1209,229414,229646,0.9533367723016026,0.51449812847847,1.8529450731354733,7.336050704959961,872476
1210,230036,230038,0.890045670241126,0.5694740767203492,1.5629257004409693,10.512165038108193,872480
1210,230038,230048,0.9406089347619666,0.5694740767203492,1.6517151055918389,10.512165038108193,872480
1210,230036,230048,0.9630411906857859,0.5694740767203492,1.6911062857014034,10.512165038108193,872480
1211,230951,230973,0.9251174896377805,0.5274456178051884,1.7539580544576103,5.366915693159507,872484
1211,230931,230973,0.9385999018095892,0.5274456178051884,1.7795197649291312,5.366915693159507,872484
1211,230931,230951,0.9397397026356283,0.5274456178051884,1.7816807475737158,5.366915693159507,872484
1216,231230,231231,0.5112378147657461,0.41343429871751675,1.2365636241395992,4.33827792755398,872488
1216,231230,231233,0.718789327151969,0.41343429871751675,1.738581751397189,4.33827792755398,872488
1219,231342,231357,0.9038399724366665,0.4901532106422336,1.8439948016506738,4.218379124097612,872491
1219,231337,231352,0.9168955110654835,0.4901532106422336,1.8706304297468577,4.218379124097612,872491
1219,231342,231352,1.1465560132194232,0.4901532106422336,2.3391788288342004,4.218379124097612,872491
1223,231649,231651,0.8278828082516254,0.46873653459610254,1.7662007271632654,3.070273800563051,872495
1223,231656,231658,0.8482363442747267,0.46873653459610254,1.8096228513649544,3.070273800563051,872495
1223,231649,231658,1.0318817552359822,0.46873653459610254,2.2014109826645507,3.070273800563051,872495
1228,232165,232353,0.20295052049446288,0.5484055703740888,0.3700737765227703,49.00440449767619,872499
1232,232545,232693,0.8710485212360753,0.5093445382279013,1.7101361767156775,10.79987612899468,872501
1232,232546,232694,0.8945139700032864,0.5093445382279013,1.7562060704831683,10.79987612899468,872501
1232,232545,232694,1.0553304839624642,0.5093445382279013,2.0719383536223703,10.79987612899468,872501
1233,232622,232632,0.7923185229855285,0.4785471521709844,1.6556749306543441,8.556855383579999,872505
1233,232619,232629,0.8041686104745309,0.4785471521709844,1.680437563626337,8.556855383579999,872505
1233,232619,232632,1.0024339787663046,0.4785471521709844,2.09474442428222,8.556855383579999,872505
1234,232782,253103,0.9173667451111792,0.5906473101586918,1.5531548681136065,4.11028226623498,872509
1234,232784,253104,1.0179445693857019,0.5906473101586918,1.7234389319612857,4.11028226623498,872509
1234,232784,253103,1.124747645504529,0.5906473101586918,1.9042627066266302,4.11028226623498,872509
1238,233749,253943,0.8714904537412113,0.5145036652622887,1.693846929733599,7.210532263383401,872513
1238,233720,233749,0.8956672898710932,0.5145036652622887,1.7408375301165075,7.210532263383401,872513
1238,233720,253943,1.0649409271219377,0.5145036652622887,2.069841283985881,7.210532263383401,872513
1240,233976,233978,0.9379541344358453,0.590250937189438,1.5890769083773835,6.049167726556698,872517
1240,233977,233979,0.9669497937056712,0.590250937189438,1.6382012001707904,6.049167726556698,872517
1240,233977,233978,1.1017229481075206,0.590250937189438,1.8665331619014918,6.049167726556698,872517
1241,234296,234304,0.7265788698551973,0.5452298953300054,1.332610108283642,22.374809155162296,872521
1241,234314,234324,0.756512308572687,0.5452298953300054,1.387510690540549,22.374809155162296,872521
1241,234304,234314,0.9476004311097288,0.5452298953300054,1.7379832603202818,22.374809155162296,872521
1242,234728,234745,0.8903303764657537,0.5388497878891133,1.6522793484869471,7.070563962334658,872525
1242,234729,234746,0.891445135431857,0.5388497878891133,1.6543481234798263,7.070563962334658,872525
1242,234729,234745,1.0835417900306406,0.5388497878891133,2.0108420090045875,7.070563962334658,872525
1243,234789,234791,0.9261419662422119,0.552645817204641,1.6758327619790303,4.7567481571953625,872529
1243,234751,234753,0.9290149934627276,0.552645817204641,1.6810314391988233,4.7567481571953625,872529
1243,234753,234789,0.9918536745867954,0.552645817204641,1.794736599299219,4.7567481571953625,872529
1252,236317,236319,0.8469151457904858,0.5643204021253458,1.5007700281627785,23.82203050415875,872534
1252,236315,236319,0.9932861631289591,0.5643204021253458,1.7601457600824648,23.82203050415875,872534
1252,236315,236317,1.0472112635312998,0.5643204021253458,1.8557033550218784,23.82203050415875,872534
1253,236556,236558,0.9587062521142511,0.5924015655570911,1.6183384849982447,2.9417411099954043,872538
1253,236543,236545,0.9591221154542875,0.5924015655570911,1.6190404806785654,2.9417411099954043,872538
1253,236545,236556,1.0958364884639602,0.5924015655570911,1.8498203789070709,2.9417411099954043,872538
1254,236585,236587,0.9167452804064239,0.5506760352844597,1.6647633484410953,12.660011186598823,872542
1254,236587,236589,0.9269200861348104,0.5506760352844597,1.6832402842008483,12.660011186598823,872542
1254,236585,236589,0.9308301758240209,0.5506760352844597,1.690340810533342,12.660011186598823,872542
1255,236757,236761,0.8423392350297273,0.5162499963612507,1.6316498614370791,2.8228467096384593,872546
1255,236754,236757,0.9130170713296039,0.5162499963612507,1.7685560828376485,2.8228467096384593,872546
1255,236754,236761,0.958553969239192,0.5162499963612507,1.8567631496280632,2.8228467096384593,872546
1258,237037,237042,0.779326009924262,0.5987132329218668,1.3016682563052109,12.333036365969223,872550
1264,237723,237978,0.09739159754508961,0.5793353311744927,0.16810919739289262,33.94280385284479,872552
1266,238428,238432,0.8889917710349794,0.5059153236391258,1.7571947903066591,6.378268977202232,872554
1266,238431,238434,0.9261173183513751,0.5059153236391258,1.8305777174126143,6.378268977202232,872554
1266,238428,238434,1.101456907569807,0.5059153236391258,2.177156642828804,6.378268977202232,872554
1268,239350,259189,0.7782144447043977,0.51706777369905,1.5050530787040375,16.54934057174886,872558
1268,239338,239350,0.892077437486112,0.51706777369905,1.725262108493595,16.54934057174886,872558
1268,239350,259183,0.9252054226384946,0.51706777369905,1.7893310503953275,16.54934057174886,872558
1270,239692,239707,0.6139622522760866,0.5029042363829833,1.220833327418081,23.39545906372035,872562
1275,240911,240918,0.8682329686540995,0.5263462919235407,1.6495470415135418,4.425067618398583,872564
1275,240915,240918,0.9431418312654744,0.5263462919235407,1.7918656324503552,4.425067618398583,872564
1275,240913,240918,0.9608887427948607,0.5263462919235407,1.8255828102887892,4.425067618398583,872564
1280,241155,241193,0.8713344500837182,0.5249884853481567,1.659721068940922,5.516282061848374,872570
1280,241142,241155,0.910719836381857,0.5249884853481567,1.7347424977862036,5.516282061848374,872570
1280,241142,241193,1.0040029121661793,0.5249884853481567,1.9124284440264525,5.516282061848374,872570
1282,241480,241491,0.6800420267022966,0.42906222090584645,1.5849496729555346,53.245564503870405,872574
1283,241613,241655,0.8547901360638904,0.49825105751462234,1.7155811777455277,3.6536477636409224,872576
1283,241614,241656,0.8918309333480968,0.49825105751462234,1.7899228107948852,3.6536477636409224,872576
1283,241614,241655,1.0787942890418805,0.49825105751462234,2.165162065933439,3.6536477636409224,872576
1285,242023,242036,0.8602257551257579,0.5036701108842233,1.7079150351319827,5.447408680113562,872580
1285,242023,242044,0.886482752371011,0.5036701108842233,1.7600463740338632,5.447408680113562,872580
1285,242036,242044,0.9156808656719713,0.5036701108842233,1.818017082777531,5.447408680113562,872580
1292,244102,244117,0.8097601492050231,0.4787389526314469,1.6914440422156543,4.5172635998737745,872584
1292,244101,244109,0.839306131652008,0.4787389526314469,1.7531603121882182,4.5172635998737745,872584
1292,244102,244109,1.0150732802103495,0.4787389526314469,2.1203064313669815,4.5172635998737745,872584
1293,244130,244315,0.24571093186133094,0.400383690543544,0.6136886633113455,23.112498676970763,872588
1294,244183,244196,0.8099788384376218,0.5209321852927042,1.5548642631526144,5.585107813614126,872590
1294,244174,244196,0.8772876803278692,0.5209321852927042,1.6840727163650562,5.585107813614126,872590
1294,244174,244183,0.9796864714727404,0.5209321852927042,1.880641087519422,5.585107813614126,872590
1295,244262,244733,0.17985706980320948,0.48589941416403626,0.3701528846513303,29.782910283763442,872594
1297,244388,244406,0.887994040467964,0.5367726886672801,1.6543204585775588,5.669088868130587,872596
1297,244406,244410,0.9387006710395718,0.5367726886672801,1.7487862010457609,5.669088868130587,872596
1297,244388,244410,0.9465553940953833,0.5367726886672801,1.7634194400716015,5.669088868130587,872596
1300,245681,245734,0.3955446862601044,0.5382690564362237,0.7348456715660565,1.736568803907871,872600
1302,245909,245928,0.7737004297190946,0.512938671189795,1.5083682965927399,30.037032589197484,872602
1302,245910,245929,0.8173365059085624,0.512938671189795,1.5934390441116415,30.037032589197484,872602
1302,245910,245928,0.9605214069018188,0.512938671189795,1.872585283292886,30.037032589197484,872602
1304,246066,246072,0.9253501750421975,0.5519881346052873,1.6763950473390012,24.949963552842362,872606
1304,246068,246074,0.9777377450098078,0.5519881346052873,1.7713021054500806,24.949963552842362,872606
1304,246066,246074,1.2077850660405158,0.5519881346052873,2.1880634570237136,24.949963552842362,872606
1305,246170,246176,0.6663099168785731,0.5432679699985096,1.2264848172079814,48.579099640673356,872610
1309,246741,246825,0.9510437441268007,0.6388536248397342,1.488672376814617,5.946497445739953,872612
1309,246741,246822,0.9874586940358118,0.6388536248397342,1.5456728359074905,5.946497445739953,872612
1309,246739,246822,0.9998761118583096,0.6388536248397342,1.5651098670828445,5.946497445739953,872612
1310,247026,247031,0.9014750435777437,0.5324763808189924,1.6929859728072838,5.3052952650067775,872616
1310,247020,247031,0.9311909278559939,0.5324763808189924,1.7487929256575583,5.3052952650067775,872616
1310,247020,247026,0.950246170969876,0.5324763808189924,1.7845790070694203,5.3052952650067775,872616
1312,248527,248531,0.8698460536110774,0.5416017477404501,1.6060621245039455,16.758850042169907,872620
1312,248503,248527,0.9143454248173264,0.5416017477404501,1.6882246570140405,16.758850042169907,872620
1312,248503,248531,0.9300838732950597,0.5416017477404501,1.7172837369438851,16.758850042169907,872620
1320,249669,269748,0.9013554129299534,0.5381292756556352,1.6749793287714705,6.7390365012444065,872624
1320,269748,269753,0.9279022971212612,0.5381292756556352,1.7243111257805888,6.7390365012444065,872624
1320,249669,269753,1.000637123262264,0.5381292756556352,1.8594734918354476,6.7390365012444065,872624
1324,250631,250633,0.9231988128779605,0.5890340179270537,1.5673098408253392,6.122759938175715,872628
1324,250633,250635,0.9775857543387962,0.5890340179270537,1.6596422695231519,6.122759938175715,872628
1324,250631,250635,1.0310939655339635,0.5890340179270537,1.750482882402311,6.122759938175715,872628
1326,251006,251020,0.7771439364601449,0.5162932639273956,1.5052374120639926,17.920909486278088,872632
1326,250990,251006,0.8215141867329385,0.5162932639273956,1.5911774259531402,17.920909486278088,872632
1326,251006,251007,0.8673287032603807,0.5162932639273956,1.6799148155888972,17.920909486278088,872632
1329,251092,251094,0.9463388266015652,0.5735510914024281,1.6499643027225508,5.457980528270062,872638
1329,251094,251157,0.9587708372869338,0.5735510914024281,1.6716398097030538,5.457980528270062,872638
1329,251092,251157,1.0070940844181229,0.5735510914024281,1.7558925429914358,5.457980528270062,872638
1330,251340,251343,0.9353564663396922,0.5509441969656454,1.6977335844378028,5.330440183136103,872642
1330,251343,251353,0.9533357111512227,0.5509441969656454,1.7303670977964192,5.330440183136103,872642
1330,251340,251353,1.0010176270065139,0.5509441969656454,1.8169129151730279,5.330440183136103,872642
1331,251380,251397,0.8695839859313897,0.5080595661757615,1.7115788065499389,6.928771234019369,872646
1331,251411,251416,0.9075243205494837,0.5080595661757615,1.7862557482787926,6.928771234019369,872646
1331,251380,251416,1.0976939206261893,0.5080595661757615,2.1605614650437377,6.928771234019369,872646
1332,251409,251480,0.7714992135047494,0.5213150225686495,1.4799098052140907,14.053443309673831,872650
1332,251394,251409,0.8079986071057683,0.5213150225686495,1.5499238888696456,14.053443309673831,872650
1332,251444,251481,0.8672413470436462,0.5213150225686495,1.6635648494657438,14.053443309673831,872650
1332,251409,251442,0.9098862905227432,0.5213150225686495,1.7453674863223887,14.053443309673831,872650
1332,251442,251480,0.5122846554139218,0.5213150225686495,0.9826777154622691,14.053443309673831,872650
1332,251442,251481,0.9080043013770072,0.5213150225686495,1.7417574059213619,14.053443309673831,872650
1332,251442,251444,0.9452693713883694,0.5213150225686495,1.8132402299300543,14.053443309673831,872650
1335,251989,251992,0.8108471110334544,0.5483395680953401,1.4787317170087424,19.93319110256516,872658
1335,251992,252057,0.8162576589967546,0.5483395680953401,1.4885988655387923,19.93319110256516,872658
1335,251989,252057,0.9371340806659462,0.5483395680953401,1.7090396812345416,19.93319110256516,872658
1336,252000,252015,0.9538187836567287,0.5147615790474248,1.8529331295894051,6.738160801965735,872662
1336,252008,252018,0.9667019623716646,0.5147615790474248,1.8779605971381224,6.738160801965735,872662
1336,252000,252018,1.1906623948501909,0.5147615790474248,2.313036643203893,6.738160801965735,872662
1337,252010,254727,0.8116680758726202,0.499081810103929,1.626322697883135,25.60507323751012,872666
1337,252010,254725,0.8361633659238039,0.499081810103929,1.6754034088112346,25.60507323751012,872666
1337,252010,254726,0.8950995355693306,0.499081810103929,1.7934926047153168,25.60507323751012,872666
1338,252087,252091,0.9355690385375829,0.5332097871837845,1.754598398275677,10.212180703548933,872670
1338,252091,252094,0.9435669803832017,0.5332097871837845,1.769598013882624,10.212180703548933,872670
1338,252087,252094,0.9887989982128115,0.5332097871837845,1.8544276980272238,10.212180703548933,872670
1339,252154,252224,0.6535432376475608,0.5404103874309675,1.2093461799548495,56.636953356630464,872674
1341,252378,252383,0.7120388978344195,0.5547257067753633,1.2835873462102962,11.064293041499566,872676
1344,252968,252987,0.881970967876924,0.557819525386918,1.5811045109350845,29.236587749138128,872678
1344,253001,253003,0.9399524212079902,0.557819525386918,1.6850475439274286,29.236587749138128,872678
1344,252987,253001,1.0131786663574884,0.557819525386918,1.8163198314987656,29.236587749138128,872678
1345,253006,253007,0.8229413263783982,0.48630028154805727,1.6922493315420244,16.987859470794476,872682
1345,253012,253013,0.8574162377748626,0.48630028154805727,1.763141561517132,16.987859470794476,872682
1345,253007,253012,0.9552958600374005,0.48630028154805727,1.9644156013983225,16.987859470794476,872682
1346,253054,253057,0.8951452036633867,0.5221567073268922,1.7143229055621185,3.34525461630326,872686
1346,253052,253055,0.9008822838662428,0.5221567073268922,1.725310182221316,3.34525461630326,872686
1346,253054,253055,1.06850396400338,0.5221567073268922,2.0463281405948717,3.34525461630326,872686
1347,253188,253204,0.865844738373753,0.5741107685732656,1.508149273223844,4.105285171481807,872690
1347,253188,253193,0.8706564270680272,0.5741107685732656,1.5165303887814425,4.105285171481807,872690
1347,253193,253204,1.0323717992047243,0.5741107685732656,1.7982101289796264,4.105285171481807,872690
1349,253732,253735,0.8627598769433573,0.559463857979933,1.542119056731459,28.132796668394874,872694
1349,253527,253732,1.0115614389261218,0.559463857979933,1.8080907720805885,28.132796668394874,872694
1349,253527,253735,1.0680190045399793,0.559463857979933,1.9090044679495406,28.132796668394874,872694
1352,254070,254072,0.8431647883625025,0.5159543429317829,1.6341848845993374,5.368874399235294,872698
1352,254072,254074,0.9238519626676901,0.5159543429317829,1.7905692147451069,5.368874399235294,872698
1352,254070,254074,0.9651414244783362,0.5159543429317829,1.8705946324516989,5.368874399235294,872698
1354,254309,254535,0.2987796969020799,0.4898529940813424,0.6099374720826267,24.107269631908352,872702
1359,255250,255471,0.5159755886037445,0.3940529009415675,1.3094069029078317,56.304881493540584,872704
1360,255263,255265,0.8371758097395646,0.543597982993287,1.5400642311616213,24.558185618444515,872706
1360,255261,255265,0.8392533621086073,0.543597982993287,1.5438860856092826,24.558185618444515,872706
1360,255261,255263,0.8709058419085516,0.543597982993287,1.6021138215284854,24.558185618444515,872706
1365,256651,256653,0.8807109701205489,0.5490367443993924,1.6041020552895502,1.7057071190937865,872710
1365,256653,256869,0.8911408574959817,0.5490367443993924,1.6230987572076383,1.7057071190937865,872710
1365,256651,256869,0.9195636366049494,0.5490367443993924,1.674867203306925,1.7057071190937865,872710
1370,257198,257201,0.8881221437579386,0.526279266049475,1.687549179781761,2.5681965745578377,872714
1370,257201,257210,0.8992488180061337,0.526279266049475,1.708691328002263,2.5681965745578377,872714
1370,257198,257210,0.9541601767434866,0.526279266049475,1.8130301501442527,2.5681965745578377,872714
1372,257319,257323,0.6812815100314107,0.553244388561333,1.2314295890158558,21.253837460092456,872718
1373,257402,257406,0.8661853721822473,0.5048809519694419,1.7156229974678734,4.130037092240207,872720
1373,257399,257402,0.8679495979428028,0.5048809519694419,1.719117337576514,4.130037092240207,872720
1373,257399,257406,0.955633490543983,0.5048809519694419,1.892789749378034,4.130037092240207,872720
1374,257425,257458,0.7981044597704287,0.5007685638056573,1.593759108409537,4.335360957216567,872724
1374,257426,257459,0.8227104208272532,0.5007685638056573,1.6428955016164675,4.335360957216567,872724
1374,257426,257458,0.8888684520565329,0.5007685638056573,1.7750084895534555,4.335360957216567,872724
1376,257608,257609,0.780615574842872,0.4699777659948973,1.66096277595257,3.063658788178825,872728
1376,257628,257629,0.8555942676600305,0.4699777659948973,1.82049945671115,3.063658788178825,872728
1376,257609,257628,0.8678422047884032,0.4699777659948973,1.846560130246301,3.063658788178825,872728
1381,258515,258544,0.7870479494475449,0.46842407577433015,1.6802038796714545,5.507765838436885,872734
1381,258514,258543,0.8172118565578098,0.46842407577433015,1.7445983219519936,5.507765838436885,872734
1381,258515,258543,0.955807451618782,0.46842407577433015,2.04047464904271,5.507765838436885,872734
1384,258846,258866,0.8332254956048541,0.5191154876502231,1.605086951607725,14.25869730939093,872738
1384,258866,258869,0.8904975631678516,0.5191154876502231,1.7154132064113323,14.25869730939093,872738
1384,258846,258869,0.95373870727409,0.5191154876502231,1.8372380134354873,14.25869730939093,872738
1387,259272,259335,0.8150746418431962,0.5228841511297901,1.5588054066700499,12.258224603467987,872742
1387,259218,259335,0.886654869464646,0.5228841511297901,1.6957004100217237,12.258224603467987,872742
1387,259218,259272,0.9313997146008468,0.5228841511297901,1.781273562391175,12.258224603467987,872742
1388,259208,259396,0.6120903114266815,0.5644103449032712,1.084477485138196,25.77504851145471,872746
1389,259387,259392,0.3427148684729622,0.5343874847910053,0.6413227821137976,6.080528323100805,872748
1391,260221,260224,0.8259556974373004,0.5083395948589531,1.6248108661818381,3.784980482840413,872750
1391,260213,260224,0.834844674805814,0.5083395948589531,1.642297163645997,3.784980482840413,872750
1391,260213,260221,0.8907003827244673,0.5083395948589531,1.7521758913381638,3.784980482840413,872750
1392,260298,260394,0.8329812724238248,0.48454683031575446,1.7190934297950384,4.718799083241179,872754
1392,260300,260407,0.8656260159879247,0.48454683031575446,1.7864651295393685,4.718799083241179,872754
1392,260300,260394,1.027702373157196,0.48454683031575446,2.1209557236964995,4.718799083241179,872754
1393,260514,260522,0.22172074319868468,0.438216497922268,0.5059616519458701,30.58707597537076,872758
1394,260994,260995,0.8784228988322312,0.5253996764176716,1.6719136654624058,4.917823170756782,872760
1394,260994,261020,0.8823783794441844,0.5253996764176716,1.6794421828739938,4.917823170756782,872760
1394,260995,261020,0.9209944757944241,0.5253996764176716,1.7529406985440747,4.917823170756782,872760
1395,261370,282643,0.8554579756483276,0.5276528720678353,1.621251434292107,9.591128519046135,872764
1395,261993,282923,0.8700401164558971,0.5276528720678353,1.6488872941149164,9.591128519046135,872764
1395,261993,282643,1.0071647775823216,0.5276528720678353,1.9087639448171905,9.591128519046135,872764
1400,263266,263291,0.8682899839392283,0.5381187510861629,1.6135657458258665,4.460284396877729,872768
1400,263280,263291,0.9173458632285111,0.5381187510861629,1.7047275557242696,4.460284396877729,872768
1400,263266,263280,0.9622397616783612,0.5381187510861629,1.788155048929504,4.460284396877729,872768
1401,263309,263311,0.9152899769398047,0.5454804601589881,1.6779519044055773,3.518152120809921,872772
1401,263309,263315,0.9446966590982186,0.5454804601589881,1.7318615937642812,3.518152120809921,872772
1401,263311,263315,0.9519393739145279,0.5454804601589881,1.7451392734344169,3.518152120809921,872772
1404,263672,263675,0.8016642939198975,0.47919844190227084,1.6729275886990285,4.033441068922808,872777
1404,263675,263703,0.8681716405271379,0.47919844190227084,1.8117163258727695,4.033441068922808,872777
1404,263675,263697,1.0026228387424079,0.47919844190227084,2.0922915249104372,4.033441068922808,872777
1405,263748,263750,0.8493606158065069,0.5252758424014855,1.6169801602208707,7.962478589714793,872781
1405,263751,263753,0.888691110455081,0.5252758424014855,1.6918560472762523,7.962478589714793,872781
1405,263748,263753,0.9468156864119233,0.5252758424014855,1.802511385414601,7.962478589714793,872781
1407,264116,264523,0.7869756930657454,0.6255382298887046,1.258077692878601,25.135203021191202,872785
1411,264468,264478,0.9361303047119327,0.5482667217943927,1.7074359385667657,8.53376911303377,872787
1411,264468,264470,0.9622468199525052,0.5482667217943927,1.7550706284036703,8.53376911303377,872787
1411,264470,264478,1.0009517462808197,0.5482667217943927,1.8256656960773736,8.53376911303377,872787
1415,265792,265874,0.8620261056945605,0.5350014921454236,1.6112592550681062,12.262635320062971,872791
1415,265792,265794,0.8893405799320201,0.5350014921454236,1.662314204705583,12.262635320062971,872791
1415,265792,265873,0.9484957140786149,0.5350014921454236,1.7728842405187082,12.262635320062971,872791
1416,266141,266148,0.7665328185939945,0.49982092896457053,1.5336148892003072,18.620135434576806,872795
1416,266146,266148,0.8845425171819488,0.49982092896457053,1.7697188451359325,18.620135434576806,872795
1416,266143,266148,0.8860066411565181,0.49982092896457053,1.772648142189584,18.620135434576806,872795
1417,266158,266168,0.7830182017398416,0.48786355104859286,1.604994265418796,16.33834006163187,872799
1417,266166,266168,0.8513854057593983,0.48786355104859286,1.745130178160404,16.33834006163187,872799
1417,266160,266168,0.9266969649769462,0.48786355104859286,1.899500306971373,16.33834006163187,872799
1418,266911,266913,0.6029408631316265,0.4658908647396123,1.2941676018236845,17.28080119193112,872803
1418,266911,271346,0.8278321168766397,0.4658908647396123,1.7768799080001654,17.28080119193112,872803
1418,266911,271345,0.8473365900213532,0.4658908647396123,1.818744805170052,17.28080119193112,872803
1419,267718,267726,0.7456338502474029,0.6255692485946267,1.1919285545485292,26.524756455915334,872807
1420,268217,289310,0.8086286520680419,0.4876941214983151,1.6580652019830335,9.362169231880182,872809
1420,268223,289315,0.8152590355934093,0.4876941214983151,1.6716605750521147,9.362169231880182,872809
1420,268217,289315,0.9857156040963133,0.4876941214983151,2.0211758982617116,9.362169231880182,872809
1422,268318,268320,0.9294391987338553,0.5624346016248971,1.6525284825091957,6.283441879453356,872813
1422,268309,268320,0.941514550203087,0.5624346016248971,1.6739982701686775,6.283441879453356,872813
1422,268309,268318,0.9803984961374377,0.5624346016248971,1.7431333230655182,6.283441879453356,872813
1423,268484,268490,0.8209282682660896,0.5021770625272312,1.6347386798885777,7.37855013231708,872817
1423,268453,268458,0.8550630139404238,0.5021770625272312,1.7027122060041464,7.37855013231708,872817
1423,268458,268484,0.9946701432747167,0.5021770625272312,1.9807160013820415,7.37855013231708,872817
1427,269307,269312,0.8961425328335448,0.5550864936744644,1.6144196319773831,8.144075806600553,872821
1427,269305,269310,0.9228894617109399,0.5550864936744644,1.6626047872319099,8.144075806600553,872821
1427,269307,269310,1.0504094449199488,0.5550864936744644,1.8923347206065713,8.144075806600553,872821
1431,270294,270370,0.33565512702471456,0.5283694919321394,0.6352659117340258,14.716526928534805,872825
1435,271418,271419,0.8752823197995249,0.5450161558159129,1.6059749980974218,5.890019315652323,872827
1435,271273,271274,0.9065920380905383,0.5450161558159129,1.6634223195335023,5.890019315652323,872827
1435,271273,271419,1.0606973706470277,0.5450161558159129,1.9461760157533636,5.890019315652323,872827
1436,271910,271925,0.7868530998543581,0.4767658986380832,1.6503971909527542,5.596122595547199,872831
1436,271912,271925,0.9245666587062377,0.4767658986380832,1.939246622603106,5.596122595547199,872831
1436,271910,271912,0.9270204266525371,0.4767658986380832,1.9443933160921094,5.596122595547199,872831
1437,272251,272372,0.7504303025645823,0.47207409716913323,1.5896451575391575,17.285958495565737,872835
1437,272364,272372,0.8128231319666862,0.47207409716913323,1.721812607048148,17.285958495565737,872835
1437,272248,272372,0.8929565776045083,0.47207409716913323,1.8915602083640328,17.285958495565737,872835
1438,272306,272322,0.7120976508350186,0.65786528634811,1.082436884286689,55.438202902976464,872839
1439,272449,272454,0.15905906802409658,0.5231866678904935,0.3040197271567109,28.631288541775557,872841
1440,272589,272600,0.7750204175971319,0.5063234670596687,1.5306823957772397,12.868388880611286,872843
1440,272493,272509,0.8370096884359928,0.5063234670596687,1.6531125710935175,12.868388880611286,872843
1440,272509,272589,1.0035469318554093,0.5063234670596687,1.9820272950871234,12.868388880611286,872843
1441,272579,273981,0.8508574526448639,0.5548376430428825,1.5335251011062034,2.5862451535132727,872847
1441,272580,273982,0.880891577968078,0.5548376430428825,1.5876564775544535,2.5862451535132727,872847
1441,272580,273981,0.9688630143616772,0.5548376430428825,1.7462099526055326,2.5862451535132727,872847
1444,272745,437189,0.23970780785724685,0.5008311926557467,0.47861996491503145,30.632281927805874,872852
1446,272754,437190,0.2890137527204168,0.47785412618394785,0.6048158567310608,13.747273906894371,872854
1447,272922,273032,0.7540139490857105,0.42174233054928645,1.7878545606357943,6.2749755872194175,872856
1447,272922,273033,0.6710727792196788,0.42174233054928645,1.5911914233168363,6.2749755872194175,872856
1447,272922,273037,0.7548945094715377,0.42174233054928645,1.7899424714809788,6.2749755872194175,872856
1449,273210,273242,0.8656431632725439,0.5422523564929864,1.596384327162883,3.8974465090605768,872860
1449,273215,273246,0.869212013069176,0.5422523564929864,1.6029658565078428,3.8974465090605768,872860
1449,273215,273242,1.0354237689296175,0.5422523564929864,1.9094868957808022,3.8974465090605768,872860
1451,273265,274327,0.536504985450488,0.5306217321630173,1.0110874714148783,12.685731962100252,872864
1455,274009,274013,0.8723252508546903,0.4937446263509445,1.7667539134586099,21.623582022603795,872866
1455,274013,274215,0.9159753613338951,0.4937446263509445,1.8551601626603567,21.623582022603795,872866
1455,274010,274014,0.9205117253987108,0.4937446263509445,1.864347835442422,21.623582022603795,872866
1455,274014,274216,0.9494201156046409,0.4937446263509445,1.9228971110458442,21.623582022603795,872866
1455,274014,274215,1.089493197862044,0.4937446263509445,2.2065925170953706,21.623582022603795,872866
1455,274013,274014,0.7179028115751414,0.4937446263509445,1.4539962022085267,21.623582022603795,872866
1455,274010,274013,1.121790616604604,0.4937446263509445,2.2720057226653365,21.623582022603795,872866
1457,274057,274080,0.5351185839441056,0.32451107171936877,1.6489994659007083,49.784070693645155,872874
1461,275022,275061,0.8662187370524507,0.5374541976320282,1.6117070828899052,5.642867415914594,872876
1461,275028,275061,0.8947445876941492,0.5374541976320282,1.6647829557128933,5.642867415914594,872876
1461,275022,275028,0.9167902031308857,0.5374541976320282,1.7058015495463164,5.642867415914594,872876
1462,275295,275300,0.924521588038398,0.5350975608214674,1.7277626655952183,1.2194679181503336,872880
1462,275289,275294,0.9502223900056884,0.5350975608214674,1.775792789163405,1.2194679181503336,872880
1462,275294,275295,1.0566397479591956,0.5350975608214674,1.9746674724830937,1.2194679181503336,872880
1463,275366,275375,0.8940816961995145,0.5045561636629267,1.7720162007510702,4.880879023127242,872884
1463,275366,275383,0.9115978261227744,0.5045561636629267,1.8067321177980407,4.880879023127242,872884
1463,275375,275383,0.9508343731493134,0.5045561636629267,1.8844965964671614,4.880879023127242,872884
1468,275944,275945,0.31270204527673584,0.46747965512315603,0.6689104902209176,0.8795657355473595,872888
1469,279353,299836,0.7265226331953699,0.49092809041551566,1.4798962360871424,13.272204793475618,872890
1469,276214,279353,0.886461746400723,0.49092809041551566,1.8056855244327787,13.272204793475618,872890
1469,276214,299836,0.9062727004210559,0.49092809041551566,1.8460396096992486,13.272204793475618,872890
1470,276333,276343,0.8773849704027703,0.49887937435862856,1.7587116555595383,5.883942206241677,872894
1470,276337,276347,0.8820995607496732,0.49887937435862856,1.7681620168877934,5.883942206241677,872894
1470,276337,276343,0.9589582571322417,0.49887937435862856,1.9222247028454558,5.883942206241677,872894
1471,276474,276487,0.8430897839472425,0.5180539751792861,1.6274168799794835,25.23201808058682,872898
1471,276483,276487,0.8654952474694786,0.5180539751792861,1.67066616402268,25.23201808058682,872898
1471,276473,276487,0.9555448880799091,0.5180539751792861,1.8444890568578647,25.23201808058682,872898
1472,276551,276564,0.7840326689981107,0.49662989882899755,1.5787061367967967,19.26073967775656,872902
1472,276559,276564,0.9150000285036727,0.49662989882899755,1.8424183293457541,19.26073967775656,872902
1472,276551,276559,0.9304093785930154,0.49662989882899755,1.873446163404228,19.26073967775656,872902
1473,276639,276647,0.8263679561172761,0.5159339203552289,1.6016934020316174,35.142230286440444,872906
1473,276635,276639,0.9029577409073447,0.5159339203552289,1.7501422280699117,35.142230286440444,872906
1473,276635,276647,1.023482296740679,0.5159339203552289,1.9837468643968879,35.142230286440444,872906
1474,276892,276896,0.9137137006515782,0.5494062528153664,1.6630930135384554,2.3533308953442313,872910
1474,276821,276825,0.921640943596658,0.5494062528153664,1.6775217589421665,2.3533308953442313,872910
1474,276825,276892,1.0885023599087018,0.5494062528153664,1.9812340218750737,2.3533308953442313,872910
1475,276971,276986,0.8565256237627751,0.5323991443214943,1.6088035318959004,3.4484457391614907,872914
1475,276954,276986,0.8824677815894567,0.5323991443214943,1.6575304280665226,3.4484457391614907,872914
1475,276954,276971,0.9190373853553947,0.5323991443214943,1.7262187498942059,3.4484457391614907,872914
1477,277448,277454,0.9028793513163275,0.5319047304049825,1.697445613294117,11.05681297692063,872918
1477,277448,277449,0.9262041165431572,0.5319047304049825,1.7412970097821132,11.05681297692063,872918
1477,277448,277453,0.9722630454996251,0.5319047304049825,1.827889450728069,11.05681297692063,872918
1478,277555,277565,0.9131152538112898,0.568232973554646,1.6069381685106965,14.996032463693906,872922
1478,277543,277547,0.9383617254305509,0.568232973554646,1.6513679583930556,14.996032463693906,872922
1478,277547,277555,1.0050673198523155,0.568232973554646,1.7687592354329642,14.996032463693906,872922
1479,277578,277585,0.22537329194864336,0.5228033133827148,0.43108619662412184,18.120892530259326,872926
1481,277596,277760,0.6881353707180939,0.6159952823249816,1.1171114300110065,39.26243888783232,872928
1483,277890,277893,0.9031772571084167,0.5796529262807443,1.5581345597675451,5.762695687549656,872930
1483,277750,277890,0.909477328278416,0.5796529262807443,1.5690032552995814,5.762695687549656,872930
1483,277750,277893,0.9633696311664208,0.5796529262807443,1.6619766544572405,5.762695687549656,872930
1486,277956,277958,0.8039377393599795,0.503486815922054,1.5967403990265339,7.8757912358905555,872935
1486,277947,277958,0.8741247604222759,0.503486815922054,1.7361423035903314,7.8757912358905555,872935
1486,277947,277956,0.9128824062667475,0.503486815922054,1.8131207757544798,7.8757912358905555,872935
1488,278905,278920,0.8960286349225376,0.5250248091982942,1.7066405610256041,3.2425373399739614,872939
1488,278912,278920,0.9053038061032473,0.5250248091982942,1.7243067189255952,3.2425373399739614,872939
1488,278905,278912,0.9158860828107397,0.5250248091982942,1.7444624839905858,3.2425373399739614,872939
1491,279047,279062,0.6998315465940855,0.6691791371033923,1.0458059849614787,8.147987044530103,872943
1493,280119,302919,0.21607669140728308,0.5329688559392837,0.40542085902276204,17.79638771149121,872945
1495,280147,437198,0.14934347097246548,0.49255729898871337,0.3032001987973537,43.60707228141981,872947
1496,281200,281220,0.8727029141559183,0.5299352131872045,1.6468105769141028,6.057246982888892,872949
1496,281220,281257,0.8993541423694194,0.5299352131872045,1.6971020607602354,6.057246982888892,872949
1496,281220,281256,0.9450902866444729,0.5299352131872045,1.7834072224798754,6.057246982888892,872949
1497,281249,281304,0.9020248323712857,0.5313698976824531,1.6975459774921915,7.548040548928909,872953
1497,281249,281289,0.9403296194613243,0.5313698976824531,1.7696328368666183,7.548040548928909,872953
1497,281289,281304,1.0173807113421072,0.5313698976824531,1.9146374602313174,7.548040548928909,872953
1498,281280,281283,0.9149189275954893,0.5207862507142064,1.756803153579361,5.391201742668215,872957
1498,281283,281285,0.9319677327341467,0.5207862507142064,1.7895398187952274,5.391201742668215,872957
1498,281280,281285,0.943361154240071,0.5207862507142064,1.8114171657687688,5.391201742668215,872957
1501,281696,281710,0.9222740618508473,0.5399296053057,1.7081376031022961,17.31546179897953,872962
1501,281695,281696,0.9292943498617989,0.5399296053057,1.721139831433482,17.31546179897953,872962
1501,281695,281710,0.9380347905331364,0.5399296053057,1.7373279429677415,17.31546179897953,872962
1502,281734,304174,0.8662450460827417,0.5457122873793118,1.587365844816749,8.098516286022937,872966
1502,281775,304433,0.9086555722059936,0.5457122873793118,1.665081753188395,8.098516286022937,872966
1502,281775,304174,1.065305509595232,0.5457122873793118,1.952137663440155,8.098516286022937,872966
1503,282256,282315,0.5345541146868218,0.5299286551420087,1.0087284571232962,25.179513003619295,872970
1505,282579,282879,0.9529684293254297,0.5885824335556361,1.6190908443674268,9.637611609698189,872972
1505,282579,282877,0.9944078690079916,0.5885824335556361,1.6894963429349352,9.637611609698189,872972
1505,282877,282879,1.0225845380350764,0.5885824335556361,1.737368429189479,9.637611609698189,872972
1506,282862,306120,0.8960132902358894,0.5388420027891945,1.6628497511290474,3.4239846172405475,872976
1506,282867,306120,0.9255263254440826,0.5388420027891945,1.7176209735939363,3.4239846172405475,872976
1506,282862,282867,0.9478147060319901,0.5388420027891945,1.7589844539323967,3.4239846172405475,872976
1508,283051,306345,0.9083179258916088,0.5667875500239178,1.6025721204590306,6.05316143267697,872980
1508,283067,306345,0.9437280778641584,0.5667875500239178,1.665047296512307,6.05316143267697,872980
1508,283051,283067,1.0050667629297285,0.5667875500239178,1.7732689486339561,6.05316143267697,872980
1510,283120,283127,0.8144421754129952,0.5308937009639183,1.5340965129822628,17.66025323965766,872984
1510,283125,283127,0.854033602259725,0.5308937009639183,1.6086715677904957,17.66025323965766,872984
1510,283121,283127,0.9276850921621542,0.5308937009639183,1.747402710708002,17.66025323965766,872984
1512,283932,283971,0.42403944891954726,0.506101574972418,0.8378544345424275,24.67128244434539,872989
1513,284718,284720,0.9433290744885096,0.5430888196553305,1.7369701609530284,3.528103950279128,872991
1513,284718,284722,0.9618661951356043,0.5430888196553305,1.771102921518527,3.528103950279128,872991
1513,284720,284722,1.024738625247996,0.5430888196553305,1.886871149176562,3.528103950279128,872991
1514,285072,285112,0.34091256091107436,0.4797671578941032,0.710579195140161,31.765763017626053,872995
1521,286053,286067,0.7262186658262164,0.6028788592296527,1.2045847266135108,20.308827407532085,872997
1522,286162,286175,0.6601008029574996,0.69695609282694,0.9471196388857857,13.725446182079327,872999
1522,286162,286171,0.44260320276859016,0.69695609282694,0.6350517734529544,13.725446182079327,872999
1524,287019,287020,0.895516896027666,0.5499200141716627,1.628449361634112,15.802873655787815,873002
1524,287012,287019,0.9376135867295792,0.5499200141716627,1.7049999319299083,15.802873655787815,873002
1524,287012,287020,1.0026752020445056,0.5499200141716627,1.823310983788837,15.802873655787815,873002
1525,287072,287090,0.7340226364362628,0.47926965935806376,1.5315441361746462,18.69057929696236,873006
1525,287061,287072,0.8476217780281959,0.47926965935806376,1.7685696590172324,18.69057929696236,873006
1525,287061,287090,0.870100934291551,0.47926965935806376,1.8154725994067071,18.69057929696236,873006
1528,288636,437202,0.5738788536282486,0.6542629685388264,0.8771379112436998,33.62719142217754,873012
1528,437202,437203,0.33021966963964433,0.6542629685388264,0.5047200980626002,33.62719142217754,873012
1528,288595,437202,0.610648902886832,0.6542629685388264,0.9333386302614709,33.62719142217754,873012
1529,288506,288546,0.7698953632098627,0.5042029338375356,1.5269553418702213,23.05912685767176,873016
1529,288506,288548,0.7822254678396899,0.5042029338375356,1.5514099886053794,23.05912685767176,873016
1529,288506,288547,0.8271316808553887,0.5042029338375356,1.640473756390135,23.05912685767176,873016
1531,289943,289945,0.9239145360758901,0.5244790700664959,1.7615851400109293,1.3088535398568157,873020
1531,289943,289964,0.9274712050764127,0.5244790700664959,1.7683664763949944,1.3088535398568157,873020
1531,289945,289964,0.9453633998736001,0.5244790700664959,1.8024806971872922,1.3088535398568157,873020
1532,290042,290043,0.851613941701776,0.4982292316882036,1.709281365961128,4.282425531698891,873024
1532,290042,290047,0.8676837189613378,0.4982292316882036,1.7415351484321218,4.282425531698891,873024
1532,290043,290047,0.9056077071254182,0.4982292316882036,1.8176526978492415,4.282425531698891,873024
1538,290994,291026,0.7769082453299766,0.506324325877196,1.53440829449385,16.26509242724154,873029
1538,291132,291142,0.860602310567338,0.506324325877196,1.69970563645419,16.26509242724154,873029
1538,290994,291142,1.000707744140599,0.506324325877196,1.9764164844477783,16.26509242724154,873029
1544,293452,293454,0.8587799763019164,0.48886111085160805,1.756695219232924,11.546087824758514,873033
1544,293452,293456,0.8804363402672706,0.48886111085160805,1.8009948443915467,11.546087824758514,873033
1544,293454,293456,0.8951999428435339,0.48886111085160805,1.8311948383132248,11.546087824758514,873033
1545,294232,294458,0.8614975534016782,0.5155702645550635,1.6709605123273539,4.747967359493215,873037
1545,294228,294453,0.8743329434885129,0.5155702645550635,1.695856032820398,4.747967359493215,873037
1545,294232,294453,0.9232663007608782,0.5155702645550635,1.7907671645059982,4.747967359493215,873037
1546,294379,437208,0.21763978049726065,0.4290010042525376,0.507317648070455,37.806229600049356,873041
1548,294443,294589,0.8975893284577362,0.5367850587749303,1.672157810253225,3.4256702737339855,873044
1548,294439,294589,0.9089440562724643,0.5367850587749303,1.693311021634783,3.4256702737339855,873044
1548,294439,294443,0.9794014188870367,0.5367850587749303,1.8245690763492206,3.4256702737339855,873044
1550,294840,294894,0.3756568840134132,0.4774977489630528,0.7867196962272597,9.47596839161252,873048
1556,295365,295423,0.14197961099616416,0.47766134601270793,0.2972390631591673,56.47386410608998,873050
1558,295459,295477,0.8417181935004557,0.5042872399733911,1.6691245123411595,6.836462794377027,873052
1558,295461,295479,0.900583050519238,0.5042872399733911,1.785853337408969,6.836462794377027,873052
1558,295461,295477,1.0563705957894147,0.5042872399733911,2.0947795463655883,6.836462794377027,873052
1559,295779,295783,0.9178053953679187,0.5427993198288671,1.690874254701135,13.263563111282895,873056
1559,295779,295786,0.9409040258649563,0.5427993198288671,1.7334288962661246,13.263563111282895,873056
1559,295783,295786,0.9760121991754864,0.5427993198288671,1.798108736545952,13.263563111282895,873056
1565,296512,296525,0.9810722472231705,0.5680629669534585,1.7270484159259583,12.641577911073322,873060
1565,296509,296525,0.9922045726991057,0.5680629669534585,1.7466454080263907,12.641577911073322,873060
1565,296509,296512,1.0259270710528736,0.5680629669534585,1.8060094227845134,12.641577911073322,873060
1570,296726,296740,0.8748941525930876,0.48490793287170814,1.8042479680870842,6.3628730666196285,873064
1570,296740,296743,0.8894914799914843,0.48490793287170814,1.8343512648344662,6.3628730666196285,873064
1570,296726,296743,0.8908561988473569,0.48490793287170814,1.837165652398288,6.3628730666196285,873064
1571,296752,319002,0.8512378022809064,0.4960095210488543,1.7161723034688763,2.254509116116585,873068
1571,296755,319005,0.8911269591254323,0.4960095210488543,1.7965924469374468,2.254509116116585,873068
1571,296755,319002,1.0577227098594195,0.4960095210488543,2.1324645293557567,2.254509116116585,873068
1579,297445,297667,0.7980321117073441,0.6495453450008619,1.2286010789689905,22.117648247119323,873072
1580,297513,320122,0.8443637380104735,0.5334483793259333,1.582840572273204,8.451638371608981,873074
1580,297544,320122,0.9393647127268397,0.5334483793259333,1.7609289841949156,8.451638371608981,873074
1580,297513,297544,0.9982512805867824,0.5334483793259333,1.8713174868919373,8.451638371608981,873074
1581,297716,297753,0.9018042828858915,0.5252507743351732,1.7169023387492084,2.0110443007684053,873078
1581,297597,297716,0.9158797289317526,0.5252507743351732,1.7436999118963907,2.0110443007684053,873078
1581,297597,297753,0.9187868542992467,0.5252507743351732,1.749234649795966,2.0110443007684053,873078
1585,298246,298249,0.8996048330182064,0.5590638051872528,1.6091273029504973,5.70333049620707,873083
1585,298249,298250,0.9541700872312803,0.5590638051872528,1.7067284241584741,5.70333049620707,873083
1585,298246,298250,1.0150259499249512,0.5590638051872528,1.8155815856921345,5.70333049620707,873083
1589,299526,299535,0.7594209306422144,0.4926631998496865,1.541460638574013,7.870618943173003,873087
1589,299524,299535,0.8277910447354806,0.4926631998496865,1.6802372188303145,7.870618943173003,873087
1589,299524,299533,0.878429564350659,0.4926631998496865,1.7830224880175165,7.870618943173003,873087
1590,299697,299716,0.8463566305978664,0.514413331684051,1.6452851791906757,11.019077753953468,873091
1590,299696,299715,0.9148746658602601,0.514413331684051,1.7784816401729062,11.019077753953468,873091
1590,299697,299715,0.9364212400031887,0.514413331684051,1.8203673628317472,11.019077753953468,873091
1591,324816,324817,0.8486250341085296,0.5492029508282691,1.5451938720079585,2.7544827773788287,873095
1591,300379,300380,0.856737822791717,0.5492029508282691,1.5599658040796127,2.7544827773788287,873095
1591,300380,324816,0.9517587299981345,0.5492029508282691,1.7329818213153427,2.7544827773788287,873095
1592,300835,300857,0.8072610429790866,0.5076884369928776,1.590071752984226,1.8301604646113387,873099
1592,300823,300857,0.8270558834979557,0.5076884369928776,1.6290618876347553,1.8301604646113387,873099
1592,300823,300835,0.9061952189473899,0.5076884369928776,1.7849435853117588,1.8301604646113387,873099
1595,301240,301245,0.9139001075493671,0.4993612601208607,1.830138179577998,4.16836147171643,873103
1595,301285,301289,0.9155410615118982,0.4993612601208607,1.8334242854367784,4.16836147171643,873103
1595,301245,301285,1.115251881393839,0.4993612601208607,2.233356830932207,4.16836147171643,873103
1596,301423,301472,0.8856459135570454,0.5501070459722788,1.6099519539723823,7.21446830755057,873107
1596,301423,301492,0.9765742444225843,0.5501070459722788,1.775244021273264,7.21446830755057,873107
1596,301472,301492,0.9802472867015147,0.5501070459722788,1.7819209804320737,7.21446830755057,873107
1597,301521,301525,0.9109190453562782,0.5383414150226228,1.6920842794864641,11.170200509067039,873111
1597,301521,301522,0.9117343514935444,0.5383414150226228,1.693598757315059,11.170200509067039,873111
1597,301522,301525,0.9515348798619137,0.5383414150226228,1.7675305174541087,11.170200509067039,873111
1598,301587,301616,0.8759009862937625,0.536674482563245,1.6320898696549093,5.514678230771256,873115
1598,301587,301636,0.8959087664970812,0.536674482563245,1.6693709047206315,5.514678230771256,873115
1598,301616,301636,0.9114721687494164,0.536674482563245,1.6983706107957217,5.514678230771256,873115
1603,303176,303183,0.8592936869713086,0.5243297612387225,1.638842099943436,11.600032638320801,873119
1603,303176,303187,0.9158299949790789,0.5243297612387225,1.74666796104696,11.600032638320801,873119
1603,303183,303187,0.9216097711579032,0.5243297612387225,1.757691131208367,11.600032638320801,873119
1607,303892,303939,0.13735141067254775,0.5430659678653992,0.25291846442233845,22.530090721950796,873125
1608,304126,304166,0.8998698790015732,0.5314385525406221,1.6932717332974991,4.552331986144618,873127
1608,304121,304160,0.9470199498883137,0.5314385525406221,1.781993318627228,4.552331986144618,873127
1608,304121,304166,1.0785158634849947,0.5314385525406221,2.0294272184977684,4.552331986144618,873127
1610,304836,304842,0.8869364386435515,0.5477896936959582,1.6191185209406864,8.193361938431092,873131
1610,304839,304845,0.9099575472659324,0.5477896936959582,1.6611439713777996,8.193361938431092,873131
1610,304839,304842,0.9463112792403147,0.5477896936959582,1.7275083670441407,8.193361938431092,873131
1611,305001,305024,0.8526624846797678,0.5216243251297887,1.6346294518907094,9.636493263778053,873135
1611,305020,305024,0.9248221604077477,0.5216243251297887,1.7729659370805542,9.636493263778053,873135
1611,305001,305020,0.9767775127187477,0.5216243251297887,1.8725689460047885,9.636493263778053,873135
1616,306110,306135,0.8994168683891893,0.5516320808441862,1.6304651227187024,4.008198042425263,873139
1616,306115,306135,0.9635920305002997,0.5516320808441862,1.7468020152592894,4.008198042425263,873139
1616,306110,306115,0.9785009830665997,0.5516320808441862,1.7738290013321156,4.008198042425263,873139
1617,306217,306226,0.841146324835728,0.5131641283847196,1.6391370290892973,8.85022047408697,873143
1617,306217,306229,0.8852530923234551,0.5131641283847196,1.7250876344571382,8.85022047408697,873143
1617,306217,306228,0.8972815966316902,0.5131641283847196,1.748527511960067,8.85022047408697,873143
1620,307059,307344,0.8757097291957734,0.5001785826813103,1.7507941353693135,7.405539606467614,873147
1620,307344,307346,0.8893292237830548,0.5001785826813103,1.7780233991939884,7.405539606467614,873147
1620,307059,307346,0.9367042396095265,0.5001785826813103,1.8727396015001891,7.405539606467614,873147
1622,307395,307396,0.9308116167550935,0.5665310658923449,1.6430018983848116,7.689507366853091,873151
1622,307396,332565,0.9611966806764484,0.5665310658923449,1.6966354336852902,7.689507366853091,873151
1622,307395,332565,0.9948273892497917,0.5665310658923449,1.7559979481139942,7.689507366853091,873151
1623,307475,307487,0.23950671700875834,0.4773827279383023,0.5017079651019812,30.189904767670384,873155
1626,307899,308322,0.6049657576337693,0.568265082509541,1.0645837237828386,20.712674842542484,873157
1626,307899,308265,0.6056124766801613,0.568265082509541,1.0657217825274232,20.712674842542484,873157
1628,308106,308154,0.7351452257501191,0.5943096604666799,1.2369733737339024,24.675188299669045,873160
1629,308091,308111,0.5362847745579631,0.5506686875674113,0.9738791884590545,16.724111417255376,873162
1630,308327,308328,0.8712738414200233,0.5735247389645377,1.5191565110043077,4.847839019010121,873164
1630,308329,308330,0.9100061242918446,0.5735247389645377,1.586690272393136,4.847839019010121,873164
1630,308328,308329,0.9768976211347966,0.5735247389645377,1.7033225504771128,4.847839019010121,873164
1631,308350,308355,0.9557800184330247,0.5497413290268229,1.7385995339389708,8.912783683462479,873168
1631,308344,308355,0.9877599629123371,0.5497413290268229,1.7967722467963518,8.912783683462479,873168
1631,308344,308350,1.0100059021184522,0.5497413290268229,1.8372384406797475,8.912783683462479,873168
1632,308653,308883,0.8973703229265847,0.5336517953030543,1.6815652656372666,4.048694733608205,873172
1632,308649,308653,0.9057284366647363,0.5336517953030543,1.697227376796108,4.048694733608205,873172
1632,308649,308883,0.9304135388121515,0.5336517953030543,1.7434843225511518,4.048694733608205,873172
1633,310059,310077,0.8731402798771463,0.5459586194811469,1.5992792287205528,8.71086193378237,873176
1633,310053,310059,1.0230609346515187,0.5459586194811469,1.873879994098797,8.71086193378237,873176
1633,310053,310077,1.0334821628873734,0.5459586194811469,1.8929679393459264,8.71086193378237,873176
1634,310200,310207,0.9205242017717574,0.5094492867932764,1.8069005603403396,5.741493156715854,873180
1634,310200,310202,0.9233204185917889,0.5094492867932764,1.8123892652860905,5.741493156715854,873180
1634,310202,310207,0.9470472817275957,0.5094492867932764,1.8589628178474362,5.741493156715854,873180
1637,312019,437221,0.38529035756591073,0.5703583288888148,0.6755233298977894,3.92008120359834,873185
1640,312309,312311,0.9467267461414658,0.5893512698200166,1.606387895678224,7.193542396392337,873187
1640,312308,312310,0.9502989786773498,0.5893512698200166,1.6124491917486896,7.193542396392337,873187
1640,312309,312310,1.012050715934392,0.5893512698200166,1.717228362371162,7.193542396392337,873187
1641,312361,312377,0.3956347631337055,0.5304972165358328,0.7457810348510698,7.7159445827843385,873191
1644,317277,317282,0.8109092026831386,0.4748961644511114,1.7075505413281105,30.92758374180584,873193
1644,312698,317282,0.8271126090942222,0.4748961644511114,1.7416704345258405,30.92758374180584,873193
1644,312698,317277,0.9294406717865457,0.4748961644511114,1.9571450379280286,30.92758374180584,873193
1648,314396,314410,0.113960439606363,0.5056294689067145,0.22538330262429387,28.911790241440645,873197
1650,314562,314573,0.2942717276816893,0.5094259227403766,0.577653618604057,10.80158731176114,873199
1653,314683,437223,0.4012192462132449,0.49588975629160836,0.8090896033297119,9.284354929395759,873201
1654,314782,314784,0.8209605610939879,0.5013943008034178,1.63735519087175,9.261862359577897,873203
1654,314780,314784,0.8700062475704058,0.5013943008034178,1.7351737867309944,9.261862359577897,873203
1654,314780,314782,0.9265131948922274,0.5013943008034178,1.8478734070323755,9.261862359577897,873203
1657,314970,314972,0.8167694320729075,0.5019203973391676,1.6272887820515967,13.441217295009556,873207
1657,314973,314975,0.8231840735542294,0.5019203973391676,1.6400689789021885,13.441217295009556,873207
1657,314970,314975,1.0000455796791539,0.5019203973391676,1.9924386117414215,13.441217295009556,873207
1662,315625,315665,0.8545796754952022,0.5218249886345618,1.6376748797165614,11.752268701830433,873211
1662,315625,315668,0.8633534976317687,0.5218249886345618,1.6544886052522523,11.752268701830433,873211
1662,315665,315668,0.9151938064320785,0.5218249886345618,1.7538328488768402,11.752268701830433,873211
1668,316932,317103,0.1285517794880562,0.5034342034855808,0.2553497132257088,17.4813297661971,873215
1670,317064,437228,0.10356591198237466,0.5132046752570993,0.2018023548411585,6.378148285968511,873218
1673,317871,317875,0.8395382921680158,0.5134101083940473,1.635219639118718,5.3451284148619305,873220
1673,317872,317876,0.865738701300468,0.5134101083940473,1.6862517647120518,5.3451284148619305,873220
1673,317872,317875,0.9178433427845086,0.5134101083940473,1.7877391344232259,5.3451284148619305,873220
1675,318782,318796,0.8444838783028613,0.568878590869871,1.4844711892067564,6.66188643031716,873224
1675,318796,318801,0.8743979360234363,0.568878590869871,1.5370554456732082,6.66188643031716,873224
1675,318578,318602,0.8802435076386562,0.568878590869871,1.547331050536948,6.66188643031716,873224
1675,318782,318801,1.0497750675733586,0.568878590869871,1.8453411403093052,6.66188643031716,873224
1675,318578,318798,1.1265683622067657,0.568878590869871,1.980331797131146,6.66188643031716,873224
1675,318779,318798,1.0266010126511647,0.568878590869871,1.8046047594819683,6.66188643031716,873224
1675,318779,318801,1.218809556393774,0.568878590869871,2.142477456446541,6.66188643031716,873224
1678,319253,319461,0.8758798216464679,0.5389098558324689,1.6252807629459145,5.194631753627661,873232
1678,319255,319463,0.9169364126696549,0.5389098558324689,1.7014652872756204,5.194631753627661,873232
1678,319253,319463,1.08548529820556,0.5389098558324689,2.014224246332962,5.194631753627661,873232
1679,319328,319340,0.8855936332475257,0.48476178680913035,1.826863538639894,7.7893435556890225,873236
1679,319340,319562,0.8913356362772411,0.48476178680913035,1.8387085379487529,7.7893435556890225,873236
1679,319328,319562,0.9023425495563313,0.48476178680913035,1.8614143567211885,7.7893435556890225,873236
1680,319650,319651,0.8085941735963377,0.531167838229833,1.522295055158185,16.465883667469416,873240
1680,319651,319654,0.9473763012648437,0.531167838229833,1.783572409847073,16.465883667469416,873240
1680,319650,319654,0.9653691567685538,0.531167838229833,1.81744655321327,16.465883667469416,873240
1682,320184,320203,0.8648367879271753,0.5725211427214723,1.510576157617838,2.7468261496709454,873244
1682,320205,320235,0.9069192500665296,0.5725211427214723,1.5840799271717725,2.7468261496709454,873244
1682,320186,320235,1.0078228351815128,0.5725211427214723,1.7603242220729864,2.7468261496709454,873244
1682,320186,320205,1.0001432458573778,0.5725211427214723,1.7469105876216364,2.7468261496709454,873244
1682,320184,320205,1.1213709121244253,0.5725211427214723,1.9586541499480743,2.7468261496709454,873244
1685,321095,321327,0.9427202331499589,0.5810377767999829,1.6224766629493728,5.703390221551738,873252
1685,321091,321095,0.9651110111529971,0.5810377767999829,1.661012501576516,5.703390221551738,873252
1685,321091,321327,1.0114468233877756,0.5810377767999829,1.7407591447121296,5.703390221551738,873252
1689,321228,321407,0.7322803614532073,0.44223654612155855,1.6558567306916416,31.251764519675834,873257
1689,321229,321408,0.7631534253844605,0.44223654612155855,1.7256679306071887,31.251764519675834,873257
1689,321228,321408,0.920722116638737,0.44223654612155855,2.081967500681538,31.251764519675834,873257
1690,321273,321466,0.6728177444243237,0.6457099713107003,1.0419813450589877,17.766084287895456,873261
1690,321270,321466,0.7230263097100127,0.6457099713107003,1.1197384922558515,17.766084287895456,873261
1691,321330,321332,0.9116410813725773,0.5430443246506435,1.6787599832832485,26.14920620680933,873264
1691,321330,321337,0.92467250770987,0.5430443246506435,1.7027569679597319,26.14920620680933,873264
1691,321332,321337,0.9938593116563459,0.5430443246506435,1.8301624131616236,26.14920620680933,873264
1695,321821,321868,0.9532875127690095,0.5493642913296604,1.7352556906487475,3.313258991827943,873268
1695,321821,321824,0.9611340465524645,0.5493642913296604,1.7495386244092648,3.313258991827943,873268
1695,321824,321868,1.0082151966719073,0.5493642913296604,1.835239771830932,3.313258991827943,873268
1696,321948,321962,0.5074783523000975,0.4284573311089935,1.1844314834958494,45.52344514810702,873272
1697,321983,326465,0.6045376400944771,0.5484929143259948,1.1021794891140058,3.5909418577533554,873274
1698,326466,437233,0.03826181426545295,0.3679101097130326,0.10399772459445844,40.69413850195755,873276
1699,322034,322264,0.36190378126228406,0.4990703179906922,0.7251558912967324,16.046678614209576,873278
1701,322098,322296,0.6228562713581738,0.5674659290558742,1.0976099876065788,9.802800992841307,873280
1703,322311,322313,0.7552984602620777,0.4874549570918194,1.5494733395844942,15.02904843403106,873282
1703,322308,322311,0.8518852492716871,0.4874549570918194,1.7476183940236796,15.02904843403106,873282
1703,322308,322313,0.9085518785883323,0.4874549570918194,1.8638683746469586,15.02904843403106,873282
1704,322517,322522,0.8467247069368663,0.5069424826417694,1.6702579403573161,6.293426397216493,873286
1704,322519,322524,0.9234519911828751,0.5069424826417694,1.82161097718739,6.293426397216493,873286
1704,322519,322522,1.0559042432867707,0.5069424826417694,2.0828876636739175,6.293426397216493,873286
1706,323264,323335,0.930845850951036,0.5494622973839405,1.6941032267052913,5.470797187500953,873290
1706,323263,323335,0.9656878877081772,0.5494622973839405,1.757514377794326,5.470797187500953,873290
1706,323263,323264,0.9785782990674524,0.5494622973839405,1.780974424863339,5.470797187500953,873290
1707,323592,323596,0.8131644305431138,0.505686369445259,1.6080410303231232,10.105694867758332,873294
1707,323592,323594,0.8523155385610843,0.505686369445259,1.685462749363958,10.105694867758332,873294
1707,323594,323596,0.9643995271340426,0.505686369445259,1.9071099903127602,10.105694867758332,873294
1715,326195,326200,0.33832007600285885,0.49640733203509585,0.6815372259226414,8.57447717904508,873299
1718,326920,326922,0.7448245855475957,0.48681620798480185,1.5299913464895332,26.502206614277217,873301
1718,326916,326920,0.835633509317765,0.48681620798480185,1.7165277071955112,26.502206614277217,873301
1718,326917,326920,0.9397307366278741,0.48681620798480185,1.9303604136722003,26.502206614277217,873301
1719,327167,327170,0.8408980821022412,0.5078147072783621,1.6559151793949463,4.4722485828428535,873305
1719,327165,327168,0.8913660232222915,0.5078147072783621,1.7552977699278867,4.4722485828428535,873305
1719,327165,327170,1.0363107919566201,0.5078147072783621,2.0407262277036797,4.4722485828428535,873305
1720,327618,327645,0.673602333378949,0.6047412857583753,1.1138686066955368,7.775846823824265,873309
1722,328532,328567,0.8720616342661475,0.5393934628689392,1.6167449075630331,6.0545529041860275,873311
1722,328534,328567,0.8811429461147073,0.5393934628689392,1.633581062380813,6.0545529041860275,873311
1722,328533,328567,0.9037746987627682,0.5393934628689392,1.6755388431215854,6.0545529041860275,873311
1723,328585,328588,0.877066245105321,0.5149140600496727,1.7033254928418782,3.4814342794119684,873315
1723,328584,328588,0.9201906842231988,0.5149140600496727,1.7870762436248684,3.4814342794119684,873315
1723,328584,328585,0.9623330078282809,0.5149140600496727,1.8689196557100165,3.4814342794119684,873315
1727,329512,329590,0.9110416868798152,0.5294396252741119,1.7207659634620904,10.384937272197389,873319
1727,329503,329512,0.9211446911277656,0.5294396252741119,1.7398484117067219,10.384937272197389,873319
1727,329503,329590,0.9576640575313151,0.5294396252741119,1.8088258071644985,10.384937272197389,873319
1728,329588,329593,0.9191943511067066,0.5169030733837671,1.7782721721684642,2.7197794472537984,873323
1728,329539,329544,0.9607143411801008,0.5169030733837671,1.85859668988045,2.7197794472537984,873323
1728,329544,329588,1.105393029924185,0.5169030733837671,2.138491889181518,2.7197794472537984,873323
1729,329888,329895,0.885974312063965,0.5014957963868559,1.7666634864084099,6.946055207597174,873327
1729,329888,329893,0.9025751816583125,0.5014957963868559,1.7997661957709856,6.946055207597174,873327
1729,329893,329895,0.9221163782977646,0.5014957963868559,1.8387320191741752,6.946055207597174,873327
1735,331577,331583,0.8155111892979153,0.48390504494069936,1.685271103957705,13.552048499436006,873333
1735,331579,331583,0.8393719775670911,0.48390504494069936,1.7345799270804314,13.552048499436006,873333
1735,331578,331583,0.8407371160072504,0.48390504494069936,1.737401014511596,13.552048499436006,873333
1736,331621,331630,0.7737787707891107,0.5045470161803312,1.533610835015924,14.940467421146534,873337
1736,331630,353054,0.7949377708456477,0.5045470161803312,1.5755474620853318,14.940467421146534,873337
1736,331630,353049,0.796799509066572,0.5045470161803312,1.5792373822735803,14.940467421146534,873337
1737,331719,331721,0.8198596798131642,0.49774990017848536,1.647131781481373,12.961223342009346,873341
1737,331721,331724,0.8336470294869187,0.49774990017848536,1.6748311334426904,12.961223342009346,873341
1737,331720,331721,0.8689678422808914,0.49774990017848536,1.7457920975359171,12.961223342009346,873341
1738,331798,331819,0.8771778705070412,0.5524281252618984,1.5878588189027911,3.9528943551864595,873345
1738,331806,331819,0.9311528879071614,0.5524281252618984,1.6855638685407535,3.9528943551864595,873345
1738,331798,331806,0.9852556590781102,0.5524281252618984,1.7835001768076424,3.9528943551864595,873345
1739,331923,331973,0.8287426268847115,0.5335508216424805,1.5532590210123074,4.373508512833493,873349
1739,331925,331975,0.8969289366807015,0.5335508216424805,1.681056237378849,4.373508512833493,873349
1739,331925,331973,0.9598981998680663,0.5335508216424805,1.7990754787203214,4.373508512833493,873349
1741,333924,333927,0.4771979409008304,0.5016708011481013,0.9512172919148109,56.99795350637781,873353
1741,333919,333924,0.02491424461524173,0.5016708011481013,0.04966253678353237,56.99795350637781,873353
1741,333919,333922,0.6430996970500344,0.5016708011481013,1.2819157415146853,56.99795350637781,873353
1741,333919,333921,0.7522823606218271,0.5016708011481013,1.4995538087929126,56.99795350637781,873353
1748,336694,336701,0.6306359261922649,0.565896220398894,1.1144020819713845,29.935300329010023,873359
1751,337801,337985,0.8434622029889148,0.5655075094209462,1.4915137092566313,23.47414809813691,873361
1751,337786,337801,0.9356247558776295,0.5655075094209462,1.654486881766904,23.47414809813691,873361
1751,337786,337985,0.990040560868924,0.5655075094209462,1.750711607495151,23.47414809813691,873361
1752,337837,362019,0.8587369064631035,0.5376466233610857,1.5972143581870362,13.258831838163191,873365
1752,337837,361990,0.8954787001975784,0.5376466233610857,1.6655525419271,13.258831838163191,873365
1752,337837,361992,1.056303626302703,0.5376466233610857,1.9646801084683558,13.258831838163191,873365
1755,338582,338601,0.8303626900937583,0.5377464916419651,1.5441526871859517,10.794653221875718,873369
1755,338597,338601,0.9355049911921068,0.5377464916419651,1.7396766054867576,10.794653221875718,873369
1755,338582,338597,0.9525791101464827,0.5377464916419651,1.771427847419069,10.794653221875718,873369
1758,338936,338937,0.6935122209179708,0.44713492517382325,1.551013311358688,20.873016148239703,873373
1758,338933,338936,0.05311231309500805,0.44713492517382325,0.11878363801342669,20.873016148239703,873373
1759,339416,339428,0.18678921567246748,0.4614089165618979,0.40482359349336444,24.92003009020065,873376
1760,339456,339463,0.6918808215465062,0.47490662724602506,1.4568775878296552,17.393609983411913,873378
1761,339750,339760,0.8586527099960618,0.5369878436076171,1.599017035893067,14.515771591208669,873380
1761,339752,339763,0.923810654667482,0.5369878436076171,1.720356737428344,14.515771591208669,873380
1761,339752,339760,1.0388007081836392,0.5369878436076171,1.9344957628923576,14.515771591208669,873380
1762,339809,339840,0.4550196372623625,0.5233697661748425,0.8694037498344025,6.343814839717516,873384
1764,339893,339904,0.9120824656656237,0.513263727162099,1.7770249822808337,8.314037036739695,873387
1764,339893,339898,0.9484825895188033,0.513263727162099,1.8479439308191232,8.314037036739695,873387
1764,339898,339904,0.9503886782415677,0.513263727162099,1.8516575942281928,8.314037036739695,873387
1768,340688,340701,0.9250974262820474,0.5818385176734454,1.5899556288936765,9.20155485706346,873391
1768,340686,340701,0.9596787550088928,0.5818385176734454,1.6493902102705218,9.20155485706346,873391
1768,340686,340688,0.9708199936496432,0.5818385176734454,1.6685385449069086,9.20155485706346,873391
1769,340824,340946,0.9526924483900211,0.5515748434717062,1.7272224425494322,4.879390164629318,873395
1769,340825,340947,0.9536217292973358,0.5515748434717062,1.7289072200883528,4.879390164629318,873395
1769,340824,340947,1.074124207100505,0.5515748434717062,1.9473770782216682,4.879390164629318,873395
1770,341151,341157,0.9441872415589581,0.5650955780193452,1.6708452132439713,3.2059070151360736,873399
1770,341147,341151,0.9819648987652635,0.5650955780193452,1.7376970143830206,3.2059070151360736,873399
1770,341151,341154,1.148487279372087,0.5650955780193452,2.0323770421236076,3.2059070151360736,873399
1775,342086,437254,0.4354326448405592,0.5353654417188661,0.8133372289450388,11.936502681189989,873404
1778,342498,342508,0.9092956567865912,0.5626276888166999,1.6161587402479107,21.825403275221092,873407
1778,342489,342508,0.9142913107791899,0.5626276888166999,1.6250378873142513,21.825403275221092,873407
1778,342489,342498,0.9484363139101787,0.5626276888166999,1.6857263386821557,21.825403275221092,873407
1780,347569,437259,0.17261956533844383,0.497744131506181,0.3468038182913267,29.976326261252233,873411
1782,343061,343102,0.8803273258057301,0.545341961878001,1.61426662047816,3.2894495656882716,873413
1782,342895,342933,0.9272757841477501,0.545341961878001,1.7003565633469295,3.2894495656882716,873413
1782,342895,343102,1.054734740655904,0.545341961878001,1.9340795581247785,3.2894495656882716,873413
1783,342963,347696,0.8277978079723723,0.5257815961024692,1.574413813851034,26.99741398922733,873417
1783,342963,342966,0.8340663209511481,0.5257815961024692,1.5863360892316163,26.99741398922733,873417
1783,342966,347696,0.9104986232463752,0.5257815961024692,1.7317050083071543,26.99741398922733,873417
1784,343331,343447,0.8943486737058806,0.5373946637488979,1.6642306558588613,1.8954762223599275,873421
1784,343333,343447,0.9081525921424806,0.5373946637488979,1.6899173985226292,1.8954762223599275,873421
1784,343331,343333,0.9166835611299541,0.5373946637488979,1.7057920797633417,1.8954762223599275,873421
1787,343391,343411,0.8708250278484472,0.5148921927366732,1.6912764266631743,1.8376162342741702,873426
1787,343393,343411,0.9194941781762621,0.5148921927366732,1.7857994181055896,1.8376162342741702,873426
1787,343391,343393,0.9400349806233465,0.5148921927366732,1.8256928224664308,1.8376162342741702,873426
1788,343550,343564,0.8814725249909152,0.527517207627165,1.6709834527595473,10.457080954824605,873430
1788,343515,343550,0.9049119944921548,0.527517207627165,1.7154170165605713,10.457080954824605,873430
1788,343515,343564,0.9668648982132281,0.527517207627165,1.8328594484382816,10.457080954824605,873430
1790,343642,343644,0.9351045759948641,0.539752724213961,1.7324684694396897,2.550000195018108,873434
1790,343645,343647,0.9726429807923825,0.539752724213961,1.802015880899605,2.550000195018108,873434
1790,343642,343647,1.028756669973206,0.539752724213961,1.9059777261363133,2.550000195018108,873434
1792,343922,344012,0.9226325599374333,0.5293737977196491,1.7428753820302418,2.7393327165417958,873438
1792,343990,344012,0.9399631393405244,0.5293737977196491,1.7756132687139896,2.7393327165417958,873438
1792,343922,343990,0.9854396045889263,0.5293737977196491,1.8615194194231826,2.7393327165417958,873438
1795,344765,437262,0.25629681507357294,0.48242054619291264,0.5312725942047329,7.78851257938596,873444
1796,345704,345714,0.6669242007408405,0.5586029224978224,1.1939146285856397,21.096859561795853,873446
1797,345740,348042,0.3227342104703631,0.4492875999728954,0.7183243216368156,8.029066420978195,873448
1797,345736,348042,0.5647686957197455,0.4492875999728954,1.257031566759948,8.029066420978195,873448
1800,347357,347367,0.8829560966387635,0.5782526867355429,1.5269381654296976,6.834503575784604,873452
1800,347357,347363,0.8857888978978631,0.5782526867355429,1.5318370639978856,6.834503575784604,873452
1800,347363,347367,0.9948455063927754,0.5782526867355429,1.720433867776833,6.834503575784604,873452
1806,348730,348732,0.8794314049869679,0.5154424950691378,1.7061678332691743,3.033073498686497,873457
1806,348386,348388,0.918679069652481,0.5154424950691378,1.7823114672166407,3.033073498686497,873457
1806,348388,348730,0.9970040592712983,0.5154424950691378,1.934268262335583,3.033073498686497,873457
1810,349651,349653,0.8826859129776113,0.49032952091342863,1.8001892101729202,2.952689727664832,873461
1810,349649,349651,0.8879969318042176,0.49032952091342863,1.8110207399913012,2.952689727664832,873461
1810,349649,349653,0.9375989739488184,0.49032952091342863,1.9121813677507673,2.952689727664832,873461
1814,350621,350639,0.8975149941260345,0.5227498713841339,1.7169109802927351,7.913062512122623,873467
1814,350542,350621,0.9192898976115289,0.5227498713841339,1.7585655165776297,7.913062512122623,873467
1814,350542,350639,0.9439635268442935,0.5227498713841339,1.805765201519558,7.913062512122623,873467
1815,350651,351381,0.8717495115428691,0.5308882255325049,1.6420584778810359,7.340768682919836,873471
1815,351366,351381,0.8784960650017527,0.5308882255325049,1.6547665266461342,7.340768682919836,873471
1815,350651,351366,0.8836258328954716,0.5308882255325049,1.6644291404450626,7.340768682919836,873471
1816,350761,350773,0.9431256937994663,0.5665414951896298,1.6647071782161131,8.196161852838339,873475
1816,350761,350767,0.9733826211081026,0.5665414951896298,1.7181135527986293,8.196161852838339,873475
1816,350767,350773,1.03889759795006,0.5665414951896298,1.8337537616769368,8.196161852838339,873475
1819,351372,351421,0.875131814046049,0.5371747471271757,1.629138038834246,9.31879027423736,873479
1819,351372,351411,0.9009703412672813,0.5371747471271757,1.6772388242107317,9.31879027423736,873479
1819,351411,351421,0.9600528811196468,0.5371747471271757,1.7872263844382748,9.31879027423736,873479
1823,352250,352251,0.8811533209417302,0.5462936567935065,1.6129664146453695,5.712298983076991,873483
1823,352252,352253,0.9273074300790668,0.5462936567935065,1.6974523107625608,5.712298983076991,873483
1823,352250,352253,0.9974997637779977,0.5462936567935065,1.8259405932568655,5.712298983076991,873483
1824,352588,352592,0.9482557967119672,0.5587515924609792,1.6970972602251497,1.8559740020041005,873487
1824,352585,352592,0.9614359361379726,0.5587515924609792,1.7206858094191744,1.8559740020041005,873487
1824,352585,352588,0.9831602901763384,0.5587515924609792,1.7595659742929468,1.8559740020041005,873487
1829,353727,375038,0.8835348273502001,0.49268138274653434,1.793318883747521,9.47342671484228,873493
1829,353726,375038,0.8992830107269578,0.49268138274653434,1.8252831185009573,9.47342671484228,873493
1829,353726,353727,0.9094808842254772,0.49268138274653434,1.8459818375020074,9.47342671484228,873493
1830,375128,375131,0.8665379265893746,0.5148559515097867,1.6830686797895604,9.492389472706094,873497
1830,353858,375128,0.9159896072359143,0.5148559515097867,1.7791182262724656,9.492389472706094,873497
1830,353845,353858,0.9199508130197709,0.5148559515097867,1.7868120399930618,9.492389472706094,873497
1839,356135,356354,0.8105670886896683,0.495448578571682,1.6360266710754012,10.3016371438079,873501
1839,356135,356139,0.88712667691259,0.495448578571682,1.7905524716007224,10.3016371438079,873501
1839,356139,356354,0.8877199449928789,0.495448578571682,1.791749907835173,10.3016371438079,873501
1846,359453,359456,0.7923473227498001,0.47875232365759474,1.6550255395031555,6.334355697921777,873505
1846,359452,359453,0.832469325717248,0.47875232365759474,1.738830883069787,6.334355697921777,873505
1846,359452,359456,0.9023956897262422,0.47875232365759474,1.884890464514254,6.334355697921777,873505
1852,360691,360696,0.6318625327748565,0.4690731125866618,1.3470448759906681,8.933370055175406,873509
1858,361450,361453,0.9120221131176666,0.5563379584069457,1.639331092433833,9.498991827827926,873511
1858,361422,361450,0.9275354080797309,0.5563379584069457,1.6672157526976878,9.498991827827926,873511
1858,361422,361453,1.0000878810396052,0.5563379584069457,1.7976265432316034,9.498991827827926,873511
1860,361563,361567,0.9188221730365216,0.570650800612169,1.610130349507702,5.258978611076671,873515
1860,361558,361562,0.9396208616128688,0.570650800612169,1.646577662915543,5.258978611076671,873515
1860,361562,361563,1.0743452515854202,0.570650800612169,1.8826666858837489,5.258978611076671,873515
1862,362362,362366,0.8736071588150963,0.5392857116818369,1.6199338122470033,20.52024342312645,873519
1862,362388,362392,0.8962382722699089,0.5392857116818369,1.6618987910413316,20.52024342312645,873519
1862,362362,362392,1.0879851894364063,0.5392857116818369,2.017455990152927,20.52024342312645,873519
1863,362473,362494,0.7711505710384929,0.5220780667358312,1.4770790427185116,17.5025868650404,873523
1863,362473,362478,0.8956769850080025,0.5220780667358312,1.715599719804376,17.5025868650404,873523
1863,362478,362494,0.9250547357746135,0.5220780667358312,1.7718705203578036,17.5025868650404,873523
1864,363973,366045,0.1266336788619255,0.5079558548216194,0.24930055960551117,49.315154005119766,873527
1867,364819,364869,0.8890756007916506,0.502820221496223,1.768177894966241,5.685787451645671,873529
1867,364819,364834,0.9016816277979083,0.502820221496223,1.7932485394378306,5.685787451645671,873529
1867,364834,364869,0.9205218395001006,0.502820221496223,1.8307176206257951,5.685787451645671,873529
1868,364839,364842,0.8907806861371333,0.488071905141621,1.825101335998147,3.9137622006027484,873533
1868,364842,364852,0.915939981044636,0.488071905141621,1.8766496727134152,3.9137622006027484,873533
1868,364839,364852,0.9416030597503259,0.488071905141621,1.9292302011874793,3.9137622006027484,873533
1871,365559,365561,0.8894562668365267,0.4998951136936143,1.7792857790998022,8.205826886642363,873537
1871,365548,365550,0.8920384596841546,0.4998951136936143,1.784451248369043,8.205826886642363,873537
1871,365550,365559,1.088184126641857,0.4998951136936143,2.176824891528756,8.205826886642363,873537
1872,365684,365889,0.13972043535428733,0.5006926995817108,0.27905426915753456,20.494004424736655,873541
1874,366411,366424,0.8619180400277292,0.5274128920692068,1.6342377158172097,4.584791748163595,873543
1874,366412,366425,0.8873271555938332,0.5274128920692068,1.682414610899194,4.584791748163595,873543
1874,366412,366424,0.9873511462313777,0.5274128920692068,1.8720648681106147,4.584791748163595,873543
1876,366585,366593,0.8551265584213673,0.5577879283229628,1.5330675244126897,7.3216417864147045,873547
1876,366581,366585,0.9335115096048413,0.5577879283229628,1.6735957560277859,7.3216417864147045,873547
1876,366581,366593,0.9691989958021865,0.5577879283229628,1.7375761406600647,7.3216417864147045,873547
1884,367623,367638,0.9192440137630494,0.5399723377965102,1.7023909363843535,2.251517667285506,873551
1884,367623,367624,0.9193008676079067,0.5399723377965102,1.7024962266758699,2.251517667285506,873551
1884,367624,367638,1.028612062147014,0.5399723377965102,1.9049347348875654,2.251517667285506,873551
1885,367830,367849,0.858667834636436,0.49082442477245947,1.7494399041663513,2.624383018129402,873555
1885,367677,367694,0.886134775481474,0.49082442477245947,1.8054007314168927,2.624383018129402,873555
1885,367694,367830,1.0738441022526437,0.49082442477245947,2.1878375403800767,2.624383018129402,873555
1886,367836,367840,0.8707699957912164,0.5167491754492372,1.6850921823614144,4.884325221383415,873559
1886,367838,367840,0.8972235363935976,0.5167491754492372,1.736284408414574,4.884325221383415,873559
1886,367836,367838,0.9043828075678941,0.5167491754492372,1.7501388498233534,4.884325221383415,873559
1887,368781,368785,0.8731037416445151,0.5012381238857296,1.741894121851677,4.072928230755622,873563
1887,368783,368785,0.8941249104232696,0.5012381238857296,1.7838326093230465,4.072928230755622,873563
1887,368781,368783,0.9117165751124423,0.5012381238857296,1.8189290312647728,4.072928230755622,873563
1891,369199,369206,0.1730835090206213,0.423541110885264,0.4086581079670188,34.210415654415044,873567
1897,370844,370849,0.3908151683690845,0.5834919668623698,0.6697867161233213,9.403322822012653,873569
1898,371018,371024,0.8665028804453836,0.5358169101022825,1.6171622509636288,16.622284539332437,873571
1898,371021,371027,0.8752080736113547,0.5358169101022825,1.633408832588515,16.622284539332437,873571
1898,371021,371024,0.9343742747526772,0.5358169101022825,1.7438312549230925,16.622284539332437,873571
1900,390867,390918,0.8851913259745926,0.5435539309298036,1.6285252954759868,5.721983582626968,873575
1900,371516,390867,0.897428821724429,0.5435539309298036,1.6510391529857704,5.721983582626968,873575
1900,371516,390918,0.9922798893381015,0.5435539309298036,1.8255408210197412,5.721983582626968,873575
1902,371954,371961,0.05244021117655493,0.5062170989277394,0.10359233476631453,32.82139845693801,873579
1904,372645,372739,0.37202382149593394,0.49117551856445885,0.7574152363766719,8.065914440067223,873581
1905,373224,373226,0.8697222666334957,0.4863107338225016,1.7884085341841032,8.871635235355775,873583
1905,373221,373223,0.9226595159663734,0.4863107338225016,1.8972633170443953,8.871635235355775,873583
1905,373223,373224,1.1110058449126519,0.4863107338225016,2.2845595781526744,8.871635235355775,873583
1906,373299,373304,0.8698614848190042,0.48884237660035473,1.7794314209591235,6.990504345575533,873587
1906,373298,373299,0.9017775830213808,0.48884237660035473,1.8447205606289214,6.990504345575533,873587
1906,373298,373304,0.9064008053653996,0.48884237660035473,1.8541780515612154,6.990504345575533,873587
1907,373369,373460,0.9197410509116435,0.623330558423055,1.4755269711763666,14.826939179763079,873591
1907,373369,373373,1.0185865491873218,0.623330558423055,1.6341033427981022,14.826939179763079,873591
1907,373373,373460,1.0532078991169282,0.623330558423055,1.6896458626726194,14.826939179763079,873591
1908,373445,373448,0.9061735910758707,0.5367726822568202,1.6881887268665243,4.517461415312392,873595
1908,373440,373443,0.9244088481366207,0.5367726822568202,1.7221607557411707,4.517461415312392,873595
1908,373440,373448,1.0873263056806686,0.5367726822568202,2.0256737006605614,4.517461415312392,873595
1909,373958,373960,0.8695299606486251,0.504700190347254,1.7228643406105186,8.234359260330251,873599
1909,373960,373963,0.9033163310571151,0.504700190347254,1.7898077875413463,8.234359260330251,873599
1909,373958,373963,0.9297424051907237,0.504700190347254,1.842167732393807,8.234359260330251,873599
1914,375084,375086,0.9006627034543934,0.5209370322091847,1.728928157852153,11.818422556251459,873604
1914,375082,375086,0.9119534118816722,0.5209370322091847,1.7506020027300977,11.818422556251459,873604
1914,375082,375084,0.949189113648635,0.5209370322091847,1.8220803186583283,11.818422556251459,873604
1918,376086,376131,0.8782006503576102,0.5329603849729942,1.6477784749463316,8.832000651491601,873609
1918,376089,376134,0.8829698542580253,0.5329603849729942,1.656726989760724,8.832000651491601,873609
1918,376086,376134,0.9315005436353619,0.5329603849729942,1.7477857077173986,8.832000651491601,873609
1919,376151,376409,0.8983981391901519,0.5349308152337721,1.6794660423470642,9.909084429999846,873613
1919,376145,376409,0.9073248841647011,0.5349308152337721,1.6961537049761992,9.909084429999846,873613
1919,376145,376151,0.9436853440011574,0.5349308152337721,1.7641259712973425,9.909084429999846,873613
1923,402913,402916,0.7433481436558506,0.48847796124404014,1.5217639333465836,23.07831489463999,873618
1923,376917,402913,0.8748879554690621,0.48847796124404014,1.7910489825189355,23.07831489463999,873618
1923,376917,402916,0.934000578928521,0.48847796124404014,1.9120628831438742,23.07831489463999,873618
1925,378036,378037,0.8829461753244632,0.5689380857327767,1.5519196156243482,5.382978539335353,873622
1925,378000,378001,0.8867540825431227,0.5689380857327767,1.558612623728657,5.382978539335353,873622
1925,378000,378037,0.9270213803279339,0.5689380857327767,1.6293888624699044,5.382978539335353,873622
1927,379342,379350,0.06363812150180724,0.4124917250634661,0.15427732881675596,21.796750982174057,873626
1932,381164,381166,0.9189568561598934,0.5568567919117741,1.6502570670009693,5.961917018806751,873629
1932,381163,381165,0.9235158074996943,0.5568567919117741,1.658444003761046,5.961917018806751,873629
1932,381164,381165,1.0335759959008344,0.5568567919117741,1.8560894127777643,5.961917018806751,873629
1934,381316,381401,0.24562657365217583,0.4934881641720432,0.4977354909094513,25.237079324199627,873633
1936,381845,381851,0.8683069472535955,0.5105559423238641,1.7007087280218096,6.522035241200283,873635
1936,381847,381853,0.8922253297518766,0.5105559423238641,1.7475564493301023,6.522035241200283,873635
1936,381847,381851,0.9607407833030657,0.5105559423238641,1.881754189227775,6.522035241200283,873635
1940,382583,382586,0.6146041903252446,0.5854312731708317,1.0498314977203143,54.22192423591442,873639
1942,383196,383213,0.38915101736823976,0.49090265973676506,0.7927254205078311,12.454801378393157,873641
1942,383198,383213,0.6166284849361451,0.49090265973676506,1.2561115176413946,12.454801378393157,873641
1946,383880,437291,0.46510700600493704,0.5896966281539916,0.7887225122194194,4.416417372768456,873645
1947,384120,384130,0.6983788976962895,0.5850715167041532,1.1936641551624725,30.583373631064788,873647
1948,384141,384143,0.1790114423526677,0.5360763348846586,0.3339290147758221,27.629469901697522,873649
1950,384269,384373,0.6353540384349663,0.40401295091637296,1.5726080983143507,14.786136794760242,873652
1952,385566,385573,0.9083124672846019,0.5527776836362426,1.6431786126198253,5.715644585948996,873654
1952,385562,385566,0.9454664483054356,0.5527776836362426,1.710391856064152,5.715644585948996,873654
1952,385562,385573,1.0957805770028386,0.5527776836362426,1.9823169593147345,5.715644585948996,873654
1953,385812,385814,0.8619688864720829,0.5191118963040918,1.6604683741771697,3.093388301151212,873658
1953,385809,385811,0.9166743056277604,0.5191118963040918,1.7658510855832505,3.093388301151212,873658
1953,385809,385814,0.9401836942285391,0.5191118963040918,1.8111387947807434,3.093388301151212,873658
1955,386455,386464,0.3014408454675809,0.4835054438533497,0.6234487104534232,5.405441654263791,873662
1957,387418,387422,0.8215511615008219,0.5056262097062864,1.6248191761618793,4.602310097924762,873664
1957,387420,387424,0.8418184333825861,0.5056262097062864,1.6649026834894314,4.602310097924762,873664
1957,387420,387422,0.9421429208812643,0.5056262097062864,1.8633189949321387,4.602310097924762,873664
1958,387427,387428,0.9101506119351217,0.5358590827046913,1.6984887283075132,5.401083509685419,873668
1958,387429,387430,0.9116078355509426,0.5358590827046913,1.701208144032382,5.401083509685419,873668
1958,387427,387430,1.0243111874282664,0.5358590827046913,1.9115308865498097,5.401083509685419,873668
1959,387442,387447,0.12779755414832322,0.4685279422399927,0.2727639968223322,22.98043077597404,873672
1960,387711,387722,0.8844687141327583,0.5164909901069761,1.7124571988168975,2.7552649704647614,873674
1960,387709,387714,0.8996369680595088,0.5164909901069761,1.7418250952899974,2.7552649704647614,873674
1960,387711,387714,1.103219407887059,0.5164909901069761,2.1359896474836066,2.7552649704647614,873674
1961,387834,387847,0.8519049283322546,0.5258296691539913,1.620115749084464,1.6500153594126046,873678
1961,387833,387846,0.8732327130336449,0.5258296691539913,1.6606760026276022,1.6500153594126046,873678
1961,387833,387847,0.9855645248856973,0.5258296691539913,1.8743037578525656,1.6500153594126046,873678
1962,388150,388151,0.8413176681793482,0.5248796983987062,1.6028771368868435,13.790886917395294,873682
1962,388148,388149,0.8454243931087096,0.5248796983987062,1.6107012629520927,13.790886917395294,873682
1962,388148,388151,0.9682965861540503,0.5248796983987062,1.8447971775401346,13.790886917395294,873682
1966,388946,392677,0.9054142674856667,0.537596963929294,1.6841878363077007,6.3429240283873645,873687
1966,388947,392678,0.9065644318024352,0.537596963929294,1.686327290943683,6.3429240283873645,873687
1966,388947,392677,1.0163366948606565,0.537596963929294,1.8905179215155081,6.3429240283873645,873687
1967,388973,388975,0.8085611916229679,0.5230547975805897,1.5458441359547779,6.041239741334723,873691
1967,388971,388975,0.8466309010474538,0.5230547975805897,1.6186275414422695,6.041239741334723,873691
1967,388971,388973,0.9021363988720992,0.5230547975805897,1.724745481821343,6.041239741334723,873691
1973,389642,389667,0.8539863525113848,0.5350959864764674,1.595949837214751,5.516559998049963,873695
1973,389642,389937,0.8647024902728111,0.5350959864764674,1.6159764082080985,5.516559998049963,873695
1973,389667,389937,0.8967206480828118,0.5350959864764674,1.675812696685678,5.516559998049963,873695
1975,389776,389779,0.9241483155297887,0.5474886579517103,1.6879770970731243,5.355950180129623,873700
1975,389775,389779,0.9558768138053512,0.5474886579517103,1.7459298926511488,5.355950180129623,873700
1975,389775,389776,0.9583941937054611,0.5474886579517103,1.750527942060114,5.355950180129623,873700
1978,390121,390123,0.7852440718373682,0.5047045512081203,1.5558490010793748,13.413236036802301,873704
1978,390112,390123,0.9031699437741733,0.5047045512081203,1.7895022773466955,13.413236036802301,873704
1978,390112,390121,0.9048999048341633,0.5047045512081203,1.792929948160935,13.413236036802301,873704
1981,391452,391456,0.8285755801994605,0.4991667954240581,1.659917261715213,7.0012187396886585,873708
1981,391449,391452,0.8720047054847663,0.4991667954240581,1.7469204952704644,7.0012187396886585,873708
1981,391449,391456,0.9686901116176831,0.4991667954240581,1.940614080299051,7.0012187396886585,873708
1982,391779,391789,0.8169940757642077,0.5051827306231186,1.6172248698139084,2.180698273405768,873712
1982,391778,391788,0.8181096518049212,0.5051827306231186,1.6194331322367699,2.180698273405768,873712
1982,391779,391788,0.8721833757480283,0.5051827306231186,1.726471082398704,2.180698273405768,873712
1983,391887,391889,0.7596091611820053,0.4876895821609469,1.5575669215983368,19.40228252473803,873716
1983,391911,391913,0.7667794908834161,0.4876895821609469,1.57226957255438,19.40228252473803,873716
1983,391889,391911,0.8280878763070144,0.4876895821609469,1.697981475506954,19.40228252473803,873716
1986,392191,392200,0.38730433357581895,0.5240954483893695,0.7389957969794779,3.7817037132748648,873720
1987,392240,392242,0.7893289283001742,0.49089069203514696,1.607952526106687,8.61721983127001,873722
1987,392243,392245,0.8303814314967182,0.49089069203514696,1.6915811299132644,8.61721983127001,873722
1987,392242,392243,0.9457508891053513,0.49089069203514696,1.9266017963885882,8.61721983127001,873722
1988,392262,392265,0.8455008395052956,0.4880615719628471,1.7323651114447052,15.718378853262106,873726
1988,392262,392300,0.8885144434167919,0.4880615719628471,1.8204966226770023,15.718378853262106,873726
1988,392265,392300,0.9125812868140176,0.4880615719628471,1.8698077030401532,15.718378853262106,873726
1989,392416,392583,0.7968132627576907,0.5003080949571885,1.5926451536345303,20.591264270091752,873730
1989,392579,392583,0.7988469672278693,0.5003080949571885,1.5967100578219244,20.591264270091752,873730
1989,392416,392579,0.9531526022795628,0.5003080949571885,1.9051312818776684,20.591264270091752,873730
1991,393101,393258,0.8639388302218721,0.5215863847774036,1.6563676802847789,2.0789315843105154,873734
1991,393102,393259,0.92268218957496,0.5215863847774036,1.768992091250103,2.0789315843105154,873734
1991,393102,393258,1.0061311133326434,0.5215863847774036,1.9289827010381566,2.0789315843105154,873734
1993,393248,393324,0.7708172087873505,0.5246713312992971,1.4691429906766533,19.908924277949183,873738
1993,393248,393253,0.847711903084011,0.5246713312992971,1.615700825476276,19.908924277949183,873738
1993,393253,393324,0.9110132645472461,0.5246713312992971,1.7363503782286163,19.908924277949183,873738
1995,393419,393434,0.8954640905685045,0.587671567375103,1.5237492168766804,27.46001363291247,873742
1995,393434,393479,0.9215300508809738,0.587671567375103,1.568103856031499,27.46001363291247,873742
1995,393419,393479,0.9379299701672007,0.587671567375103,1.5960104627088967,27.46001363291247,873742
1996,393462,395357,0.681060145931252,0.42279408830957677,1.6108554134573625,17.062703473064172,873746
1997,394393,394403,0.8159737561391138,0.5109540762622329,1.596961046104539,6.51655828792539,873748
1997,394393,394400,0.9218154542817185,0.5109540762622329,1.8041062731606872,6.51655828792539,873748
1997,394400,394403,0.9455156681494441,0.5109540762622329,1.8504905080044505,6.51655828792539,873748
2001,394735,394764,0.8997859912380707,0.5467458487910093,1.6457116102988634,11.52808889552879,873754
2001,394729,394749,0.9221044007502257,0.5467458487910093,1.6865320565107669,11.52808889552879,873754
2001,394735,394749,1.0730939916493212,0.5467458487910093,1.962692527107793,11.52808889552879,873754
2002,395044,395046,0.850673134425924,0.510788126577085,1.6654128985465866,7.766108120356906,873758
2002,395044,395099,0.9114755815092107,0.510788126577085,1.7844494303679872,7.766108120356906,873758
2002,395046,395099,0.9276621871366583,0.510788126577085,1.8161389015699079,7.766108120356906,873758
2003,395193,413292,0.8867145945490046,0.5356928628460063,1.6552667695404883,3.0033719793115483,873762
2003,395204,413388,0.9065630674414024,0.5356928628460063,1.69231873395709,3.0033719793115483,873762
2003,395190,395193,0.9336291251725234,0.5356928628460063,1.7428440621970924,3.0033719793115483,873762
2003,395190,413292,1.0601263271740997,0.5356928628460063,1.9789816155882791,3.0033719793115483,873762
2003,395190,413388,1.1332145801747588,0.5356928628460063,2.1154184772114837,3.0033719793115483,873762
2004,395418,395420,0.8809637620537161,0.5542483138973957,1.5894748616534413,1.7507898561752961,873768
2004,395351,395400,0.9215093578830158,0.5542483138973957,1.6626290685542955,1.7507898561752961,873768
2004,395351,395420,1.0091553414599783,0.5542483138973957,1.820763935867916,1.7507898561752961,873768
2006,395888,418644,0.8827953580267003,0.5191302526923065,1.700527668053169,3.3268007328826585,873772
2006,415528,418644,0.8970368599814458,0.5191302526923065,1.7279610566505132,3.3268007328826585,873772
2006,395888,415528,0.9845170177704192,0.5191302526923065,1.896473982520822,3.3268007328826585,873772
2008,396237,396242,0.8951378765610422,0.5322306872271366,1.681860700713467,3.125916725962417,873776
2008,396140,396237,0.9433724732832723,0.5322306872271366,1.7724879378867444,3.125916725962417,873776
2008,396140,396242,0.9738210858692739,0.5322306872271366,1.829697364770105,3.125916725962417,873776
2009,396752,396855,0.8710020551847946,0.5265546801464782,1.6541530975329992,3.840038522652539,873780
2009,396749,396855,0.8902561285325077,0.5265546801464782,1.6907192398040298,3.840038522652539,873780
2009,396749,396752,0.8911699545563172,0.5265546801464782,1.6924547215275145,3.840038522652539,873780
2010,396814,396826,0.8517812836316087,0.5669875505128128,1.502292744983931,4.87724482502435,873784
2010,396811,396823,0.9157434238428968,0.5669875505128128,1.6151032293648269,4.87724482502435,873784
2010,396814,396823,0.9414671190829751,0.5669875505128128,1.6604722947293353,4.87724482502435,873784
2011,397075,397083,0.7393190897763722,0.47590122843030264,1.5535137242972006,8.176995374660768,873788
2011,397083,397085,0.7906743201249681,0.47590122843030264,1.6614252556836278,8.176995374660768,873788
2011,397076,397083,0.8159762296998286,0.47590122843030264,1.7145915600832098,8.176995374660768,873788
2013,397678,397688,0.12766552700686082,0.6018713214173066,0.21211432155669055,51.86356004014544,873792
2018,397944,397956,0.8179516847779886,0.4993596760896364,1.6380010720592588,20.07916795886763,873794
2018,397946,397956,0.8249244714894095,0.4993596760896364,1.651964527751202,20.07916795886763,873794
2018,397942,397956,0.9229964967058538,0.4993596760896364,1.8483600917351075,20.07916795886763,873794
2021,398584,398590,0.8584436675260936,0.5155090327147019,1.6652349678636607,8.806513079080318,873798
2021,398581,398587,0.869265952559078,0.5155090327147019,1.686228363412898,8.806513079080318,873798
2021,398584,398587,1.096340287066474,0.5155090327147019,2.12671401952567,8.806513079080318,873798
2024,398946,398957,0.9116854197798152,0.5604403593067644,1.626730489052435,1.12828904827129,873802
2024,398946,398965,0.9246173093832399,0.5604403593067644,1.64980500427725,1.12828904827129,873802
2024,398957,398965,1.0265598864921968,0.5604403593067644,1.8317022845428157,1.12828904827129,873802
2026,399394,399397,0.9187626027608348,0.5308437926904698,1.7307588699573566,6.199471682958859,873806
2026,399405,399408,0.9287965543521541,0.5308437926904698,1.749660761115327,6.199471682958859,873806
2026,399394,399408,1.1098625345160003,0.5308437926904698,2.0907516482219677,6.199471682958859,873806
2027,400151,401580,0.969650149389417,0.6028913520749702,1.6083331533155578,9.833641985544716,873810
2027,400148,401577,0.9913599009364342,0.6028913520749702,1.6443425461726602,9.833641985544716,873810
2027,400148,401580,1.0139745215527494,0.6028913520749702,1.6818528215124582,9.833641985544716,873810
2030,401814,401849,0.8166509587158065,0.5119628398354599,1.59513717631981,2.995433749692033,873814
2030,401813,401848,0.875456050777943,0.5119628398354599,1.709999208261495,2.995433749692033,873814
2030,401814,401848,0.949653272229605,0.5119628398354599,1.8549261749833539,2.995433749692033,873814
2031,401820,401833,0.9031530687873841,0.5222084503310342,1.7294876561550554,5.796661269908495,873818
2031,401824,401836,0.9684697707901415,0.5222084503310342,1.8545654904209552,5.796661269908495,873818
2031,401820,401836,1.1852975213391461,0.5222084503310342,2.269778515816379,5.796661269908495,873818
2032,401845,401857,0.961314920743682,0.5852719454534596,1.6425098250675079,2.7894166301450176,873822
2032,401846,401858,0.9737249299496239,0.5852719454534596,1.6637136591182358,2.7894166301450176,873822
2032,401846,401857,1.090728624045344,0.5852719454534596,1.8636270412726932,2.7894166301450176,873822
2033,401890,401919,0.31104538842289986,0.513848801964789,0.6053247321655018,9.591223019068906,873826
2037,402965,403017,0.9085016278889714,0.6136233672480471,1.4805525284400138,6.63946527209668,873828
2037,402965,403019,1.0120577067999819,0.6136233672480471,1.649314157214737,6.63946527209668,873828
2037,403017,403019,1.0500802614611957,0.6136233672480471,1.7112781512388495,6.63946527209668,873828
2040,403325,432994,0.8070217380854705,0.5739439760104709,1.4060984552798015,11.843532613714913,873832
2040,403330,432997,0.9191420026117673,0.5739439760104709,1.6014489933334517,11.843532613714913,873832
2040,403325,432997,1.0527456396341766,0.5739439760104709,1.8342306629854244,11.843532613714913,873832
2043,403796,403802,0.8674340608490786,0.5274491093989031,1.6445834212093609,8.311737110788403,873836
2043,403795,403801,0.9375961246650929,0.5274491093989031,1.7776049062507766,8.311737110788403,873836
2043,403795,403802,0.9981460904975354,0.5274491093989031,1.892402646456362,8.311737110788403,873836
2044,404038,404050,0.7816448393162478,0.48459106213842523,1.6129988775834418,11.720637780947982,873840
2044,404046,404050,0.9090588820180091,0.48459106213842523,1.8759299397856681,11.720637780947982,873840
2044,404038,404046,0.9504520898050729,0.48459106213842523,1.9613487826434006,11.720637780947982,873840
2053,406633,406715,0.8679249044109595,0.5092209442469222,1.704417138015637,12.83909496198715,873845
2053,406715,406723,0.8912305661627345,0.5092209442469222,1.7501844262921267,12.83909496198715,873845
2053,406633,406723,1.0774220837255597,0.5092209442469222,2.1158243703407367,12.83909496198715,873845
2060,409587,409681,0.7468746286714331,0.4957811059397704,1.506460451444002,17.531774149235872,873849
2060,409587,409590,0.8642066755866176,0.4957811059397704,1.743121440556884,17.531774149235872,873849
2060,409590,409681,0.8750842110455852,0.4957811059397704,1.7650616382139706,17.531774149235872,873849
2061,409692,409845,0.8278044914468587,0.5120018820224109,1.6167997042843387,10.200217295232562,873853
2061,409718,409859,0.8952732378397817,0.5120018820224109,1.7485741152033396,10.200217295232562,873853
2061,409718,409845,1.0836629738947217,0.5120018820224109,2.116521465925566,10.200217295232562,873853
2062,409790,409808,0.7389323809712497,0.5617584023857959,1.3153917731056506,13.370379286044594,873857
2063,410120,410127,0.27044782947951646,0.47314213884368106,0.5715995411874915,16.593703146283733,873859
2064,410346,410353,0.10949441847026675,0.4834724963816459,0.22647496866881445,22.593281610622952,873861
2068,411865,412065,0.8134132105475068,0.52683569091429,1.5439599567293545,18.30345141585261,873863
2068,411891,412164,0.8521387363666297,0.52683569091429,1.6174658457322755,18.30345141585261,873863
2068,411891,412065,0.980100653201273,0.52683569091429,1.8603535601401082,18.30345141585261,873863
2071,412292,412294,0.9293335546371785,0.5655702935149872,1.6431795751884761,4.617788332571275,873867
2071,412295,412297,0.9331609372544546,0.5655702935149872,1.6499468730136309,4.617788332571275,873867
2071,412292,412297,1.0515763137386658,0.5655702935149872,1.8593202751212032,4.617788332571275,873867
2074,412675,412676,0.8049063462248066,0.6114391257357651,1.3164128894372535,3.840807414200181,873871
2076,413535,437317,0.5137344339360458,0.4469062616459313,1.1495350994725158,12.109360679523435,873873
2078,414025,414054,0.8760213500901132,0.5081941445230868,1.7237926873640246,11.90525090377156,873875
2078,414024,414053,0.8765867356557996,0.5081941445230868,1.724905225892419,11.90525090377156,873875
2078,414025,414053,0.9771908079425293,0.5081941445230868,1.9228690815782048,11.90525090377156,873875
2079,414729,414733,0.8524967414530142,0.4949790405751388,1.7222885649106663,10.81563189437084,873879
2079,414728,414732,0.8645267696870108,0.4949790405751388,1.746592681343593,10.81563189437084,873879
2079,414729,414732,0.9600432967616679,0.4949790405751388,1.9395635331268768,10.81563189437084,873879
2085,416058,416124,0.2957584658234716,0.4797839485025946,0.616440935021969,9.565951451290193,873884
2089,417281,417355,0.7985117529650412,0.5322263066709841,1.500323721237386,29.763430323495484,873886
2089,417250,417355,0.8216339610752256,0.5322263066709841,1.5437680377252563,29.763430323495484,873886
2089,417249,417355,0.9652649194571347,0.5322263066709841,1.8136362433769173,29.763430323495484,873886
2091,417445,417464,0.8531676915247701,0.5662959111927878,1.506575757765485,9.769051020937711,873890
2091,417447,417466,0.8842423121081601,0.5662959111927878,1.5614492258043724,9.769051020937711,873890
2091,417445,417466,1.0136499950633382,0.5662959111927878,1.7899652373055097,9.769051020937711,873890
2094,418383,418387,0.05192252708369542,0.37262014388682463,0.1393443911595552,19.049551899738184,873894
2098,419429,419441,0.887396033598002,0.5104224339976755,1.7385521765723237,5.508504955931566,873898
2098,419427,419432,0.9360157120335695,0.5104224339976755,1.8338059804750513,5.508504955931566,873898
2098,419429,419432,1.1277054483182873,0.5104224339976755,2.2093571387252604,5.508504955931566,873898
2101,419863,419874,0.7387328778378303,0.4532098948955479,1.6300016530047017,10.786105800496498,873902
2101,419874,419876,0.7955873237998193,0.4532098948955479,1.7554500304614482,10.786105800496498,873902
2101,419865,419874,0.8998880239516266,0.4532098948955479,1.985587768685027,10.786105800496498,873902
2102,420328,420332,0.9114065252132134,0.5252183347460136,1.7352907637048764,15.038209457297876,873906
2102,420330,420332,0.913655014270963,0.5252183347460136,1.7395718196181984,15.038209457297876,873906
2102,420328,420330,0.9286594667220279,0.5252183347460136,1.7681398482996817,15.038209457297876,873906
2103,420448,420468,0.8805359517711049,0.5420696954394358,1.6243961969821739,12.2958498824068,873910
2103,420457,420468,0.8928639427239067,0.5420696954394358,1.647138643306918,12.2958498824068,873910
2103,420448,420457,1.0066499052481295,0.5420696954394358,1.8570488513143601,12.2958498824068,873910
2104,420771,420777,0.9108058718826814,0.5386593537264592,1.6908754402605337,3.007958198139351,873914
2104,420771,420785,0.9523396762815919,0.5386593537264592,1.7679813219491716,3.007958198139351,873914
2104,420777,420785,0.9678019277582518,0.5386593537264592,1.796686386420236,3.007958198139351,873914
2106,421254,421265,0.18465558619009273,0.5196998450759631,0.3553119900643844,37.24546596972241,873918
2108,421435,421478,0.8571203416954026,0.5297914566487669,1.6178447782400598,17.92467029073673,873920
2108,421475,421478,0.8996772874253819,0.5297914566487669,1.6981725094556144,17.92467029073673,873920
2108,421435,421475,0.9242105551736937,0.5297914566487669,1.7444799148326258,17.92467029073673,873920
2110,421685,421696,0.7301247618036347,0.4314389379632003,1.692301499837993,12.376293875121474,873924
2110,421684,421695,0.7654873165103065,0.4314389379632003,1.7742657167758904,12.376293875121474,873924
2110,421685,421695,0.9621282478745916,0.4314389379632003,2.230045003394331,12.376293875121474,873924
2115,422836,422841,0.8919975965176934,0.5342434862374992,1.669646180994622,3.1466592744027344,873929
2115,422830,422841,0.9485506908429484,0.5342434862374992,1.775502585016578,3.1466592744027344,873929
2115,422830,422836,0.9741111938077525,0.5342434862374992,1.823346880030483,3.1466592744027344,873929
2116,422871,422876,0.9146135874003198,0.5432874364849637,1.6834800990757555,5.7006488096640116,873933
2116,422873,422876,0.9614625900247077,0.5432874364849637,1.7697125415697286,5.7006488096640116,873933
2116,422871,422873,0.989041670859178,0.5432874364849637,1.8204758741674882,5.7006488096640116,873933
2117,423063,423072,0.33382032642135756,0.49159121560691127,0.6790608046346555,7.91392691450092,873937
2118,423162,423187,0.34931638597420644,0.49818403137864514,0.7011794115671047,8.021197404874485,873939
2120,423283,423285,0.7340464192042628,0.48040708128644166,1.5279675254549157,5.235824510958785,873941
2120,423277,423283,0.8385220990789364,0.48040708128644166,1.7454407558554894,5.235824510958785,873941
2120,423277,423285,0.9074865865427101,0.48040708128644166,1.8889950250371583,5.235824510958785,873941
2132,425455,437325,0.13724918986401144,0.5201427407888701,0.26386831748503037,12.731639194360447,873945
2133,425536,425548,0.90092463810598,0.5371453062344604,1.6772456682563512,3.665441518729077,873947
2133,425544,425548,0.923858929325882,0.5371453062344604,1.719942292342444,3.665441518729077,873947
2133,425536,425544,0.9471290299433067,0.5371453062344604,1.7632640906479242,3.665441518729077,873947
2134,425832,425843,0.2237707209989985,0.4535336783377526,0.4933938353137106,15.585588910865306,873951
2135,425886,425899,0.16008179000076794,0.48598637217532364,0.32939563569288133,36.10118176583942,873953
2139,426104,426139,0.7997716431495686,0.4740344105070227,1.6871594665335379,22.739151151688088,873955
2139,426139,426149,0.8330837792424955,0.4740344105070227,1.7574331330745314,22.739151151688088,873955
2139,426110,426139,0.9146068755749387,0.4740344105070227,1.9294103029286076,22.739151151688088,873955
2140,426137,426322,0.7463655193382857,0.47328518242445355,1.576988984770132,16.338492430325314,873959
2140,426136,426322,0.8631502738207584,0.47328518242445355,1.8237424408665819,16.338492430325314,873959
2140,426136,426137,0.8673465337462422,0.47328518242445355,1.8326086806757134,16.338492430325314,873959
2143,426704,426710,0.8859505909798753,0.5449299083452931,1.625806507244406,9.702661692781406,873963
2143,426707,426713,0.9374857287853732,0.5449299083452931,1.7203785558992264,9.702661692781406,873963
2143,426707,426710,0.9631300326614083,0.5449299083452931,1.7674383767739978,9.702661692781406,873963
2144,426748,426750,0.9180775335786939,0.5468085503119171,1.6789743559331562,3.637218981514178,873967
2144,426748,426757,0.9546217306242301,0.5468085503119171,1.7458061511285499,3.637218981514178,873967
2144,426750,426757,0.9766846857719597,0.5468085503119171,1.7861547432183118,3.637218981514178,873967
2147,427094,427102,0.8017030079799575,0.4914680603213387,1.6312413210652519,14.689909253478321,873972
2147,427101,427102,0.8313630328964177,0.4914680603213387,1.6915911734993396,14.689909253478321,873972
2147,427095,427102,0.9321525382275223,0.4914680603213387,1.8966696179972486,14.689909253478321,873972
2148,427108,427115,0.9546835823917486,0.5413826205082926,1.7634174911182348,4.917121423191199,873976
2148,427108,427125,0.9704950346961583,0.5413826205082926,1.7926231798593413,4.917121423191199,873976
2148,427115,427125,1.0012775302116588,0.5413826205082926,1.8494822188262725,4.917121423191199,873976
2149,427312,427316,0.8059703656778934,0.49203640979280794,1.6380299295681802,4.9563083081581505,873980
2149,427312,427318,0.8164795578745401,0.49203640979280794,1.6593884956976095,4.9563083081581505,873980
2149,427316,427318,0.978065623762804,0.49203640979280794,1.9877911558916108,4.9563083081581505,873980
2158,428998,429159,0.8815167360406442,0.5185864121027348,1.6998454172108366,6.20284228758799,873985
2158,429159,429228,0.9011470086281314,0.5185864121027348,1.7376988436203167,6.20284228758799,873985
2158,428998,429228,0.9336645832766431,0.5185864121027348,1.8004030986675352,6.20284228758799,873985
2161,430160,430194,0.7755688686204949,0.44821643486703033,1.730344557424759,15.651300326918173,873989
2161,430159,430193,0.8101413565540787,0.44821643486703033,1.8074780251965068,15.651300326918173,873989
2161,430160,430193,0.9676890481358352,0.44821643486703033,2.15897716562516,15.651300326918173,873989
2171,432232,432239,0.8479823494029347,0.5268488880457156,1.6095361851259211,10.565627152551931,873993
2171,432240,432244,0.8940460997855105,0.5268488880457156,1.6969687515178593,10.565627152551931,873993
2171,432239,432240,1.0046298420176967,0.5268488880457156,1.906865260253758,10.565627152551931,873993
2172,432256,432296,0.6270287621364021,0.5532276134847238,1.1334010574541145,20.939467225999056,873997
2173,432661,432721,0.12357862030267887,0.5517070550439704,0.22399318473973437,41.0704531481821,873999
2175,433555,437307,0.3537903656484761,0.4418885759814817,0.8006325233972613,14.750267918888161,874001
2185,435281,435291,0.8762897942565164,0.5247278759651526,1.6699890255396137,15.446914618254617,874004
2185,435274,435291,0.8898395653621304,0.5247278759651526,1.6958114979605639,15.446914618254617,874004
2185,435274,435281,0.9203191218735817,0.5247278759651526,1.75389790409134,15.446914618254617,874004
2186,435687,435689,0.8535792007944965,0.4781723637393966,1.785086854705171,11.175578657023458,874008
2186,435690,435692,0.884664438882021,0.4781723637393966,1.8500952919231488,11.175578657023458,874008
2186,435687,435692,1.0373344980152368,0.4781723637393966,2.1693735913616767,11.175578657023458,874008
